# Blender 4.1.1
# www.blender.org
mtllib coveredbody.mtl
o dead_body
v -1.673546 0.147904 2.022041
v 1.673966 0.147904 2.021208
v -1.667309 0.141560 -3.366501
v 1.668591 0.147904 -3.364854
v -1.594458 0.147904 -0.678255
v -0.000128 0.147904 1.947617
v 1.593026 0.147904 -0.677255
v -0.000012 0.146864 -3.307201
v -0.005086 0.531326 -0.663565
v -1.626879 0.170642 0.666983
v 0.825206 0.147905 1.986011
v 1.596145 0.173737 -2.017286
v -0.821568 0.165991 -3.354474
v -1.599004 0.148018 -2.018987
v -0.824906 0.175823 1.985131
v 1.623393 0.173185 0.666644
v 0.821865 0.157246 -3.355361
v 0.001465 0.564785 -2.044351
v 0.008177 0.427350 0.660526
v -0.792414 0.282385 -0.657343
v 0.797317 0.289171 -0.656870
v 0.821647 0.326869 0.663013
v -0.813764 0.296046 0.665181
v -0.747468 0.153589 -2.008600
v 0.743978 0.147231 -2.007929
v -1.662168 0.147904 1.340712
v 1.246835 0.181177 2.015678
v 1.636659 0.147904 -2.686647
v -1.242844 0.157265 -3.367693
v -1.582622 0.147904 -1.348733
v -0.412186 0.158524 1.956560
v 1.607379 0.182509 -0.005318
v 0.406147 0.199872 -3.332455
v 0.002020 0.355739 -2.683224
v 0.000803 0.399914 0.005617
v -1.168315 0.148911 -0.674489
v 0.391058 0.418332 -0.662605
v -1.611490 0.172141 -0.006067
v 0.412093 0.148049 1.958493
v 1.582397 0.147904 -1.347686
v -0.406460 0.147899 -3.333165
v -1.636542 0.177913 -2.688828
v -1.246381 0.168155 2.016195
v 1.661901 0.147904 1.339882
v 1.243102 0.148758 -3.365777
v -0.000533 0.578818 -1.350508
v 0.001611 0.149415 1.263732
v -0.381711 0.387168 -0.666399
v 1.166063 0.147903 -0.672712
v 0.750483 0.149145 0.009454
v 0.823915 0.173493 1.313839
v 0.415996 0.526876 0.671487
v 1.198138 0.148873 0.672224
v -0.754258 0.144840 0.005804
v -0.821954 0.147361 1.308954
v -1.201575 0.147931 0.671211
v -0.418833 0.504985 0.670600
v -0.791418 0.148223 -2.679808
v -0.764130 0.234895 -1.339177
v -1.173166 0.155533 -2.020375
v -0.376904 0.371011 -2.023214
v 0.790827 0.148186 -2.680526
v 0.745859 0.198716 -1.329592
v 0.375675 0.359145 -2.021752
v 1.170466 0.147904 -2.018433
v 1.156566 0.147904 -1.345498
v 0.388462 0.417541 -1.344556
v 0.386079 0.242411 -2.682841
v -0.389630 0.416837 -1.349539
v -1.156615 0.147905 -1.347542
v -1.213291 0.163666 -2.692173
v -0.417656 0.190052 1.281852
v -1.238520 0.170909 1.340581
v -1.184189 0.147904 -0.001523
v 1.238543 0.181396 1.340213
v 0.416582 0.207018 1.286643
v 0.379978 0.358396 0.017210
v 1.180211 0.147904 0.000069
v -0.379394 0.334052 0.014417
v -0.386612 0.240721 -2.678520
v 1.213391 0.184354 -2.690127
v -1.673791 0.147904 1.681044
v 1.460733 0.147904 2.021271
v 1.658327 0.147904 -3.024476
v -1.455149 0.147904 -3.369840
v -1.583924 0.147904 -1.013498
v -0.206204 0.147904 1.949610
v 1.602599 0.147904 -0.341408
v 0.202119 0.159835 -3.318738
v 0.001430 0.159994 -2.967091
v -0.005190 0.496547 -0.322250
v -1.381686 0.151082 -0.676609
v 0.211532 0.535784 -0.661016
v -1.618498 0.191745 0.330648
v 0.618123 0.147904 1.969502
v 1.586335 0.186321 -1.682640
v -0.613080 0.147904 -3.345562
v -1.613503 0.147904 -2.353811
v -1.034181 0.148182 2.002920
v 1.641590 0.152016 1.002471
v 1.031884 0.148770 -3.361070
v 0.000770 0.566648 -1.696410
v 0.003410 0.258298 0.946977
v -0.582705 0.316073 -0.664773
v 0.951509 0.147664 -0.668385
v 0.752508 0.176445 -0.333251
v 0.819415 0.262799 0.992863
v 0.219238 0.430235 0.671172
v 1.011874 0.223077 0.665220
v -0.750926 0.153828 -0.337832
v -0.815622 0.250119 0.991424
v -1.414553 0.195623 0.670828
v -0.620998 0.402980 0.667108
v -0.815644 0.160687 -3.015749
v -0.763431 0.219324 -1.678427
v -1.386169 0.197747 -2.021588
v -0.560614 0.258026 -2.010610
v 0.813999 0.169119 -3.016679
v 0.736965 0.164478 -1.669616
v 0.195988 0.478631 -2.035456
v 0.957433 0.147899 -2.012974
v -1.643314 0.153218 1.003191
v 1.034674 0.163055 2.002814
v 1.612947 0.147906 -2.351422
v -1.032240 0.170173 -3.362164
v -1.589525 0.166663 -1.683888
v -0.618023 0.187339 1.968308
v 1.615265 0.189520 0.330760
v 0.612845 0.194778 -3.347744
v 0.006404 0.558497 -2.398817
v 0.006627 0.337914 0.340045
v -0.954207 0.147344 -0.671561
v 0.600196 0.365980 -0.657218
v -1.605131 0.167944 -0.342238
v 0.205906 0.147904 1.952094
v 1.583768 0.147904 -1.012544
v -0.202033 0.146961 -3.319603
v -1.658166 0.147904 -3.026657
v -1.460308 0.176141 2.021863
v 1.673981 0.147904 1.680230
v 1.455612 0.147904 -3.367726
v -0.003369 0.570306 -1.005461
v -0.000059 0.147906 1.606465
v -0.221317 0.532602 -0.661767
v 1.379987 0.147904 -0.675446
v 0.778662 0.219996 0.343334
v 0.832249 0.180140 1.647468
v 0.630040 0.437897 0.666595
v 1.410886 0.188726 0.671122
v -0.775032 0.191316 0.343634
v -0.832281 0.148112 1.646422
v -0.998636 0.185728 0.670702
v -0.206480 0.446545 0.659332
v -0.761720 0.144872 -2.345135
v -0.790304 0.285448 -1.000882
v -0.959888 0.147943 -2.015695
v -0.193422 0.484818 -2.036819
v 0.762497 0.145015 -2.345366
v 0.788791 0.281815 -0.999282
v 0.553007 0.236567 -2.009248
v 1.383197 0.177954 -2.020054
v 1.160071 0.147867 -1.682010
v 1.157601 0.147906 -1.009023
v 0.943475 0.148078 -1.338008
v 1.369622 0.147904 -1.347968
v 0.398538 0.418130 -1.686573
v 0.390905 0.425965 -1.002674
v 0.199997 0.518156 -1.348481
v 0.583883 0.334058 -1.339241
v 0.404826 0.152293 -2.994673
v 0.377005 0.320136 -2.357505
v 0.200721 0.318096 -2.678897
v 0.580562 0.157569 -2.676208
v -0.401397 0.435230 -1.689912
v -0.381917 0.397660 -1.007769
v -0.594571 0.357303 -1.346764
v -0.199787 0.514560 -1.350259
v -1.163276 0.147905 -1.683773
v -1.157894 0.147905 -1.010897
v -1.369809 0.147904 -1.349198
v -0.942841 0.147792 -1.341079
v -1.235454 0.194370 -3.028792
v -1.188345 0.198585 -2.356772
v -1.424692 0.178938 -2.693633
v -1.002276 0.181144 -2.686862
v -0.417991 0.336570 0.970088
v -0.416655 0.159477 1.615944
v -0.623674 0.214912 1.302471
v -0.210977 0.147289 1.266493
v -1.218907 0.151001 1.006102
v -1.250229 0.186934 1.677202
v -1.450156 0.204526 1.343783
v -1.027505 0.148727 1.328535
v -1.178195 0.161241 -0.338163
v -1.192622 0.147905 0.334816
v -1.398314 0.160895 -0.003390
v -0.969095 0.147898 0.000851
v 1.217519 0.149745 1.006165
v 1.250392 0.213930 1.676721
v 1.028007 0.151167 1.328108
v 1.449954 0.191204 1.343399
v 0.417413 0.360721 0.976871
v 0.416615 0.154415 1.617820
v 0.212174 0.160333 1.270757
v 0.622689 0.223392 1.305889
v 0.377624 0.374632 -0.324561
v 0.400266 0.400424 0.355816
v 0.208664 0.414824 0.008394
v 0.561547 0.248716 0.014457
v 1.175095 0.147904 -0.336409
v 1.189224 0.147881 0.336376
v 0.965058 0.147852 0.004300
v 1.394253 0.150410 -0.002275
v -0.384747 0.364758 -0.325322
v -0.391351 0.362763 0.354319
v -0.556759 0.217058 0.011532
v -0.207885 0.405066 0.008817
v -0.399906 0.146621 -2.995474
v -0.378388 0.328018 -2.356825
v -0.582032 0.158709 -2.673976
v -0.199383 0.324141 -2.683747
v 1.235094 0.187035 -3.026830
v 1.188111 0.150342 -2.354551
v 1.002218 0.147903 -2.685538
v 1.424808 0.159464 -2.691533
v 1.400509 0.196502 -2.355883
v 0.975480 0.147900 -2.349843
v 1.024408 0.153740 -3.022178
v -0.200287 0.457133 -2.376213
v -0.559885 0.208721 -2.343903
v -0.606968 0.148083 -3.007340
v -0.197852 0.379217 0.343281
v -0.585979 0.285189 0.348153
v -0.554087 0.234476 -0.332116
v 1.402504 0.167611 0.334513
v 0.975980 0.147526 0.342771
v 0.959945 0.147901 -0.333205
v 0.592160 0.318355 0.350268
v 0.210204 0.384247 0.342999
v 0.210074 0.501979 -0.320277
v 0.624409 0.192864 1.629985
v 0.208156 0.147865 1.611110
v 0.216008 0.293081 0.957717
v 1.461724 0.156645 1.681418
v 1.040614 0.148615 1.664374
v 1.010727 0.172825 0.995801
v -0.979041 0.148499 0.339120
v -1.405726 0.168744 0.333758
v -1.392006 0.208519 -0.340215
v -1.040481 0.147878 1.664625
v -1.461547 0.199047 1.681951
v -1.431169 0.209448 1.007215
v -0.208397 0.147928 1.608593
v -0.624569 0.155599 1.629227
v -0.622306 0.320891 0.979922
v -0.975210 0.147936 -2.352013
v -1.401018 0.147979 -2.357879
v -1.446254 0.162342 -3.030565
v -0.944418 0.147063 -1.004849
v -1.371179 0.147904 -1.012761
v -1.376546 0.149446 -1.685306
v -0.215259 0.533694 -1.006848
v -0.591262 0.353290 -1.004027
v -0.611259 0.374932 -1.690475
v 0.560672 0.205695 -2.345214
v 0.200093 0.448830 -2.375350
v 0.203910 0.171863 -2.983816
v 0.599547 0.374832 -0.998855
v 0.208994 0.538448 -1.005121
v 0.203129 0.508749 -1.692471
v 1.370880 0.147904 -1.011633
v 0.944297 0.146561 -1.002422
v 0.946739 0.147874 -1.675386
v 1.373386 0.149007 -1.684040
v 0.591522 0.323183 -1.681453
v 0.604300 0.180709 -3.009915
v -0.199862 0.509893 -1.693831
v -0.949833 0.148405 -1.678422
v -1.025047 0.183941 -3.023010
v -0.212516 0.275641 0.951158
v -1.010113 0.164631 0.996001
v -0.963576 0.147895 -0.336697
v 1.429489 0.207303 1.007156
v 0.624415 0.341136 0.988191
v 0.564501 0.273706 -0.327150
v 1.389341 0.147904 -0.339027
v -0.221207 0.503882 -0.318228
v -0.199076 0.178936 -2.988688
v 1.446341 0.147904 -3.028462
v -1.674637 0.147904 1.851733
v 1.567531 0.147904 2.021393
v 1.665068 0.147904 -3.194550
v -1.561801 0.147926 -3.369085
v -1.588746 0.147904 -0.845921
v -0.103170 0.147904 1.947766
v 1.598223 0.147904 -0.509379
v 0.100884 0.148448 -3.312364
v 0.000297 0.144803 -3.137413
v -0.005378 0.515128 -0.492666
v -1.488123 0.148252 -0.677365
v 0.102956 0.534770 -0.662777
v -1.620433 0.182329 0.498877
v 0.721417 0.147905 1.977444
v 1.590657 0.193002 -1.850023
v -0.717146 0.151746 -3.350382
v -1.604994 0.147904 -2.186470
v -0.929170 0.156557 1.994244
v 1.631820 0.161873 0.834503
v 0.926742 0.148671 -3.358320
v 0.001206 0.562645 -1.869930
v 0.003487 0.357001 0.808619
v -0.689962 0.316316 -0.657136
v 0.867091 0.207238 -0.664867
v 0.774040 0.234614 -0.494598
v 0.819960 0.305605 0.829974
v 0.113792 0.410510 0.669907
v 0.918220 0.277030 0.663397
v -0.772068 0.221033 -0.495452
v -0.821317 0.297696 0.829546
v -1.520621 0.202480 0.669200
v -0.716562 0.346483 0.665619
v -0.821726 0.181719 -3.184732
v -0.750363 0.180603 -1.842053
v -1.492619 0.167959 -2.020776
v -0.651527 0.201035 -2.007403
v 0.821474 0.179851 -3.185552
v 0.739267 0.150749 -1.838664
v 0.102155 0.530614 -2.041465
v 0.850692 0.148236 -2.010129
v -1.652935 0.148661 1.171646
v 1.140439 0.186209 2.010004
v 1.624263 0.147904 -2.518899
v -1.137788 0.175570 -3.365430
v -1.585100 0.147904 -1.516327
v -0.515075 0.172507 1.961586
v 1.611518 0.195474 0.162715
v 0.508986 0.205356 -3.341283
v 0.002037 0.461824 -2.545315
v 0.004313 0.353252 0.170127
v -1.061284 0.147820 -0.672944
v 0.494117 0.386797 -0.660710
v -1.608408 0.189618 -0.174307
v 0.308999 0.147903 1.955281
v 1.583331 0.147904 -1.180138
v -0.303979 0.147671 -3.326528
v -1.648351 0.152211 -2.857296
v -1.353262 0.187694 2.019984
v 1.669559 0.147904 1.509724
v 1.349217 0.147904 -3.367251
v -0.001873 0.574829 -1.177853
v 0.000419 0.147865 1.435259
v -0.299753 0.456723 -0.664433
v 1.273168 0.147904 -0.674267
v 0.761880 0.174050 0.179282
v 0.829711 0.182551 1.478859
v 0.547461 0.526723 0.675949
v 1.304613 0.153866 0.672046
v -0.761322 0.151906 0.177392
v -0.830187 0.145305 1.477586
v -1.095347 0.146672 0.670903
v -0.313062 0.467968 0.664337
v -0.776180 0.150285 -2.512311
v -0.783995 0.265765 -1.171865
v -1.066586 0.147902 -2.018319
v -0.285737 0.429113 -2.030255
v 0.776625 0.149083 -2.512798
v 0.765387 0.239219 -1.164058
v 0.464259 0.297584 -2.014836
v 1.276793 0.148766 -2.019593
v 1.164292 0.147802 -1.850544
v 1.157168 0.147905 -1.177212
v 0.837325 0.145987 -1.331511
v 1.263131 0.147904 -1.347270
v 0.390353 0.394544 -1.855360
v 0.385802 0.416575 -1.173176
v 0.105231 0.565857 -1.350124
v 0.488445 0.380291 -1.342351
v 0.408662 0.198549 -3.163206
v 0.390561 0.301297 -2.524713
v 0.105929 0.361154 -2.691024
v 0.481350 0.195296 -2.677322
v -0.390919 0.407389 -1.857455
v -0.382843 0.401925 -1.178934
v -0.688482 0.308604 -1.344121
v -0.290319 0.457306 -1.349992
v -1.168248 0.147904 -1.851979
v -1.156754 0.147905 -1.179236
v -1.476252 0.147904 -1.349204
v -1.049793 0.147887 -1.345109
v -1.241835 0.186098 -3.198065
v -1.200231 0.187204 -2.524490
v -1.530552 0.195312 -2.692294
v -1.107740 0.195453 -2.689885
v -0.421222 0.425934 0.821600
v -0.417152 0.145847 1.445559
v -0.724568 0.183405 1.303054
v -0.314460 0.169470 1.273512
v -1.209892 0.148220 0.838796
v -1.246355 0.183063 1.508505
v -1.556108 0.164909 1.343164
v -1.132917 0.148098 1.335784
v -1.174024 0.159973 -0.506404
v -1.188538 0.147905 0.166679
v -1.505005 0.174288 -0.004555
v -1.076741 0.147905 -0.000612
v 1.207107 0.148319 0.839335
v 1.246334 0.201307 1.508083
v 0.924141 0.151473 1.320471
v 1.344173 0.210690 1.342727
v 0.423919 0.452072 0.826111
v 0.417508 0.146903 1.447045
v 0.107758 0.147049 1.265711
v 0.518524 0.228788 1.299396
v 0.380359 0.389115 -0.494841
v 0.388529 0.371334 0.187522
v 0.106272 0.391276 0.001353
v 0.471697 0.305267 0.016146
v 1.171296 0.147905 -0.504588
v 1.185054 0.147905 0.168205
v 0.857179 0.147771 0.006710
v 1.287366 0.147904 -0.001147
v -0.381533 0.374103 -0.496060
v -0.381981 0.336316 0.185468
v -0.650436 0.165902 0.009010
v -0.306565 0.409882 0.017993
v -0.407633 0.148291 -3.163589
v -0.390809 0.304843 -2.522944
v -0.686323 0.146043 -2.676808
v -0.289485 0.280444 -2.680892
v 1.241400 0.169140 -3.196008
v 1.200403 0.166318 -2.522317
v 0.896592 0.147928 -2.682956
v 1.319053 0.190030 -2.691400
v -1.669549 0.147904 1.510543
v 1.353691 0.154510 2.019442
v 1.648497 0.147904 -2.855123
v -1.348691 0.147904 -3.369260
v -1.583020 0.147904 -1.181120
v -0.309217 0.149931 1.952596
v 1.604206 0.152877 -0.173361
v 0.303953 0.180619 -3.324984
v 0.001827 0.255192 -2.823786
v -0.003260 0.456595 -0.155971
v -1.275096 0.151375 -0.675716
v 0.296519 0.469144 -0.662649
v -1.615110 0.176691 0.162417
v 0.515099 0.148281 1.963066
v 1.583283 0.151663 -1.515197
v -0.509480 0.147906 -3.339783
v -1.624346 0.154645 -2.521122
v -1.139952 0.148731 2.010405
v 1.652091 0.147922 1.170835
v 1.137325 0.150751 -3.363619
v 0.000413 0.572922 -1.523560
v 0.002566 0.175877 1.096652
v -0.478055 0.340238 -0.667212
v 1.058700 0.147788 -0.670662
v 0.746052 0.147957 -0.163070
v 0.820162 0.216041 1.154327
v 0.321285 0.468810 0.674530
v 1.094248 0.155631 0.671377
v -0.750193 0.144604 -0.165977
v -0.811964 0.197205 1.151641
v -1.308244 0.160420 0.671328
v -0.534998 0.472090 0.667432
v -0.804842 0.148050 -2.847536
v -0.760931 0.226340 -1.509060
v -1.279688 0.189560 -2.021508
v -0.468313 0.313487 -2.016241
v 0.803076 0.149603 -2.848484
v 0.737577 0.177042 -1.499472
v 0.286689 0.420426 -2.028706
v 1.063997 0.147904 -2.015987
v -1.634693 0.160753 0.835032
v 0.929602 0.148275 1.994635
v 1.603173 0.154996 -2.184241
v -0.926473 0.166840 -3.358293
v -1.594285 0.175333 -1.851441
v -0.721237 0.190480 1.976371
v 1.615687 0.183057 0.498785
v 0.717227 0.174818 -3.351982
v -0.001117 0.586449 -2.225831
v 0.007353 0.352369 0.509414
v -0.871093 0.208434 -0.667076
v 0.706591 0.346980 -0.653354
v -1.600286 0.148920 -0.510348
v 0.102897 0.147904 1.949351
v 1.587530 0.147904 -0.844947
v -0.100855 0.146559 -3.312358
v -1.664805 0.147927 -3.196774
v -1.567107 0.152313 2.022111
v 1.674939 0.147904 1.850911
v 1.562157 0.147904 -3.366929
v -0.004386 0.551622 -0.834114
v -0.000299 0.147904 1.777193
v -0.113044 0.533166 -0.663042
v 1.486592 0.147904 -0.676370
v 0.794847 0.269873 0.505364
v 0.831129 0.148402 1.816563
v 0.724999 0.378518 0.663928
v 1.517128 0.202804 0.669261
v -0.791118 0.242651 0.505390
v -0.831045 0.166192 1.815690
v -0.909418 0.245106 0.666411
v -0.099213 0.436451 0.657757
v -0.751531 0.147946 -2.177022
v -0.799432 0.304120 -0.829623
v -0.853020 0.149757 -2.012510
v -0.100569 0.538637 -2.042485
v 0.751125 0.145043 -2.176946
v 0.804724 0.307495 -0.829695
v 0.642875 0.177550 -2.006872
v 1.489775 0.200172 -2.019233
v 1.157238 0.147904 -1.513782
v 1.160975 0.147900 -0.840850
v 1.049961 0.147895 -1.342612
v 1.476038 0.147904 -1.348041
v 0.395353 0.422157 -1.515800
v 0.394937 0.430810 -0.832362
v 0.291131 0.462073 -1.346543
v 0.670857 0.273742 -1.334944
v 0.382246 0.173596 -2.836230
v 0.364291 0.325674 -2.188310
v 0.289476 0.282378 -2.683802
v 0.685376 0.145764 -2.678398
v -0.398776 0.434231 -1.519557
v -0.383147 0.395925 -0.836909
v -0.492833 0.388363 -1.348407
v -0.106272 0.565171 -1.350787
v -1.158844 0.147905 -1.515711
v -1.162620 0.147898 -0.842628
v -1.263273 0.147904 -1.348803
v -0.839292 0.159309 -1.336819
v -1.225475 0.162492 -2.860169
v -1.179340 0.185395 -2.188728
v -1.318938 0.152991 -2.693498
v -0.896861 0.149662 -2.683358
v -0.416944 0.259030 1.124553
v -0.415379 0.186015 1.786268
v -0.519334 0.213093 1.294152
v -0.105074 0.149705 1.264125
v -1.228725 0.158393 1.173252
v -1.250301 0.186314 1.846480
v -1.344293 0.208590 1.343011
v -0.922626 0.145137 1.320688
v -1.180677 0.148616 -0.169837
v -1.196709 0.147848 0.502262
v -1.291382 0.148378 -0.002388
v -0.861390 0.147926 0.003114
v 1.228433 0.161155 1.172991
v 1.250607 0.213826 1.845972
v 1.133170 0.149565 1.335214
v 1.555861 0.153627 1.342584
v 0.415587 0.279414 1.130508
v 0.415167 0.162363 1.788171
v 0.313143 0.190633 1.280159
v 0.723488 0.192548 1.306944
v 0.381368 0.367931 -0.153705
v 0.415108 0.452385 0.517835
v 0.297500 0.423229 0.018911
v 0.652596 0.192894 0.011835
v 1.176452 0.147904 -0.168161
v 1.191046 0.147849 0.504610
v 1.072741 0.147905 0.001749
v 1.500920 0.171891 -0.003657
v -0.390976 0.357020 -0.154775
v -0.408504 0.420877 0.515354
v -0.467275 0.274429 0.013500
v -0.104530 0.388853 0.003013
v -0.386430 0.169927 -2.830865
v -0.363968 0.332728 -2.188289
v -0.483084 0.196327 -2.674289
v -0.100894 0.362444 -2.692537
v 1.225359 0.192014 -2.858243
v 1.178049 0.147904 -2.186588
v 1.107794 0.153387 -2.688043
v 1.530668 0.147904 -2.690175
v 1.412222 0.180521 -2.523664
v 1.390720 0.194180 -2.188021
v 1.294318 0.181089 -2.355803
v 1.506682 0.167894 -2.354604
v 0.988669 0.147902 -2.517686
v 0.964929 0.147899 -2.181630
v 0.868860 0.148069 -2.347327
v 1.081850 0.147904 -2.352415
v 1.030895 0.159933 -3.191283
v 1.014365 0.147949 -2.853667
v 0.919173 0.155598 -3.019471
v 1.129704 0.182355 -3.024717
v -0.200235 0.403279 -2.535943
v -0.188709 0.465129 -2.206675
v -0.289286 0.391603 -2.365979
v -0.110599 0.527739 -2.390795
v -0.574094 0.194780 -2.510565
v -0.549625 0.218126 -2.175544
v -0.656554 0.161169 -2.342592
v -0.468418 0.266818 -2.349205
v -0.613768 0.147853 -3.175979
v -0.594792 0.144916 -2.840070
v -0.711180 0.147943 -3.011881
v -0.503161 0.146729 -3.001965
v -0.197877 0.388999 0.174016
v -0.210708 0.367252 0.511849
v -0.294834 0.397117 0.346926
v -0.101013 0.337491 0.340531
v -0.569227 0.240099 0.182550
v -0.604616 0.345995 0.507527
v -0.680237 0.238477 0.344244
v -0.491321 0.330136 0.352200
v -0.567908 0.274719 -0.498952
v -0.550851 0.214898 -0.161009
v -0.651992 0.192613 -0.334505
v -0.464039 0.292287 -0.328752
v 1.398556 0.157617 0.166087
v 1.403569 0.177012 0.502991
v 1.295943 0.147934 0.335581
v 1.508924 0.198047 0.332835
v 0.970747 0.148030 0.173501
v 0.981700 0.164702 0.510293
v 0.873725 0.172214 0.344550
v 1.082306 0.148016 0.338196
v 0.956790 0.148146 -0.501218
v 0.961199 0.147892 -0.164593
v 0.852669 0.144556 -0.334201
v 1.067619 0.147903 -0.334543
v 0.574459 0.272452 0.185120
v 0.610948 0.378795 0.509183
v 0.499526 0.366629 0.354672
v 0.684447 0.268176 0.345221
v 0.201982 0.403520 0.173714
v 0.224377 0.375831 0.511189
v 0.114286 0.341901 0.339862
v 0.304447 0.425719 0.346283
v 0.208917 0.514256 -0.490859
v 0.207606 0.473787 -0.151742
v 0.102261 0.497872 -0.322149
v 0.301062 0.450382 -0.321742
v 0.623508 0.162927 1.462874
v 0.623040 0.177838 1.799656
v 0.520699 0.173049 1.622813
v 0.728241 0.198017 1.638483
v 0.209584 0.149666 1.440136
v 0.207232 0.147904 1.781715
v 0.104066 0.147901 1.608202
v 0.312341 0.147823 1.614305
v 0.217895 0.387731 0.818462
v 0.211905 0.221171 1.111244
v 0.111608 0.267010 0.949515
v 0.316401 0.329528 0.967646
v 1.457509 0.172533 1.512120
v 1.462508 0.148354 1.851224
v 1.355900 0.197730 1.679990
v 1.567776 0.147904 1.681373
v 1.036849 0.152428 1.495867
v 1.040138 0.160922 1.833389
v 0.936319 0.155627 1.656305
v 1.145293 0.180086 1.671389
v 1.011813 0.210907 0.832448
v 1.018105 0.147097 1.161041
v 0.914615 0.216587 0.993262
v 1.112035 0.148922 1.002144
v -0.974426 0.147844 0.169961
v -0.981963 0.146635 0.507757
v -1.085880 0.147860 0.335695
v -0.873420 0.150741 0.343222
v -1.402093 0.153472 0.165201
v -1.408149 0.182964 0.502394
v -1.512151 0.197462 0.332517
v -1.299204 0.148169 0.334528
v -1.387414 0.180136 -0.508510
v -1.395090 0.196415 -0.171876
v -1.498646 0.197447 -0.341127
v -1.285207 0.189903 -0.339249
v -1.036928 0.147843 1.496142
v -1.039869 0.147904 1.833557
v -1.145134 0.150215 1.671839
v -0.936186 0.147947 1.656082
v -1.457509 0.198630 1.512586
v -1.462195 0.200297 1.851796
v -1.567590 0.155820 1.682040
v -1.355734 0.219407 1.680459
v -1.422252 0.204462 0.839094
v -1.440844 0.209711 1.175403
v -1.537220 0.188549 1.005876
v -1.325101 0.184009 1.007258
v -0.208783 0.147898 1.437695
v -0.207777 0.149669 1.779197
v -0.312516 0.151832 1.611862
v -0.104262 0.147906 1.606585
v -0.623789 0.152437 1.460117
v -0.623106 0.201062 1.798625
v -0.728434 0.149257 1.637576
v -0.520670 0.161849 1.621684
v -0.628247 0.395899 0.830207
v -0.624953 0.266726 1.140566
v -0.716886 0.289551 0.989441
v -0.522688 0.352405 0.979746
v -0.988239 0.157372 -2.519438
v -0.965767 0.147912 -2.184114
v -1.081855 0.172345 -2.354736
v -0.868335 0.148164 -2.348694
v -1.412234 0.147934 -2.525748
v -1.392317 0.165052 -2.189824
v -1.507256 0.147904 -2.356568
v -1.294724 0.173378 -2.357892
v -1.452571 0.147904 -3.199919
v -1.436564 0.198351 -2.861833
v -1.552102 0.147912 -3.029510
v -1.340730 0.190640 -3.030269
v -0.943434 0.149374 -1.172567
v -0.949687 0.153090 -0.838105
v -1.051046 0.147791 -1.008895
v -0.859448 0.204782 -0.999998
v -1.370118 0.147904 -1.181006
v -1.375950 0.147904 -0.844648
v -1.477587 0.147904 -1.013214
v -1.264615 0.147904 -1.012104
v -1.381314 0.185189 -1.853366
v -1.372239 0.147904 -1.517311
v -1.483095 0.166755 -1.684956
v -1.269924 0.147904 -1.685030
v -0.204250 0.521622 -1.178469
v -0.215882 0.529958 -0.834673
v -0.295831 0.462281 -1.007362
v -0.110503 0.559244 -1.006201
v -0.591710 0.353425 -1.175318
v -0.590811 0.341895 -0.833570
v -0.696197 0.331933 -1.001915
v -0.484464 0.365703 -1.006909
v -0.580985 0.309621 -1.848632
v -0.603776 0.368746 -1.518344
v -0.688873 0.297350 -1.683901
v -0.506160 0.405929 -1.689668
v 0.573641 0.191546 -2.512053
v 0.548118 0.209367 -2.176739
v 0.468385 0.261762 -2.350260
v 0.657248 0.158748 -2.343816
v 0.205282 0.407424 -2.538587
v 0.191014 0.459918 -2.205573
v 0.115622 0.523009 -2.386689
v 0.287330 0.382095 -2.365922
v 0.204123 0.153949 -3.148924
v 0.204224 0.247588 -2.832198
v 0.100811 0.185992 -2.984411
v 0.305505 0.151277 -2.984967
v 0.589938 0.353240 -1.168902
v 0.605761 0.384801 -0.827677
v 0.496126 0.403920 -1.000840
v 0.702172 0.343989 -0.999751
v 0.203565 0.529097 -1.176743
v 0.209203 0.536727 -0.833116
v 0.104467 0.561505 -1.005562
v 0.294483 0.472714 -1.004079
v 0.200788 0.494784 -1.864246
v 0.202638 0.517822 -1.520688
v 0.106005 0.551605 -1.695365
v 0.298935 0.460121 -1.689111
v 1.370447 0.147904 -1.179828
v 1.374582 0.147904 -0.843502
v 1.264285 0.147904 -1.010710
v 1.477373 0.147904 -1.012153
v 0.944147 0.149880 -1.169796
v 0.947306 0.148828 -0.835347
v 0.855807 0.198802 -0.997899
v 1.050799 0.147840 -1.006530
v 0.951549 0.147880 -1.844158
v 0.943701 0.147981 -1.506656
v 0.840030 0.148839 -1.671357
v 1.053424 0.147807 -1.679200
v 1.377741 0.159335 -1.852003
v 1.370444 0.147904 -1.516049
v 1.266758 0.147904 -1.683520
v 1.479924 0.174661 -1.683749
v 0.572284 0.282017 -1.846054
v 0.589577 0.331116 -1.510453
v 0.504002 0.387496 -1.686342
v 0.660644 0.239806 -1.674111
v 0.613780 0.221254 -3.178169
v 0.591383 0.145345 -2.842797
v 0.500821 0.165485 -3.005408
v 0.708959 0.180611 -3.013608
v -0.197681 0.499226 -1.865622
v -0.201324 0.517898 -1.522216
v -0.298563 0.468184 -1.691606
v -0.105249 0.558394 -1.696279
v -0.955251 0.148114 -1.847060
v -0.944886 0.147388 -1.509789
v -1.056618 0.147882 -1.681439
v -0.844810 0.151626 -1.675970
v -1.031464 0.179029 -3.192264
v -1.014997 0.196319 -2.854661
v -1.130181 0.171150 -3.026262
v -0.920267 0.192593 -3.019441
v -0.212697 0.365653 0.807609
v -0.211184 0.202283 1.104707
v -0.315697 0.305872 0.960043
v -0.105374 0.260052 0.947139
v -1.012950 0.201403 0.832714
v -1.017387 0.149051 1.161856
v -1.113077 0.145227 1.002912
v -0.912645 0.206356 0.992273
v -0.960004 0.147902 -0.504590
v -0.965373 0.147900 -0.168022
v -1.070971 0.148123 -0.337018
v -0.856321 0.147797 -0.337543
v 1.419508 0.200152 0.839181
v 1.440128 0.204857 1.175150
v 1.323493 0.180982 1.007388
v 1.535503 0.186367 1.005616
v 0.630009 0.407607 0.832539
v 0.622602 0.276793 1.144729
v 0.522277 0.367197 0.984952
v 0.725030 0.309574 0.992903
v 0.583146 0.321278 -0.491801
v 0.555490 0.245469 -0.157786
v 0.465396 0.313552 -0.327139
v 0.662131 0.231921 -0.327848
v 1.385110 0.147904 -0.507305
v 1.390857 0.147904 -0.170645
v 1.282340 0.147904 -0.337840
v 1.496096 0.147904 -0.340169
v -0.219116 0.511041 -0.490672
v -0.216182 0.465592 -0.150322
v -0.307699 0.440166 -0.321872
v -0.112707 0.494673 -0.321522
v -0.203120 0.146931 -3.150079
v -0.197997 0.252481 -2.836964
v -0.300222 0.162222 -2.990659
v -0.095911 0.192904 -2.988578
v 1.452817 0.147904 -3.197815
v 1.436646 0.148803 -2.859734
v 1.340628 0.158123 -3.028186
v 1.552247 0.147904 -3.027373
v 1.542495 0.147904 -2.858488
v 1.330940 0.174164 -2.859543
v 1.346997 0.149069 -3.197434
v -0.096989 0.283551 -2.844799
v -0.293970 0.209333 -2.830054
v -0.305279 0.148448 -3.156745
v -0.110012 0.454730 -0.155342
v -0.311786 0.429901 -0.151468
v -0.302463 0.445738 -0.493367
v 1.497674 0.150114 -0.171906
v 1.283774 0.147904 -0.169494
v 1.278296 0.147904 -0.506100
v 0.648348 0.192072 -0.160570
v 0.463891 0.300435 -0.155820
v 0.479837 0.349453 -0.494342
v 0.723476 0.252359 1.150716
v 0.519295 0.296385 1.141979
v 0.529276 0.443765 0.829660
v 1.546059 0.169184 1.173934
v 1.334256 0.199405 1.174933
v 1.313360 0.164574 0.839809
v -0.857498 0.148011 -0.167161
v -1.073116 0.147904 -0.168811
v -1.067102 0.148938 -0.505104
v -0.913567 0.165688 1.155216
v -1.122481 0.149281 1.169046
v -1.103773 0.146686 0.836856
v -0.105721 0.180029 1.097752
v -0.313613 0.233372 1.114641
v -0.317481 0.394183 0.815274
v -0.909919 0.170603 -2.851130
v -1.120160 0.174600 -2.857769
v -1.136947 0.193393 -3.195673
v -0.840017 0.154070 -1.507011
v -1.051957 0.147880 -1.513288
v -1.061761 0.147894 -1.849791
v -0.107203 0.567640 -1.523369
v -0.296614 0.468403 -1.520800
v -0.294214 0.453396 -1.861716
v 0.697091 0.150365 -2.845838
v 0.485202 0.150795 -2.839303
v 0.510890 0.218015 -3.172317
v 0.670658 0.260911 -1.505273
v 0.493821 0.379093 -1.513939
v 0.484076 0.342313 -1.850858
v 1.476905 0.149118 -1.515930
v 1.263892 0.147904 -1.515455
v 1.271211 0.147904 -1.851421
v 1.050503 0.147903 -1.510919
v 0.837789 0.147053 -1.501122
v 0.844802 0.148017 -1.840857
v 1.054018 0.147861 -0.838619
v 0.870600 0.222042 -0.831687
v 0.842788 0.166979 -1.163266
v 1.481129 0.147904 -0.844249
v 1.267869 0.147904 -0.842443
v 1.263855 0.147904 -1.179023
v 0.297700 0.467416 -1.517998
v 0.108738 0.569948 -1.522953
v 0.104282 0.539578 -1.868237
v 0.296537 0.473997 -0.833088
v 0.103117 0.548799 -0.833818
v 0.106791 0.574680 -1.177448
v 0.711893 0.363200 -0.827297
v 0.499706 0.405401 -0.830277
v 0.489728 0.390180 -1.171121
v 0.297210 0.205138 -2.826696
v 0.103372 0.277829 -2.840740
v 0.101973 0.147317 -3.142555
v 0.277659 0.392481 -2.196649
v 0.101026 0.524111 -2.214353
v 0.107309 0.447629 -2.542532
v 0.646090 0.163543 -2.175568
v 0.454123 0.263880 -2.181335
v 0.483805 0.248964 -2.517672
v -0.501801 0.402324 -1.519167
v -0.694460 0.310934 -1.514590
v -0.667882 0.248090 -1.844990
v -0.484504 0.360301 -0.836426
v -0.698967 0.338413 -0.829220
v -0.695091 0.324751 -1.173825
v -0.112010 0.549291 -0.834153
v -0.297564 0.460703 -0.835825
v -0.289604 0.455684 -1.178519
v -1.265607 0.147904 -1.516987
v -1.478720 0.147904 -1.517115
v -1.487844 0.200617 -1.852820
v -1.269361 0.147904 -0.843848
v -1.482398 0.147904 -0.845278
v -1.476622 0.147904 -1.181230
v -0.878505 0.231830 -0.833800
v -1.055840 0.147928 -0.840910
v -1.049923 0.147863 -1.176921
v -1.330943 0.191044 -2.861603
v -1.542367 0.176391 -2.860615
v -1.558594 0.147904 -3.199038
v -1.285884 0.197242 -2.189821
v -1.498672 0.147904 -2.188718
v -1.518259 0.153962 -2.524365
v -0.858620 0.148150 -2.180884
v -1.072659 0.151501 -2.186733
v -1.094238 0.192877 -2.522330
v -0.520487 0.280099 1.136399
v -0.719624 0.222682 1.139681
v -0.724427 0.345885 0.830282
v -0.519254 0.202161 1.791582
v -0.727011 0.186649 1.806850
v -0.726858 0.146238 1.468244
v -0.104059 0.147904 1.777331
v -0.311533 0.162975 1.782253
v -0.313319 0.150238 1.441234
v -1.334819 0.197364 1.175060
v -1.546858 0.177141 1.174413
v -1.529244 0.197087 0.836692
v -1.356109 0.219535 1.850029
v -1.568412 0.156630 1.852107
v -1.563446 0.156325 1.512350
v -0.935271 0.151045 1.824933
v -1.144873 0.149654 1.840896
v -1.141356 0.149790 1.503351
v -1.288018 0.166556 -0.170830
v -1.501880 0.207751 -0.172975
v -1.493901 0.165014 -0.509353
v -1.302101 0.152104 0.503139
v -1.514237 0.203386 0.500948
v -1.508684 0.172733 0.164097
v -0.885034 0.191304 0.507637
v -1.088844 0.147881 0.503744
v -1.081549 0.147902 0.167509
v 1.122774 0.149232 1.168213
v 0.916053 0.173257 1.155373
v 0.915889 0.257504 0.830217
v 1.145173 0.202712 1.840473
v 0.935474 0.147903 1.825242
v 0.932970 0.173999 1.487981
v 1.568721 0.147904 1.851409
v 1.356416 0.177249 1.849509
v 1.351775 0.209598 1.511035
v 0.312612 0.255391 1.121349
v 0.109569 0.189862 1.101426
v 0.111472 0.366965 0.812566
v 0.311092 0.149493 1.784798
v 0.103473 0.147904 1.778937
v 0.104981 0.147835 1.437027
v 0.726985 0.160155 1.807854
v 0.519164 0.178805 1.792928
v 0.520485 0.157485 1.454668
v 0.302785 0.439962 -0.151164
v 0.103206 0.457524 -0.156661
v 0.101765 0.515326 -0.492388
v 0.317501 0.428872 0.513502
v 0.117062 0.355910 0.509515
v 0.110580 0.350524 0.168445
v 0.701680 0.322872 0.505554
v 0.517434 0.426448 0.518665
v 0.482551 0.323893 0.187323
v 1.068919 0.147904 -0.166408
v 0.853431 0.148115 -0.163789
v 0.853912 0.164630 -0.502284
v 1.084247 0.149094 0.505666
v 0.888931 0.218250 0.507458
v 0.863844 0.147814 0.177074
v 1.509572 0.202137 0.501129
v 1.297460 0.149077 0.504068
v 1.291878 0.147904 0.167173
v -0.463773 0.278019 -0.158093
v -0.645491 0.163912 -0.164119
v -0.672067 0.255228 -0.495031
v -0.509997 0.392596 0.513316
v -0.696453 0.292207 0.505651
v -0.663225 0.192187 0.179443
v -0.102249 0.355192 0.509772
v -0.307739 0.413677 0.512226
v -0.293751 0.391491 0.187332
v -0.489449 0.150176 -2.835234
v -0.699621 0.148376 -2.844012
v -0.717554 0.150987 -3.180696
v -0.454857 0.271882 -2.180643
v -0.647553 0.171622 -2.174327
v -0.671057 0.151376 -2.509803
v -0.098067 0.527990 -2.215470
v -0.276211 0.398559 -2.197293
v -0.295574 0.354387 -2.529868
v 1.119856 0.167875 -2.856165
v 0.908800 0.148168 -2.851058
v 0.926021 0.158052 -3.188505
v 1.071560 0.147904 -2.184349
v 0.857989 0.148105 -2.179043
v 0.882733 0.147961 -2.515134
v 1.496335 0.189409 -2.187514
v 1.284449 0.160378 -2.187851
v 1.306293 0.194672 -2.523574
v 1.518201 0.150541 -2.522276
v 1.094538 0.147904 -2.520216
v 1.136032 0.177894 -3.193855
v -0.103309 0.447010 -2.542993
v -0.484395 0.252640 -2.516035
v -0.510427 0.148015 -3.170299
v -0.101710 0.344804 0.169010
v -0.476406 0.289678 0.184894
v -0.468213 0.311828 -0.498919
v 1.505110 0.189932 0.164582
v 1.078020 0.147862 0.169968
v 1.064120 0.147865 -0.502657
v 0.667327 0.222310 0.180980
v 0.295739 0.416613 0.189618
v 0.295685 0.454354 -0.492712
v 0.726289 0.174205 1.470176
v 0.313403 0.147064 1.443886
v 0.320536 0.422725 0.827058
v 1.563452 0.147962 1.511719
v 1.141307 0.160338 1.502891
v 1.103703 0.157912 0.836728
v -0.867610 0.148779 0.173157
v -1.295376 0.147904 0.166027
v -1.280796 0.176600 -0.507571
v -0.932974 0.147104 1.487870
v -1.351785 0.215808 1.511418
v -1.316037 0.171262 0.839375
v -0.104227 0.147828 1.435469
v -0.520696 0.147731 1.451685
v -0.527653 0.432783 0.824383
v -0.882223 0.148005 -2.515990
v -1.306227 0.152284 -2.525704
v -1.346871 0.157165 -3.199487
v -0.845284 0.178263 -1.167495
v -1.263499 0.147904 -1.180488
v -1.274771 0.153667 -1.853182
v -0.110498 0.573202 -1.178107
v -0.486546 0.374003 -1.177676
v -0.487465 0.361004 -1.853189
v 0.671449 0.150164 -2.511111
v 0.297110 0.353375 -2.531841
v 0.306451 0.173752 -3.155046
v 0.687306 0.310281 -1.168412
v 0.289020 0.463195 -1.174927
v 0.295510 0.444896 -1.859687
v 1.476937 0.147904 -1.180115
v 1.050499 0.147879 -1.174434
v 1.058069 0.147867 -1.847554
v 1.484250 0.195886 -1.851500
v 0.649738 0.208389 -1.840380
v 0.717342 0.205683 -3.182214
v -0.102960 0.547363 -1.869163
v -0.848980 0.146511 -1.844324
v -0.926201 0.191987 -3.188471
v -0.104882 0.354051 0.805710
v -0.919085 0.252457 0.830477
v -0.855573 0.156087 -0.506621
v 1.525641 0.197886 0.837428
v 0.725332 0.356997 0.831121
v 0.685460 0.291698 -0.489137
v 1.491748 0.147904 -0.508348
v -0.112405 0.513439 -0.492138
v -0.101219 0.145542 -3.142719
v 1.558852 0.147904 -3.196886
v -1.674085 0.147904 1.936930
v 1.620783 0.147904 2.021208
v 1.667120 0.147904 -3.279735
v -1.615166 0.148857 -3.368188
v -1.591517 0.147904 -0.762110
v -0.051649 0.147904 1.947240
v 1.595689 0.147904 -0.593336
v 0.050418 0.149327 -3.309486
v 0.000056 0.148342 -3.222164
v -0.005247 0.522969 -0.578143
v -1.541300 0.147904 -0.677771
v 0.048929 0.532121 -0.663373
v -1.623410 0.176436 0.582942
v 0.773241 0.147905 1.981694
v 1.593255 0.184109 -1.933679
v -0.769318 0.159023 -3.352497
v -1.601717 0.147904 -2.102742
v -0.876953 0.165452 1.989678
v 1.627450 0.167585 0.750572
v 0.874273 0.151661 -3.356875
v 0.001368 0.562600 -1.957005
v 0.002308 0.411913 0.743817
v -0.741289 0.300356 -0.657392
v 0.832129 0.247948 -0.661161
v 0.785795 0.263563 -0.575165
v 0.822657 0.324032 0.747679
v 0.060952 0.418627 0.665255
v 0.870106 0.302140 0.662988
v -0.780722 0.250300 -0.576611
v -0.825229 0.315627 0.746956
v -1.573739 0.189086 0.668208
v -0.765133 0.320833 0.665254
v -0.822447 0.180081 -3.269523
v -0.747838 0.164830 -1.924918
v -1.545830 0.153639 -2.020194
v -0.698026 0.174356 -2.007354
v 0.822504 0.170867 -3.270373
v 0.741142 0.145229 -1.923225
v 0.052968 0.551583 -2.043429
v 0.797181 0.148770 -2.008958
v -1.657681 0.147975 1.256087
v 1.193565 0.188349 2.013062
v 1.630429 0.147904 -2.602701
v -1.190312 0.168094 -3.366675
v -1.583354 0.147904 -1.432537
v -0.463636 0.165130 1.958839
v 1.609387 0.193459 0.078699
v 0.457438 0.204820 -3.336947
v 0.002075 0.408381 -2.614245
v 0.002680 0.373997 0.087174
v -1.114834 0.147959 -0.673742
v 0.442286 0.401653 -0.661792
v -1.609890 0.184140 -0.090257
v 0.360554 0.147904 1.956762
v 1.582872 0.147904 -1.263917
v -0.355163 0.147896 -3.329799
v -1.642604 0.168997 -2.772953
v -1.299781 0.180593 2.018342
v 1.666079 0.147904 1.424706
v 1.296120 0.147911 -3.366620
v -0.001272 0.574711 -1.264160
v 0.000918 0.148614 1.349472
v -0.339280 0.420187 -0.665437
v 1.219657 0.147905 -0.673525
v 0.755238 0.158380 0.094952
v 0.825775 0.166636 1.394330
v 0.478389 0.554956 0.675179
v 1.251422 0.147935 0.672207
v -0.756783 0.147974 0.092556
v -0.827370 0.150688 1.393500
v -1.148237 0.148343 0.671129
v -0.365369 0.485442 0.668290
v -0.783792 0.148658 -2.596089
v -0.775369 0.251108 -1.255955
v -1.119886 0.148104 -2.019444
v -0.331409 0.400235 -2.026781
v 0.783791 0.148443 -2.596670
v 0.754645 0.217720 -1.246395
v 0.419925 0.328239 -2.018210
v 1.223665 0.147904 -2.019228
v 1.167542 0.147912 -1.934342
v 1.156835 0.147904 -1.261341
v 0.788137 0.166266 -1.329248
v 1.209856 0.147904 -1.346557
v 0.383378 0.377638 -1.938770
v 0.386118 0.415591 -1.258851
v 0.052516 0.573489 -1.350402
v 0.438474 0.398763 -1.343497
v 0.408236 0.208378 -3.247763
v 0.390273 0.275832 -2.605318
v 0.053201 0.366289 -2.691494
v 0.433880 0.219162 -2.680127
v -0.384055 0.389807 -1.940477
v -0.385572 0.408110 -1.264376
v -0.729585 0.275243 -1.341925
v -0.339094 0.434869 -1.349889
v -1.170653 0.148202 -1.936166
v -1.156526 0.147905 -1.263386
v -1.529446 0.147904 -1.349158
v -1.103223 0.147904 -1.346492
v -1.243116 0.171233 -3.282850
v -1.206753 0.175871 -2.608313
v -1.583527 0.190216 -2.690896
v -1.160504 0.182459 -2.691136
v -0.416296 0.485518 0.755898
v -0.417741 0.158335 1.361571
v -0.776766 0.175368 1.306901
v -0.365458 0.182517 1.278461
v -1.205608 0.147989 0.755046
v -1.242869 0.177671 1.424442
v -1.609121 0.150953 1.342243
v -1.185690 0.153991 1.338527
v -1.171275 0.153505 -0.590461
v -1.186280 0.147904 0.082591
v -1.558272 0.175708 -0.005270
v -1.130496 0.147904 -0.001091
v 1.202473 0.148109 0.755797
v 1.242823 0.191935 1.424056
v 0.871494 0.151142 1.315495
v 1.291334 0.200763 1.341743
v 0.419678 0.533579 0.764587
v 0.417439 0.172482 1.365165
v 0.054477 0.144557 1.264410
v 0.468787 0.213657 1.290455
v 0.385645 0.403330 -0.578859
v 0.382947 0.361452 0.102687
v 0.053721 0.397479 0.004265
v 0.426479 0.332901 0.016698
v 1.168744 0.147905 -0.588659
v 1.182564 0.147905 0.084145
v 0.803746 0.144501 0.007940
v 1.233826 0.147904 -0.000558
v -0.381279 0.380481 -0.581278
v -0.379025 0.331495 0.100008
v -0.700988 0.148086 0.007591
v -0.338000 0.367246 0.015295
v -0.407978 0.147956 -3.248301
v -0.390329 0.276654 -2.602358
v -0.738626 0.149416 -2.678113
v -0.341375 0.268486 -2.683706
v 1.242897 0.156123 -3.280825
v 1.206928 0.176170 -2.606198
v 0.843733 0.148064 -2.681707
v 1.266211 0.193440 -2.690887
v -1.672111 0.147904 1.595730
v 1.407213 0.148036 2.020566
v 1.653741 0.147904 -2.939695
v -1.401889 0.147904 -3.369705
v -1.583098 0.147904 -1.097309
v -0.257715 0.148330 1.950974
v 1.603274 0.148007 -0.257386
v 0.252980 0.170700 -3.321833
v 0.001741 0.206740 -2.895119
v -0.004550 0.480514 -0.238173
v -1.328414 0.151784 -0.676193
v 0.255088 0.503572 -0.662043
v -1.616907 0.188245 0.246540
v 0.566595 0.147972 1.966046
v 1.584612 0.166547 -1.598930
v -0.561213 0.147902 -3.342799
v -1.618662 0.148061 -2.437446
v -1.086975 0.147904 2.006844
v 1.646828 0.149056 1.086583
v 1.084564 0.150045 -3.362378
v 0.000611 0.571859 -1.609891
v 0.002958 0.214144 1.020046
v -0.529971 0.326441 -0.666296
v 1.004956 0.147837 -0.669426
v 0.747224 0.157035 -0.249114
v 0.816700 0.233248 1.071795
v 0.270576 0.448257 0.672149
v 1.052823 0.188634 0.668456
v -0.749523 0.146978 -0.252192
v -0.814425 0.226707 1.072528
v -1.362112 0.178025 0.670296
v -0.574694 0.434219 0.668141
v -0.810672 0.151479 -2.931563
v -0.763521 0.225545 -1.593874
v -1.332933 0.199622 -2.021678
v -0.514424 0.285634 -2.013211
v 0.808668 0.157159 -2.932549
v 0.736634 0.170385 -1.584648
v 0.241599 0.450029 -2.032090
v 1.010727 0.147902 -2.014516
v -1.638454 0.156848 0.919151
v 0.982050 0.152829 1.998816
v 1.609532 0.149406 -2.267035
v -0.979297 0.166492 -3.360250
v -1.591908 0.180272 -1.767665
v -0.669582 0.191240 1.972220
v 1.615129 0.186539 0.414774
v 0.664999 0.185092 -3.350021
v 0.002382 0.552382 -2.307014
v 0.007238 0.341088 0.425194
v -0.906599 0.168288 -0.671014
v 0.654827 0.364091 -0.653945
v -1.602876 0.155010 -0.426294
v 0.154398 0.147904 1.950574
v 1.584880 0.147904 -0.928735
v -0.151356 0.149407 -3.315858
v -1.661932 0.147904 -3.111641
v -1.513756 0.163090 2.022140
v 1.674886 0.147904 1.765602
v 1.508877 0.147904 -3.367503
v -0.003830 0.562344 -0.919576
v -0.000177 0.147904 1.691876
v -0.166992 0.536349 -0.662107
v 1.433312 0.147904 -0.675925
v 0.786745 0.245165 0.424364
v 0.832124 0.159586 1.731955
v 0.677264 0.407040 0.664992
v 1.464007 0.201668 0.670312
v -0.783143 0.217149 0.424546
v -0.832122 0.151752 1.731055
v -0.955138 0.216816 0.668226
v -0.152904 0.440516 0.658205
v -0.755834 0.146050 -2.261168
v -0.798091 0.300695 -0.916405
v -0.906472 0.148003 -2.014247
v -0.147254 0.512310 -2.039911
v 0.756251 0.144572 -2.261220
v 0.796290 0.296105 -0.914577
v 0.597244 0.205991 -2.007583
v 1.436553 0.194625 -2.019549
v 1.158401 0.147913 -1.597898
v 1.158323 0.147903 -0.924918
v 0.996682 0.147922 -1.340569
v 1.422839 0.147904 -1.348059
v 0.397786 0.421617 -1.601293
v 0.393581 0.429595 -0.917554
v 0.244825 0.488992 -1.347485
v 0.628639 0.305763 -1.337240
v 0.398730 0.175534 -2.918482
v 0.367958 0.319942 -2.273043
v 0.252214 0.319573 -2.691765
v 0.632385 0.146253 -2.677058
v -0.401497 0.437862 -1.604769
v -0.382721 0.397223 -0.922293
v -0.544348 0.374653 -1.347658
v -0.155030 0.543655 -1.350546
v -1.160888 0.147905 -1.599738
v -1.159867 0.147901 -0.926728
v -1.316554 0.147904 -1.349076
v -0.889799 0.145918 -1.338601
v -1.230806 0.180849 -2.944386
v -1.183436 0.195381 -2.272798
v -1.371801 0.164365 -2.693729
v -0.949566 0.162284 -2.685149
v -0.417155 0.296538 1.046824
v -0.416212 0.176814 1.701134
v -0.571191 0.221508 1.300695
v -0.158069 0.146683 1.265044
v -1.223828 0.154100 1.089659
v -1.250720 0.186837 1.761779
v -1.397214 0.213379 1.343574
v -0.975447 0.144415 1.324821
v -1.179361 0.153929 -0.254002
v -1.193893 0.147886 0.418792
v -1.344882 0.153129 -0.002871
v -0.915257 0.147867 0.001885
v 1.222903 0.154034 1.089568
v 1.250962 0.215983 1.761281
v 1.080586 0.148369 1.331848
v 1.502892 0.170344 1.343178
v 0.415901 0.318994 1.053411
v 0.416038 0.163617 1.703007
v 0.262806 0.175259 1.275116
v 0.672972 0.207610 1.305898
v 0.380446 0.372518 -0.239085
v 0.406693 0.419161 0.439158
v 0.249901 0.446454 0.019493
v 0.606692 0.220352 0.013187
v 1.175589 0.147904 -0.252287
v 1.189429 0.147821 0.420498
v 1.018922 0.147894 0.003213
v 1.447613 0.159901 -0.002916
v -0.388563 0.362006 -0.240006
v -0.399151 0.388611 0.435876
v -0.511862 0.245576 0.012628
v -0.157352 0.390353 0.003316
v -0.396581 0.161975 -2.914063
v -0.367572 0.326092 -2.272784
v -0.531875 0.175650 -2.673516
v -0.149629 0.342394 -2.686811
v 1.230573 0.190897 -2.942470
v 1.182752 0.147957 -2.270598
v 1.055008 0.147929 -2.686819
v 1.477725 0.149115 -2.691069
v 1.418508 0.169382 -2.607568
v 1.395414 0.197713 -2.271962
v 1.241220 0.163075 -2.355307
v 1.453598 0.185593 -2.355387
v 0.995536 0.147902 -2.601589
v 0.969791 0.147899 -2.265799
v 0.815370 0.148879 -2.346210
v 1.028686 0.147903 -2.351151
v 1.032123 0.153847 -3.276103
v 1.019694 0.149382 -2.937866
v 0.866575 0.161961 -3.018091
v 1.077047 0.166960 -3.023482
v -0.203299 0.373487 -2.615005
v -0.191724 0.458696 -2.291631
v -0.333809 0.359625 -2.361257
v -0.157067 0.492944 -2.382824
v -0.577622 0.176538 -2.592240
v -0.552243 0.210081 -2.259823
v -0.708300 0.146516 -2.343478
v -0.513986 0.237410 -2.346159
v -0.614330 0.147906 -3.260675
v -0.601119 0.148836 -2.923421
v -0.763388 0.149392 -3.013863
v -0.554987 0.149316 -3.004846
v -0.203489 0.377712 0.089488
v -0.205994 0.367081 0.427116
v -0.338846 0.369002 0.355685
v -0.152990 0.350285 0.341502
v -0.562376 0.226110 0.097439
v -0.595260 0.314595 0.428385
v -0.727593 0.215014 0.343503
v -0.538896 0.308189 0.350541
v -0.575951 0.297335 -0.581419
v -0.551218 0.222109 -0.246900
v -0.701208 0.172750 -0.336198
v -0.507753 0.261211 -0.330542
v 1.396350 0.153473 0.081904
v 1.402406 0.172167 0.418754
v 1.242606 0.147903 0.335994
v 1.455730 0.185363 0.333742
v 0.967800 0.147829 0.088842
v 0.977763 0.151193 0.426878
v 0.825875 0.195604 0.343842
v 1.028945 0.149125 0.340467
v 0.954612 0.149663 -0.584941
v 0.960396 0.147883 -0.248943
v 0.800208 0.152290 -0.334781
v 1.013818 0.147883 -0.333530
v 0.567288 0.257866 0.100229
v 0.601324 0.346991 0.430587
v 0.449777 0.382755 0.355967
v 0.638094 0.293102 0.347442
v 0.208283 0.388805 0.089718
v 0.220450 0.371628 0.426552
v 0.060533 0.339046 0.339919
v 0.252136 0.416954 0.345131
v 0.209866 0.524306 -0.575949
v 0.210094 0.496052 -0.234996
v 0.048506 0.497277 -0.322316
v 0.262249 0.489126 -0.320447
v 0.622788 0.192125 1.384726
v 0.624038 0.196958 1.714771
v 0.468685 0.162661 1.620155
v 0.676291 0.198475 1.634167
v 0.210731 0.147943 1.354784
v 0.207727 0.147893 1.696445
v 0.052016 0.147906 1.607154
v 0.260237 0.147834 1.612679
v 0.214249 0.442982 0.754915
v 0.213730 0.254945 1.033312
v 0.057732 0.260878 0.947766
v 0.266405 0.311041 0.962914
v 1.454098 0.181928 1.427690
v 1.462526 0.151281 1.766263
v 1.303100 0.212450 1.678611
v 1.514724 0.148175 1.681561
v 1.032698 0.152236 1.411922
v 1.040886 0.152442 1.748832
v 0.884271 0.166980 1.651945
v 1.092904 0.159218 1.668051
v 1.015907 0.227587 0.749853
v 1.013792 0.157807 1.078133
v 0.866848 0.239310 0.992804
v 1.060463 0.155324 0.998693
v -0.971603 0.147870 0.085367
v -0.980746 0.145753 0.423475
v -1.139276 0.147886 0.335194
v -0.926117 0.146178 0.341395
v -1.400159 0.150909 0.080926
v -1.407140 0.176190 0.418068
v -1.565333 0.199874 0.331659
v -1.352476 0.154586 0.334182
v -1.384624 0.162263 -0.592577
v -1.393633 0.207501 -0.256033
v -1.551913 0.183168 -0.341646
v -1.338632 0.202204 -0.339745
v -1.033066 0.148024 1.412187
v -1.040671 0.147905 1.749040
v -1.197625 0.164251 1.674786
v -0.988291 0.147934 1.660519
v -1.454188 0.201024 1.428117
v -1.462272 0.200290 1.766820
v -1.620679 0.148028 1.681675
v -1.408609 0.215895 1.681396
v -1.417286 0.200361 0.755496
v -1.435983 0.210264 1.091294
v -1.590231 0.168687 1.004868
v -1.378146 0.201547 1.007361
v -0.209539 0.149285 1.352120
v -0.208167 0.149071 1.693925
v -0.364593 0.155679 1.613783
v -0.156338 0.147903 1.607396
v -0.623151 0.183431 1.381217
v -0.624180 0.178799 1.713900
v -0.780363 0.148185 1.641902
v -0.572629 0.159523 1.625292
v -0.630721 0.420509 0.749657
v -0.625607 0.297302 1.061325
v -0.767307 0.272535 0.991584
v -0.574976 0.344767 0.982227
v -0.995306 0.168495 -2.603120
v -0.969961 0.147905 -2.268138
v -1.135115 0.190699 -2.355852
v -0.921809 0.147924 -2.350425
v -1.418423 0.156859 -2.609669
v -1.396317 0.152144 -2.273880
v -1.560371 0.147904 -2.355381
v -1.347880 0.155401 -2.358038
v -1.454324 0.147904 -3.284824
v -1.441771 0.182819 -2.946126
v -1.605113 0.147904 -3.028370
v -1.393448 0.177295 -3.030572
v -0.942923 0.148531 -1.256774
v -0.945822 0.147277 -0.921305
v -1.104489 0.147876 -1.009991
v -0.896751 0.166665 -1.001646
v -1.369903 0.147904 -1.265109
v -1.373414 0.147904 -0.928691
v -1.530757 0.147904 -1.013421
v -1.317920 0.147904 -1.012469
v -1.383686 0.199216 -1.937461
v -1.374274 0.147904 -1.601313
v -1.536327 0.170394 -1.684726
v -1.323243 0.147904 -1.685274
v -0.200906 0.516585 -1.264256
v -0.214920 0.530152 -0.920804
v -0.336582 0.426885 -1.007564
v -0.163896 0.551152 -1.006395
v -0.592893 0.355034 -1.261000
v -0.591611 0.349296 -0.918664
v -0.747594 0.317228 -1.001996
v -0.537914 0.359582 -1.005540
v -0.570044 0.282935 -1.929409
v -0.614366 0.385958 -1.604447
v -0.726258 0.258261 -1.681066
v -0.562244 0.400455 -1.691448
v 0.576805 0.174277 -2.594068
v 0.552697 0.205656 -2.261170
v 0.422493 0.290513 -2.353710
v 0.607795 0.179691 -2.344074
v 0.206057 0.376764 -2.617587
v 0.193433 0.453120 -2.290593
v 0.063713 0.547731 -2.395176
v 0.243345 0.414759 -2.370489
v 0.203583 0.160067 -3.233782
v 0.204504 0.213056 -2.909669
v 0.049693 0.177646 -2.977857
v 0.255994 0.168012 -2.985872
v 0.586044 0.342726 -1.253964
v 0.603728 0.382531 -0.913439
v 0.443410 0.414431 -1.001840
v 0.651114 0.359915 -0.998919
v 0.200352 0.521922 -1.262459
v 0.207737 0.534449 -0.919206
v 0.050772 0.566953 -1.005504
v 0.254256 0.508687 -1.004649
v 0.198854 0.487245 -1.950029
v 0.203478 0.515228 -1.606648
v 0.053790 0.561994 -1.696065
v 0.250738 0.484048 -1.690757
v 1.370033 0.147904 -1.263905
v 1.371995 0.147904 -0.927525
v 1.210953 0.147905 -1.009991
v 1.424138 0.147904 -1.011923
v 0.943524 0.148206 -1.253863
v 0.944694 0.149141 -0.918833
v 0.821914 0.239897 -0.998019
v 0.997336 0.147661 -1.004779
v 0.954414 0.147892 -1.928554
v 0.944632 0.147900 -1.591050
v 0.786649 0.144357 -1.669857
v 1.000167 0.148010 -1.677295
v 1.380523 0.168295 -1.935986
v 1.371712 0.147913 -1.600060
v 1.213416 0.147913 -1.682895
v 1.426671 0.159472 -1.683979
v 0.561182 0.257625 -1.927082
v 0.592699 0.330193 -1.596187
v 0.450217 0.401175 -1.685981
v 0.628524 0.283358 -1.678055
v 0.614289 0.217095 -3.262861
v 0.597301 0.158835 -2.926217
v 0.452317 0.173515 -3.001584
v 0.656548 0.182455 -3.011849
v -0.195982 0.492790 -1.951403
v -0.200913 0.515303 -1.608070
v -0.349948 0.451844 -1.690685
v -0.154207 0.537550 -1.695236
v -0.957449 0.148021 -1.931406
v -0.947183 0.148354 -1.594108
v -1.109949 0.147903 -1.682734
v -0.897046 0.144620 -1.677250
v -1.032859 0.179311 -3.277244
v -1.020439 0.193183 -2.938756
v -1.182822 0.182996 -3.027644
v -0.972633 0.194836 -3.021254
v -0.210010 0.412327 0.736932
v -0.211693 0.237004 1.026878
v -0.366633 0.322269 0.965020
v -0.159366 0.265658 0.948408
v -1.015777 0.212193 0.749312
v -1.012943 0.152810 1.078608
v -1.165699 0.148357 1.004871
v -0.961028 0.184512 0.993563
v -0.957658 0.149436 -0.588208
v -0.964297 0.147889 -0.252398
v -1.124608 0.151884 -0.337580
v -0.909906 0.147786 -0.337082
v 1.415025 0.194668 0.755161
v 1.434809 0.207558 1.091137
v 1.270497 0.161530 1.006994
v 1.482492 0.202321 1.006562
v 0.631115 0.430906 0.751197
v 0.621563 0.303339 1.064137
v 0.469491 0.368161 0.981959
v 0.674550 0.324792 0.990084
v 0.592478 0.345302 -0.574037
v 0.557748 0.255139 -0.243316
v 0.419210 0.340816 -0.326078
v 0.614198 0.254697 -0.326963
v 1.382601 0.147904 -0.591389
v 1.389940 0.147904 -0.254837
v 1.228748 0.147904 -0.337156
v 1.442750 0.147904 -0.339584
v -0.219614 0.519762 -0.576289
v -0.220098 0.492277 -0.232669
v -0.348165 0.404343 -0.323633
v -0.166633 0.496663 -0.320353
v -0.203320 0.147351 -3.234772
v -0.195305 0.210932 -2.910820
v -0.348005 0.147071 -2.991268
v -0.147363 0.183365 -2.986427
v 1.454674 0.147904 -3.282714
v 1.441837 0.147904 -2.944024
v 1.287840 0.173717 -3.027624
v 1.499270 0.147904 -3.028105
v -1.674621 0.147904 1.766417
v 1.514180 0.147904 2.021490
v 1.662130 0.147904 -3.109442
v -1.508458 0.147904 -3.369642
v -1.586252 0.147904 -0.929710
v -0.154690 0.147904 1.948499
v 1.600617 0.147904 -0.425402
v 0.151435 0.155677 -3.315427
v 0.000759 0.151598 -3.052326
v -0.005406 0.506947 -0.407281
v -1.434920 0.149599 -0.676989
v 0.157061 0.542021 -0.661466
v -1.619982 0.187701 0.414757
v 0.669719 0.147905 1.973343
v 1.588332 0.196398 -1.766335
v -0.665062 0.148164 -3.348081
v -1.608919 0.147904 -2.270162
v -0.981577 0.150706 1.998695
v 1.636550 0.156466 0.918458
v 0.979278 0.147914 -3.359716
v 0.000987 0.563964 -1.783121
v 0.003717 0.305942 0.876473
v -0.636212 0.311230 -0.662165
v 0.903649 0.167883 -0.667626
v 0.762294 0.204242 -0.414592
v 0.819462 0.285314 0.911711
v 0.166965 0.416977 0.670835
v 0.965556 0.250769 0.664193
v -0.758266 0.181506 -0.419508
v -0.817989 0.274374 0.910612
v -1.467533 0.204996 0.670101
v -0.668398 0.373779 0.666247
v -0.819420 0.172159 -3.100134
v -0.755742 0.200211 -1.760254
v -1.439397 0.185288 -2.021266
v -0.606282 0.229788 -2.008610
v 0.818558 0.178959 -3.100977
v 0.737951 0.157917 -1.754275
v 0.149689 0.505865 -2.038691
v 0.904100 0.147922 -2.011474
v -1.648112 0.150387 1.087359
v 1.087471 0.176016 2.006565
v 1.618363 0.147904 -2.435178
v -1.085115 0.176090 -3.363923
v -1.587244 0.151673 -1.600109
v -0.566530 0.180342 1.964734
v 1.613683 0.192898 0.246731
v 0.560812 0.201891 -3.344912
v 0.001226 0.522804 -2.479059
v 0.005661 0.341238 0.254727
v -1.007630 0.147812 -0.672182
v 0.546741 0.374605 -0.659251
v -1.606911 0.182797 -0.258269
v 0.257437 0.147904 1.953700
v 1.583795 0.147904 -1.096348
v -0.252920 0.148295 -3.323163
v -1.653594 0.147904 -2.941867
v -1.406789 0.185910 2.021116
v 1.672220 0.147904 1.594912
v 1.402386 0.147904 -3.367631
v -0.002370 0.573938 -1.091602
v 0.000107 0.147904 1.520931
v -0.261857 0.495119 -0.663355
v 1.326609 0.147904 -0.674903
v 0.770117 0.195442 0.261918
v 0.831428 0.192783 1.563024
v 0.583454 0.471629 0.669140
v 1.357759 0.169843 0.671693
v -0.767475 0.168521 0.261479
v -0.831620 0.149629 1.561739
v -1.044292 0.157653 0.670477
v -0.259893 0.455631 0.661336
v -0.768788 0.144848 -2.429002
v -0.786018 0.273791 -1.086073
v -1.013259 0.147902 -2.017055
v -0.239670 0.457211 -2.033587
v 0.769362 0.150679 -2.428868
v 0.778409 0.262187 -1.082313
v 0.508678 0.267128 -2.011791
v 1.329453 0.159164 -2.020634
v 1.162046 0.147751 -1.766181
v 1.157412 0.147905 -1.093113
v 0.890409 0.149624 -1.334955
v 1.316387 0.147904 -1.347719
v 0.395740 0.408443 -1.771305
v 0.387788 0.420838 -1.087797
v 0.154999 0.546870 -1.349485
v 0.537162 0.359113 -1.340956
v 0.407842 0.175001 -3.079027
v 0.385928 0.316389 -2.441674
v 0.156625 0.346359 -2.687325
v 0.530146 0.174279 -2.676092
v -0.397359 0.423754 -1.774173
v -0.381700 0.398687 -1.093338
v -0.643059 0.335819 -1.345644
v -0.244033 0.484430 -1.350048
v -1.165795 0.147904 -1.767845
v -1.157052 0.147906 -1.095072
v -1.423041 0.147904 -1.349223
v -0.996331 0.147922 -1.343310
v -1.239216 0.195932 -3.113370
v -1.194005 0.195393 -2.440659
v -1.477608 0.190938 -2.693174
v -1.055000 0.194965 -2.688452
v -0.419369 0.379709 0.894789
v -0.416878 0.149317 1.530628
v -0.675013 0.202115 1.303146
v -0.263063 0.157185 1.269571
v -1.214321 0.149071 0.922476
v -1.248800 0.186008 1.592768
v -1.503121 0.185803 1.343649
v -1.080217 0.148032 1.332388
v -1.176436 0.163703 -0.422305
v -1.190750 0.147906 0.250757
v -1.451687 0.168620 -0.003925
v -1.022931 0.147905 0.000016
v 1.211954 0.148280 0.922812
v 1.248867 0.208808 1.592313
v 0.976154 0.146885 1.324265
v 1.397048 0.206902 1.343258
v 0.420289 0.404841 0.900945
v 0.417118 0.148478 1.532539
v 0.160467 0.148724 1.267419
v 0.570830 0.232712 1.304695
v 0.377196 0.379482 -0.409932
v 0.394258 0.383861 0.271951
v 0.159055 0.396811 0.002324
v 0.516614 0.277087 0.015450
v 1.173619 0.147904 -0.420512
v 1.187397 0.147903 0.252275
v 0.911160 0.147896 0.005422
v 1.340839 0.147904 -0.001717
v -0.382103 0.368334 -0.410732
v -0.386226 0.346495 0.270332
v -0.602610 0.189825 0.010304
v -0.255916 0.425467 0.017771
v -0.405086 0.147213 -3.079093
v -0.387266 0.323085 -2.440723
v -0.633581 0.147012 -2.675139
v -0.251866 0.317324 -2.688989
v 1.238757 0.180637 -3.111341
v 1.194053 0.156924 -2.438448
v 0.949416 0.147904 -2.684240
v 1.371918 0.176146 -2.691628
v -1.666187 0.147904 1.425528
v 1.300221 0.167914 2.017810
v 1.642746 0.147904 -2.770775
v -1.295598 0.149105 -3.368548
v -1.582804 0.147904 -1.264927
v -0.360713 0.153310 1.954394
v 1.605630 0.165916 -0.089338
v 0.355000 0.191560 -3.328465
v 0.001899 0.304713 -2.753052
v -0.001329 0.428164 -0.075180
v -1.221731 0.150189 -0.675151
v 0.341783 0.440023 -0.662903
v -1.613258 0.168201 0.078195
v 0.463611 0.148308 1.960548
v 1.582469 0.147904 -1.431447
v -0.457894 0.147905 -3.336544
v -1.630380 0.169421 -2.604898
v -1.193094 0.155810 2.013540
v 1.657179 0.147904 1.255260
v 1.190170 0.150138 -3.364764
v -0.000431 0.579910 -1.437371
v 0.002131 0.148816 1.178030
v -0.428039 0.359908 -0.667157
v 1.112407 0.147863 -0.671772
v 0.747400 0.145979 -0.076720
v 0.817037 0.178503 1.230099
v 0.370482 0.493453 0.676675
v 1.145465 0.145491 0.671980
v -0.751652 0.148685 -0.080058
v -0.820340 0.189438 1.235258
v -1.254854 0.149504 0.671505
v -0.490732 0.526200 0.662966
v -0.798400 0.148242 -2.763619
v -0.759717 0.227265 -1.424092
v -1.226431 0.172060 -2.021071
v -0.422488 0.341985 -2.019641
v 0.797178 0.148214 -2.764466
v 0.740149 0.185531 -1.414257
v 0.331332 0.390013 -2.025282
v 1.117239 0.147904 -2.017301
v -1.630537 0.165352 0.751012
v 0.877324 0.147904 1.990342
v 1.599634 0.163398 -2.100817
v -0.873905 0.168150 -3.356372
v -1.596605 0.157088 -1.935217
v -0.773006 0.184998 1.980687
v 1.619551 0.178363 0.582707
v 0.769517 0.165217 -3.353743
v 0.003056 0.573290 -2.131824
v 0.007146 0.381041 0.589296
v -0.832636 0.245707 -0.662513
v 0.756266 0.324439 -0.653998
v -1.597432 0.147904 -0.594338
v 0.051387 0.147904 1.948368
v 1.590278 0.147904 -0.761125
v -0.050437 0.149167 -3.309340
v -1.666795 0.148983 -3.282000
v -1.620361 0.147975 2.021988
v 1.674437 0.147904 1.936100
v 1.615412 0.147904 -3.365987
v -0.004910 0.540584 -0.748886
v -0.000335 0.147904 1.862441
v -0.059080 0.531621 -0.663456
v 1.539829 0.147904 -0.676804
v 0.805324 0.295640 0.585711
v 0.828948 0.147902 1.901242
v 0.773171 0.351978 0.663327
v 1.570255 0.191497 0.668011
v -0.799959 0.267340 0.586314
v -0.828788 0.177358 1.900369
v -0.861950 0.270989 0.665561
v -0.045404 0.432778 0.658194
v -0.748633 0.146534 -2.092670
v -0.801182 0.303528 -0.741987
v -0.799897 0.147112 -2.010699
v -0.051340 0.559232 -2.043990
v 0.747128 0.145738 -2.092502
v 0.805897 0.306855 -0.743080
v 0.691671 0.154977 -2.007076
v 1.542978 0.191678 -2.018466
v 1.156629 0.147904 -1.429653
v 1.163785 0.147901 -0.756801
v 1.103262 0.147903 -1.344220
v 1.529224 0.147904 -1.347932
v 0.391982 0.420474 -1.430207
v 0.394409 0.428017 -0.747206
v 0.339147 0.438327 -1.345574
v 0.708970 0.236908 -1.332185
v 0.385954 0.214963 -2.762638
v 0.368209 0.340454 -2.104587
v 0.341331 0.270939 -2.687868
v 0.737846 0.149222 -2.679292
v -0.394360 0.426447 -1.434516
v -0.382704 0.392637 -0.751614
v -0.441078 0.401829 -1.349002
v -0.053962 0.575072 -1.350803
v -1.157369 0.147905 -1.431654
v -1.165415 0.147900 -0.758539
v -1.209966 0.147904 -1.348318
v -0.797962 0.193583 -1.337127
v -1.219594 0.155085 -2.776114
v -1.175979 0.170328 -2.104577
v -1.266101 0.150449 -2.692971
v -0.844151 0.148098 -2.681546
v -0.417140 0.223999 1.203020
v -0.414062 0.177375 1.871393
v -0.470117 0.195852 1.285064
v -0.051743 0.148955 1.263607
v -1.233708 0.164078 1.256869
v -1.248930 0.180722 1.931290
v -1.291393 0.192118 1.342040
v -0.873228 0.158613 1.317646
v -1.182335 0.147904 -0.085668
v -1.197774 0.147872 0.587220
v -1.237816 0.147904 -0.001948
v -0.807506 0.147804 0.004439
v 1.233693 0.170672 1.256535
v 1.249301 0.202510 1.930777
v 1.185819 0.161172 1.338045
v 1.608861 0.147918 1.341545
v 0.415922 0.242216 1.208229
v 0.413901 0.153295 1.873329
v 0.363887 0.204360 1.285324
v 0.771468 0.171192 1.307170
v 0.379509 0.361030 -0.068387
v 0.421649 0.477578 0.599268
v 0.334167 0.385051 0.017623
v 0.700191 0.168142 0.010625
v 1.178079 0.147904 -0.084040
v 1.194375 0.149066 0.588473
v 1.126514 0.147905 0.000777
v 1.554175 0.180823 -0.004466
v -0.383699 0.342970 -0.070694
v -0.417294 0.448929 0.596762
v -0.423100 0.303895 0.014072
v -0.051970 0.395087 0.004705
v -0.387732 0.211992 -2.757653
v -0.368740 0.349885 -2.105230
v -0.435277 0.219340 -2.676515
v -0.048274 0.368806 -2.693258
v 1.219587 0.189762 -2.774135
v 1.174000 0.147904 -2.102524
v 1.160587 0.167942 -2.689163
v 1.583644 0.147904 -2.688746
v 1.406156 0.190369 -2.439786
v 1.387117 0.187281 -2.103966
v 1.347415 0.194654 -2.356005
v 1.559807 0.152918 -2.353300
v 0.981882 0.147901 -2.433786
v 0.960867 0.147900 -2.097343
v 0.922216 0.147908 -2.348553
v 1.134987 0.147904 -2.353570
v 1.028255 0.159710 -3.106639
v 1.008522 0.147904 -2.769561
v 0.971784 0.151004 -3.020835
v 1.182384 0.190677 -3.025847
v -0.201451 0.436921 -2.458484
v -0.190288 0.475194 -2.121814
v -0.244765 0.424018 -2.370945
v -0.056732 0.551012 -2.397030
v -0.568558 0.206098 -2.427604
v -0.553010 0.235186 -2.092366
v -0.607029 0.182378 -2.342693
v -0.423207 0.297005 -2.352787
v -0.611333 0.148119 -3.091515
v -0.587825 0.145978 -2.756550
v -0.659030 0.148027 -3.009721
v -0.451801 0.147284 -2.998930
v -0.191393 0.391538 0.259166
v -0.210041 0.397258 0.590873
v -0.242892 0.407664 0.344313
v -0.047245 0.336817 0.340172
v -0.577166 0.259836 0.266240
v -0.612532 0.375518 0.587153
v -0.633022 0.261840 0.345868
v -0.441499 0.346662 0.353792
v -0.559911 0.252280 -0.416243
v -0.552802 0.213156 -0.074741
v -0.602622 0.212348 -0.333325
v -0.422710 0.326631 -0.327042
v 1.400770 0.162523 0.250288
v 1.407057 0.182716 0.587070
v 1.349241 0.153150 0.335093
v 1.562101 0.199700 0.331826
v 0.973510 0.148999 0.258247
v 0.990321 0.185264 0.592111
v 0.923525 0.153049 0.344337
v 1.135791 0.147859 0.336836
v 0.959053 0.147913 -0.417387
v 0.962821 0.147889 -0.080177
v 0.906006 0.147664 -0.333467
v 1.121384 0.147905 -0.335579
v 0.582961 0.292979 0.268524
v 0.620244 0.410399 0.587402
v 0.545948 0.342687 0.353314
v 0.731397 0.243973 0.343799
v 0.203829 0.394946 0.258684
v 0.222385 0.403354 0.591147
v 0.166587 0.353532 0.340586
v 0.347612 0.397113 0.357391
v 0.209080 0.506793 -0.405659
v 0.205092 0.447925 -0.070256
v 0.156071 0.499297 -0.321503
v 0.338233 0.411307 -0.323118
v 0.624300 0.168496 1.545666
v 0.621142 0.154803 1.884587
v 0.572560 0.183892 1.626106
v 0.780213 0.190843 1.643085
v 0.208617 0.148944 1.525692
v 0.206637 0.147905 1.866927
v 0.156105 0.147885 1.609571
v 0.364477 0.149474 1.615982
v 0.217853 0.336955 0.885608
v 0.211789 0.189078 1.190203
v 0.164502 0.277813 0.952909
v 0.366368 0.347286 0.972179
v 1.460066 0.163858 1.596698
v 1.461788 0.147904 1.936250
v 1.408779 0.175901 1.680906
v 1.620869 0.147904 1.680931
v 1.039322 0.149790 1.580046
v 1.038214 0.166840 1.918048
v 0.988422 0.149122 1.660437
v 1.197788 0.201414 1.674303
v 1.009708 0.190856 0.913982
v 1.023362 0.146073 1.244662
v 0.962262 0.193726 0.994060
v 1.164612 0.149807 1.004583
v -0.977121 0.147905 0.254605
v -0.986236 0.159233 0.591302
v -1.032429 0.147889 0.336957
v -0.823236 0.168834 0.343891
v -1.404003 0.160957 0.249464
v -1.410892 0.189557 0.586635
v -1.458950 0.185397 0.333236
v -1.245913 0.147905 0.334804
v -1.389905 0.198137 -0.424389
v -1.396629 0.178748 -0.087672
v -1.445343 0.206701 -0.340662
v -1.231729 0.174979 -0.338721
v -1.039300 0.148067 1.580313
v -1.037870 0.148026 1.918180
v -1.092756 0.147920 1.668420
v -0.884184 0.148033 1.651297
v -1.459974 0.198182 1.597200
v -1.461427 0.192602 1.936835
v -1.514542 0.175581 1.682153
v -1.302936 0.208248 1.679081
v -1.426498 0.207548 0.923145
v -1.445632 0.207741 1.259557
v -1.484195 0.204342 1.006736
v -1.272033 0.164255 1.006845
v -0.208532 0.147850 1.523188
v -0.207259 0.148698 1.864429
v -0.260456 0.149019 1.610095
v -0.052167 0.147906 1.606119
v -0.624426 0.149740 1.544626
v -0.621128 0.205050 1.883425
v -0.676500 0.151880 1.633359
v -0.468683 0.161852 1.618539
v -0.627011 0.368931 0.910272
v -0.624889 0.242309 1.222016
v -0.674172 0.321301 0.991666
v -0.470012 0.347099 0.975282
v -0.981397 0.150270 -2.435762
v -0.962478 0.147917 -2.099962
v -1.028557 0.154690 -2.353451
v -0.814754 0.149071 -2.346875
v -1.406364 0.147904 -2.441828
v -1.388974 0.183229 -2.105720
v -1.454141 0.147904 -2.357395
v -1.241547 0.191368 -2.357462
v -1.449876 0.149727 -3.115160
v -1.430808 0.197087 -2.777677
v -1.499144 0.151418 -3.030222
v -1.288079 0.197295 -3.029672
v -0.943605 0.144518 -1.088765
v -0.951761 0.150226 -0.754676
v -0.997562 0.147506 -1.007368
v -0.824911 0.245112 -0.999675
v -1.370292 0.147904 -1.096888
v -1.378749 0.147904 -0.760626
v -1.424397 0.147904 -1.012999
v -1.211267 0.147905 -1.011605
v -1.378929 0.163728 -1.769317
v -1.370584 0.147904 -1.433268
v -1.429831 0.157779 -1.685179
v -1.216601 0.147904 -1.684536
v -0.211418 0.530513 -1.093076
v -0.221788 0.538066 -0.749265
v -0.260480 0.503450 -1.007673
v -0.056953 0.565393 -1.005884
v -0.591080 0.353537 -1.089629
v -0.587873 0.331312 -0.748785
v -0.644082 0.344067 -1.002727
v -0.431771 0.377070 -1.007641
v -0.593924 0.339003 -1.768713
v -0.597982 0.361289 -1.432610
v -0.654427 0.340176 -1.688010
v -0.453401 0.419763 -1.689506
v 0.568672 0.202828 -2.428990
v 0.548379 0.219936 -2.092533
v 0.514509 0.233600 -2.347326
v 0.709062 0.145989 -2.344205
v 0.205408 0.437186 -2.459441
v 0.192827 0.469253 -2.120583
v 0.157516 0.484515 -2.380589
v 0.331932 0.350635 -2.361598
v 0.204222 0.150984 -3.064353
v 0.206645 0.290911 -2.759162
v 0.152814 0.182595 -2.985346
v 0.356837 0.162793 -2.991318
v 0.594794 0.364812 -1.083999
v 0.604722 0.379123 -0.742003
v 0.548148 0.390425 -0.999730
v 0.748641 0.317172 -0.999874
v 0.208463 0.538333 -1.091168
v 0.212799 0.543433 -0.747739
v 0.158798 0.558480 -1.005147
v 0.340428 0.444597 -1.003404
v 0.202102 0.501640 -1.778349
v 0.201024 0.517292 -1.434627
v 0.156783 0.535505 -1.694345
v 0.348104 0.437869 -1.687674
v 1.370847 0.147904 -1.095737
v 1.377316 0.147904 -0.759485
v 1.317595 0.147904 -1.011240
v 1.530582 0.147904 -1.012358
v 0.944180 0.144858 -1.086203
v 0.950267 0.148580 -0.751772
v 0.895239 0.163766 -0.999483
v 1.104218 0.147881 -1.007911
v 0.948993 0.147872 -1.759769
v 0.943257 0.148127 -1.422317
v 0.893361 0.148052 -1.673461
v 1.106737 0.147882 -1.680792
v 1.375388 0.152725 -1.768029
v 1.369691 0.147904 -1.432016
v 1.320077 0.147904 -1.683925
v 1.533147 0.185668 -1.683344
v 0.584419 0.307120 -1.765275
v 0.585253 0.330105 -1.424843
v 0.551509 0.360277 -1.684719
v 0.695173 0.198426 -1.671056
v 0.610558 0.207556 -3.093753
v 0.585411 0.145559 -2.759090
v 0.552541 0.174574 -3.007911
v 0.761455 0.175895 -3.015202
v -0.198794 0.504528 -1.779718
v -0.200219 0.515580 -1.436301
v -0.247788 0.485889 -1.692599
v -0.052415 0.565241 -1.696452
v -0.952922 0.147843 -1.762694
v -0.943391 0.147443 -1.425440
v -1.003261 0.147875 -1.679949
v -0.800007 0.180087 -1.676356
v -1.028723 0.177721 -3.107484
v -1.008894 0.191682 -2.770701
v -1.077567 0.171995 -3.024694
v -0.867938 0.178497 -3.017601
v -0.212961 0.319085 0.878306
v -0.211525 0.170850 1.184204
v -0.264523 0.289658 0.955277
v -0.050986 0.258045 0.946775
v -1.009798 0.181795 0.914109
v -1.022547 0.144492 1.245313
v -1.060633 0.149023 0.999395
v -0.864440 0.228850 0.991789
v -0.962407 0.147778 -0.420827
v -0.967001 0.147902 -0.083610
v -1.017285 0.147897 -0.336652
v -0.803113 0.145587 -0.338022
v 1.424338 0.204535 0.923179
v 1.445240 0.199177 1.259227
v 1.376490 0.198925 1.007430
v 1.588531 0.166633 1.004269
v 0.627687 0.377073 0.911475
v 0.622718 0.250016 1.225262
v 0.573479 0.354575 0.985802
v 0.770143 0.282025 0.991614
v 0.573524 0.296998 -0.409631
v 0.557383 0.244217 -0.071636
v 0.514444 0.292171 -0.327418
v 0.707792 0.205073 -0.330188
v 1.387469 0.147904 -0.423189
v 1.392368 0.148354 -0.086458
v 1.335871 0.147904 -0.338464
v 1.549379 0.147904 -0.340776
v -0.219835 0.505745 -0.404750
v -0.212536 0.429703 -0.072719
v -0.269587 0.478980 -0.319953
v -0.058895 0.495240 -0.322059
v -0.201530 0.149055 -3.065688
v -0.196846 0.283169 -2.757921
v -0.248224 0.161470 -2.986323
v -0.046940 0.177332 -2.977850
v 1.450032 0.147904 -3.113059
v 1.430915 0.152468 -2.775578
v 1.393461 0.148852 -3.028478
v 1.605268 0.147904 -3.026210
v 1.547708 0.147904 -2.942853
v 1.536758 0.147904 -2.774267
v 1.489552 0.147904 -2.859315
v 1.595475 0.147904 -2.857155
v 1.336131 0.165574 -2.943794
v 1.325197 0.182737 -2.775419
v 1.278136 0.188018 -2.859012
v 1.383776 0.158142 -2.859797
v 1.348674 0.147909 -3.282280
v 1.344289 0.152570 -3.112733
v 1.294170 0.157487 -3.196833
v 1.399880 0.147904 -3.197774
v -0.095258 0.240930 -2.918981
v -0.099203 0.323049 -2.768737
v -0.148015 0.269666 -2.840923
v -0.044964 0.275511 -2.838019
v -0.292638 0.174337 -2.907352
v -0.299575 0.260665 -2.762596
v -0.346545 0.205149 -2.836042
v -0.243622 0.226002 -2.830788
v -0.305470 0.147760 -3.241606
v -0.303238 0.145651 -3.072351
v -0.356413 0.148036 -3.160058
v -0.254132 0.147524 -3.153655
v -0.111873 0.479255 -0.237367
v -0.107318 0.423034 -0.075734
v -0.163380 0.456950 -0.154165
v -0.056606 0.455516 -0.155703
v -0.311657 0.438456 -0.236421
v -0.306980 0.416281 -0.067260
v -0.352275 0.394474 -0.153133
v -0.270703 0.465147 -0.148147
v -0.300991 0.451069 -0.578981
v -0.304463 0.442129 -0.407562
v -0.341409 0.409309 -0.494738
v -0.264012 0.482579 -0.491932
v 1.496745 0.147904 -0.256038
v 1.499128 0.158896 -0.087780
v 1.444301 0.148364 -0.171243
v 1.550977 0.152116 -0.172617
v 1.282881 0.147904 -0.253670
v 1.285351 0.147904 -0.085320
v 1.230142 0.147904 -0.168853
v 1.337347 0.147904 -0.170089
v 1.275773 0.147904 -0.590190
v 1.280648 0.147904 -0.421985
v 1.224817 0.147904 -0.505384
v 1.331727 0.147904 -0.506738
v 0.652900 0.207052 -0.245534
v 0.648655 0.188035 -0.074294
v 0.601954 0.218916 -0.159043
v 0.695778 0.166892 -0.162075
v 0.462735 0.304119 -0.241737
v 0.467433 0.301306 -0.069789
v 0.420733 0.331880 -0.154846
v 0.509143 0.272081 -0.156759
v 0.487699 0.369621 -0.577200
v 0.471741 0.329406 -0.411332
v 0.428940 0.366322 -0.495159
v 0.531396 0.334880 -0.493136
v 0.721057 0.272345 1.068598
v 0.720643 0.210738 1.224432
v 0.670916 0.255232 1.143656
v 0.767812 0.223055 1.148392
v 0.520383 0.331008 1.063302
v 0.518635 0.262514 1.220743
v 0.467618 0.287725 1.135333
v 0.571693 0.290741 1.144254
v 0.543160 0.497387 0.759929
v 0.525281 0.404922 0.907019
v 0.477084 0.456162 0.828675
v 0.581371 0.430859 0.833216
v 1.540776 0.178225 1.089746
v 1.551151 0.160498 1.258205
v 1.493084 0.189401 1.174730
v 1.599057 0.153351 1.172680
v 1.328872 0.190474 1.091151
v 1.339417 0.206508 1.258780
v 1.281337 0.180764 1.174228
v 1.387186 0.208831 1.175221
v 1.308812 0.158441 0.755950
v 1.318233 0.172135 0.923625
v 1.260255 0.151041 0.839722
v 1.366440 0.184005 0.839628
v -0.856636 0.147938 -0.252350
v -0.859178 0.147939 -0.082017
v -0.911455 0.147894 -0.167680
v -0.803531 0.147824 -0.166654
v -1.071910 0.147904 -0.252917
v -1.074774 0.147904 -0.084701
v -1.126921 0.147904 -0.169327
v -1.019265 0.147904 -0.168353
v -1.064390 0.148071 -0.589064
v -1.069470 0.149057 -0.421098
v -1.120581 0.152953 -0.505748
v -1.013588 0.147904 -0.504614
v -0.912241 0.184841 1.073480
v -0.917253 0.152253 1.237960
v -0.965060 0.152817 1.158104
v -0.863396 0.183464 1.153817
v -1.117743 0.149560 1.085758
v -1.127767 0.148931 1.252344
v -1.175623 0.148877 1.171543
v -1.070126 0.144994 1.165834
v -1.099376 0.145899 0.753937
v -1.108443 0.148571 0.919853
v -1.156836 0.149320 0.838120
v -1.056522 0.171057 0.834753
v -0.105462 0.217429 1.020917
v -0.105788 0.152073 1.178650
v -0.159031 0.189021 1.100554
v -0.051665 0.175786 1.096484
v -0.314472 0.267711 1.036319
v -0.313672 0.201193 1.193986
v -0.365009 0.247582 1.119740
v -0.262504 0.217746 1.109557
v -0.315411 0.440199 0.744418
v -0.316889 0.348304 0.886413
v -0.368860 0.411620 0.819567
v -0.265589 0.378137 0.810911
v -0.915522 0.183623 -2.935206
v -0.903662 0.157801 -2.767185
v -0.962452 0.187901 -2.852926
v -0.857388 0.154308 -2.849320
v -1.125513 0.166161 -2.941912
v -1.114189 0.187329 -2.773771
v -1.172796 0.160466 -2.859074
v -1.067563 0.190722 -2.856288
v -1.138384 0.190849 -3.280598
v -1.134053 0.183660 -3.110849
v -1.189441 0.194714 -3.197002
v -1.084270 0.183672 -3.194074
v -0.842503 0.153242 -1.591677
v -0.838712 0.155145 -1.421976
v -0.891837 0.144519 -1.508099
v -0.795766 0.185044 -1.507433
v -1.054101 0.147879 -1.597352
v -1.050485 0.147886 -1.429213
v -1.105416 0.147904 -1.514652
v -0.998455 0.147871 -1.511629
v -1.064119 0.147899 -1.934053
v -1.059296 0.147888 -1.765572
v -1.115000 0.147903 -1.850993
v -1.008521 0.147878 -1.848448
v -0.107377 0.567362 -1.609913
v -0.105874 0.564105 -1.437115
v -0.158680 0.551790 -1.522944
v -0.053192 0.570005 -1.523613
v -0.298544 0.470638 -1.606213
v -0.293286 0.462566 -1.435491
v -0.347538 0.450963 -1.520103
v -0.247293 0.489896 -1.521477
v -0.290521 0.442506 -1.946247
v -0.297025 0.462125 -1.776827
v -0.342893 0.431112 -1.859702
v -0.245341 0.475123 -1.863637
v 0.702981 0.161313 -2.929698
v 0.691141 0.149435 -2.761980
v 0.643944 0.150335 -2.844314
v 0.750122 0.150288 -2.847185
v 0.491567 0.148460 -2.922807
v 0.481997 0.170115 -2.757600
v 0.435084 0.169133 -2.840715
v 0.538283 0.149481 -2.841043
v 0.510902 0.222354 -3.256660
v 0.508739 0.198877 -3.088363
v 0.459696 0.210728 -3.168039
v 0.562238 0.224303 -3.175605
v 0.665226 0.250480 -1.589798
v 0.668319 0.264673 -1.419941
v 0.633000 0.299290 -1.508167
v 0.700817 0.216267 -1.501785
v 0.499470 0.384482 -1.599671
v 0.489938 0.377602 -1.428149
v 0.444551 0.400412 -1.514918
v 0.543204 0.358142 -1.512385
v 0.473512 0.319229 -1.932684
v 0.495994 0.368041 -1.769785
v 0.437509 0.368894 -1.853155
v 0.529681 0.314348 -1.848696
v 1.478216 0.158458 -1.599851
v 1.476109 0.147904 -1.431991
v 1.423685 0.147945 -1.516053
v 1.530105 0.150976 -1.515667
v 1.265094 0.147904 -1.599504
v 1.263199 0.147904 -1.431373
v 1.210575 0.147904 -1.514763
v 1.317180 0.147904 -1.515858
v 1.275039 0.147904 -1.934710
v 1.268790 0.147904 -1.767515
v 1.217837 0.147910 -1.851026
v 1.324469 0.148685 -1.851991
v 1.051615 0.147913 -1.595072
v 1.049966 0.147901 -1.426768
v 0.997110 0.147903 -1.508949
v 1.103881 0.147904 -1.512522
v 0.838050 0.149636 -1.586523
v 0.836912 0.146572 -1.416587
v 0.784292 0.150761 -1.499463
v 0.890259 0.147951 -1.504271
v 0.847849 0.148139 -1.925492
v 0.842284 0.148357 -1.756131
v 0.791869 0.144950 -1.839772
v 0.898223 0.147987 -1.842427
v 1.051366 0.147784 -0.922567
v 1.056940 0.147820 -0.754665
v 1.000616 0.148993 -0.837161
v 1.107487 0.147844 -0.839851
v 0.863428 0.212450 -0.915117
v 0.875248 0.223707 -0.747254
v 0.835872 0.263049 -0.830082
v 0.903845 0.180093 -0.833478
v 0.839224 0.154462 -1.246953
v 0.848414 0.182481 -1.080321
v 0.801810 0.200784 -1.162543
v 0.891082 0.145008 -1.166342
v 1.478518 0.147904 -0.928167
v 1.483869 0.147904 -0.760324
v 1.427875 0.147904 -0.843898
v 1.534346 0.147904 -0.844589
v 1.265249 0.147904 -0.926537
v 1.270614 0.147904 -0.758366
v 1.214444 0.147905 -0.841714
v 1.321247 0.147904 -0.843028
v 1.263480 0.147904 -1.263154
v 1.264184 0.147904 -1.094874
v 1.210521 0.147904 -1.178295
v 1.317163 0.147904 -1.179509
v 0.299113 0.465513 -1.603651
v 0.294621 0.465311 -1.432295
v 0.249446 0.491226 -1.519311
v 0.346425 0.444575 -1.516811
v 0.107647 0.561437 -1.609235
v 0.105784 0.564783 -1.436532
v 0.054143 0.571160 -1.523372
v 0.158844 0.549863 -1.521893
v 0.103422 0.534955 -1.954854
v 0.105028 0.544859 -1.781753
v 0.053521 0.554809 -1.869409
v 0.153154 0.518719 -1.866431
v 0.295706 0.473400 -0.918585
v 0.297584 0.474636 -0.747719
v 0.252502 0.504836 -0.833111
v 0.344160 0.448810 -0.832912
v 0.103389 0.555853 -0.919620
v 0.103292 0.542436 -0.748171
v 0.049353 0.549393 -0.834194
v 0.156936 0.549020 -0.833306
v 0.106541 0.572749 -1.263961
v 0.105972 0.571077 -1.091443
v 0.052248 0.574547 -1.177671
v 0.158718 0.559894 -1.177572
v 0.708866 0.357843 -0.914268
v 0.712993 0.365002 -0.739014
v 0.659310 0.378772 -0.827656
v 0.761354 0.340472 -0.828721
v 0.498819 0.407043 -0.915591
v 0.498249 0.398857 -0.745173
v 0.447067 0.417150 -0.831456
v 0.552618 0.394674 -0.828928
v 0.488594 0.385032 -1.256679
v 0.492589 0.397161 -1.085912
v 0.437752 0.403101 -1.172148
v 0.540451 0.373297 -1.169964
v 0.305970 0.191117 -2.909782
v 0.299121 0.264698 -2.766121
v 0.256517 0.238748 -2.833308
v 0.347490 0.214087 -2.841157
v 0.101345 0.236591 -2.915689
v 0.104885 0.319480 -2.765941
v 0.050957 0.271447 -2.835125
v 0.155378 0.267506 -2.838215
v 0.101719 0.149080 -3.227409
v 0.101796 0.148692 -3.058122
v 0.051081 0.147249 -3.139362
v 0.153037 0.149071 -3.145687
v 0.280004 0.385082 -2.281324
v 0.281185 0.405748 -2.112591
v 0.234607 0.426426 -2.201080
v 0.320713 0.358680 -2.192363
v 0.105718 0.520424 -2.300447
v 0.101155 0.527317 -2.128022
v 0.057434 0.560912 -2.216863
v 0.146574 0.492560 -2.210086
v 0.106674 0.404694 -2.617025
v 0.113033 0.496484 -2.470721
v 0.055383 0.459818 -2.545700
v 0.158427 0.432575 -2.541862
v 0.650906 0.160836 -2.259822
v 0.643356 0.168658 -2.091144
v 0.596385 0.184787 -2.175735
v 0.697678 0.147733 -2.176027
v 0.458817 0.259978 -2.266046
v 0.456879 0.277876 -2.097455
v 0.408713 0.293973 -2.184604
v 0.500692 0.235779 -2.178648
v 0.483173 0.224199 -2.598249
v 0.478410 0.260993 -2.434263
v 0.437600 0.275819 -2.521207
v 0.528647 0.220075 -2.514395
v -0.505972 0.407719 -1.604383
v -0.496956 0.395306 -1.433881
v -0.553329 0.386980 -1.519048
v -0.450159 0.417754 -1.519215
v -0.695674 0.309949 -1.599997
v -0.688074 0.305449 -1.429530
v -0.730147 0.270608 -1.511858
v -0.650084 0.341632 -1.516884
v -0.658404 0.223022 -1.925626
v -0.679325 0.274789 -1.765177
v -0.708596 0.213777 -1.843207
v -0.625414 0.280174 -1.846531
v -0.484882 0.363976 -0.921620
v -0.482190 0.352500 -0.751516
v -0.537396 0.349739 -0.835241
v -0.432459 0.374282 -0.837011
v -0.698893 0.338671 -0.915973
v -0.696760 0.334141 -0.742191
v -0.754884 0.336254 -0.829379
v -0.644699 0.337817 -0.831410
v -0.692600 0.316909 -1.259103
v -0.694375 0.326229 -1.087848
v -0.742707 0.299885 -1.173103
v -0.643054 0.338262 -1.174301
v -0.110918 0.554274 -0.920173
v -0.113322 0.543334 -0.748356
v -0.166065 0.549349 -0.834132
v -0.058211 0.549699 -0.834309
v -0.297072 0.462025 -0.921641
v -0.299307 0.460492 -0.750052
v -0.338413 0.425797 -0.836432
v -0.258394 0.497353 -0.835182
v -0.288929 0.454945 -1.264267
v -0.292293 0.458766 -1.092901
v -0.334644 0.426041 -1.178792
v -0.246698 0.488346 -1.178381
v -1.267618 0.147904 -1.601009
v -1.264073 0.147904 -1.432931
v -1.318942 0.147904 -1.517243
v -1.212241 0.147904 -1.516485
v -1.480824 0.150109 -1.601042
v -1.476998 0.147904 -1.433172
v -1.531922 0.147904 -1.516978
v -1.425497 0.147904 -1.517255
v -1.490188 0.189058 -1.936794
v -1.485464 0.190910 -1.768872
v -1.541091 0.191684 -1.852476
v -1.434582 0.197887 -1.853152
v -1.266772 0.147904 -0.927940
v -1.272173 0.147920 -0.759775
v -1.322676 0.147904 -0.844282
v -1.216006 0.147905 -0.843307
v -1.479884 0.147904 -0.929242
v -1.485182 0.147904 -0.761324
v -1.535582 0.147904 -0.845597
v -1.429189 0.147904 -0.844970
v -1.476407 0.147904 -1.265223
v -1.476732 0.147904 -1.097226
v -1.529833 0.147904 -1.181298
v -1.423384 0.147904 -1.181130
v -0.869538 0.221161 -0.917494
v -0.881373 0.230002 -0.748628
v -0.909201 0.188075 -0.836151
v -0.843938 0.273556 -0.831807
v -1.052791 0.147817 -0.924876
v -1.058478 0.147857 -0.756913
v -1.109220 0.147845 -0.841815
v -1.002581 0.149642 -0.839790
v -1.049699 0.147873 -1.261002
v -1.050176 0.147848 -1.092923
v -1.103338 0.147900 -1.178226
v -0.996576 0.147769 -1.175103
v -1.336202 0.198492 -2.945859
v -1.325131 0.171596 -2.777492
v -1.383731 0.198894 -2.861881
v -1.278191 0.177160 -2.861023
v -1.547580 0.155412 -2.944985
v -1.536628 0.195964 -2.776392
v -1.595335 0.162431 -2.859303
v -1.489442 0.189816 -2.861427
v -1.560512 0.147927 -3.284019
v -1.555801 0.147904 -3.114196
v -1.611684 0.147927 -3.198075
v -1.505555 0.147904 -3.199656
v -1.289932 0.186903 -2.273895
v -1.282519 0.199118 -2.105684
v -1.339112 0.183842 -2.189965
v -1.232627 0.197976 -2.189403
v -1.502624 0.147904 -2.272657
v -1.495369 0.151482 -2.104755
v -1.551836 0.147904 -2.187817
v -1.445501 0.151124 -2.189402
v -1.524352 0.174530 -2.608296
v -1.512498 0.147904 -2.440465
v -1.571289 0.155794 -2.523010
v -1.465243 0.150291 -2.525256
v -0.862841 0.148271 -2.264870
v -0.855240 0.148079 -2.096787
v -0.912223 0.147996 -2.182587
v -0.804964 0.149135 -2.178901
v -1.076799 0.160547 -2.270797
v -1.069329 0.147942 -2.102563
v -1.126021 0.166327 -2.187825
v -1.019243 0.147903 -2.185489
v -1.101005 0.197191 -2.606086
v -1.087745 0.183956 -2.438567
v -1.147233 0.197495 -2.523514
v -1.041240 0.176077 -2.520965
v -0.521426 0.314986 1.057711
v -0.519700 0.246946 1.215539
v -0.573387 0.279224 1.139971
v -0.468951 0.269064 1.129640
v -0.721561 0.274703 1.072721
v -0.726997 0.213161 1.223607
v -0.770333 0.230496 1.153984
v -0.676470 0.253709 1.141687
v -0.727321 0.364646 0.747906
v -0.721656 0.320606 0.910832
v -0.772770 0.321441 0.829887
v -0.676547 0.371344 0.830575
v -0.520232 0.185840 1.706629
v -0.517570 0.196351 1.876560
v -0.571181 0.203872 1.794904
v -0.467323 0.195958 1.788697
v -0.728129 0.163722 1.722201
v -0.724828 0.198788 1.891565
v -0.779010 0.176586 1.811200
v -0.675045 0.194989 1.802641
v -0.725439 0.164011 1.385518
v -0.728048 0.149715 1.552960
v -0.778543 0.148093 1.472799
v -0.675346 0.150324 1.464226
v -0.104186 0.147905 1.692000
v -0.103826 0.147904 1.862587
v -0.155922 0.147951 1.778089
v -0.052184 0.147904 1.776821
v -0.312160 0.159536 1.697076
v -0.310630 0.157902 1.867413
v -0.363451 0.174140 1.784116
v -0.259645 0.154544 1.780604
v -0.313853 0.147047 1.355847
v -0.312741 0.147847 1.526590
v -0.364924 0.145001 1.443491
v -0.261060 0.148185 1.439262
v -1.329936 0.190721 1.091154
v -1.339671 0.203368 1.259002
v -1.387835 0.209845 1.175396
v -1.281785 0.177354 1.174375
v -1.542012 0.183065 1.090130
v -1.551617 0.170932 1.258747
v -1.599877 0.158402 1.173324
v -1.493849 0.196993 1.175096
v -1.524225 0.200380 0.753239
v -1.532440 0.193442 0.921584
v -1.581695 0.179203 0.836472
v -1.475507 0.207075 0.838360
v -1.356347 0.220361 1.765186
v -1.355074 0.209192 1.934971
v -1.409126 0.216588 1.851092
v -1.303164 0.207938 1.848507
v -1.568411 0.156413 1.767048
v -1.567797 0.155758 1.937116
v -1.621524 0.148063 1.851892
v -1.515300 0.177067 1.852120
v -1.560117 0.159710 1.427695
v -1.565955 0.155268 1.597135
v -1.616478 0.148038 1.511705
v -1.510453 0.176186 1.512635
v -0.936222 0.147911 1.740448
v -0.933090 0.156011 1.909530
v -0.987519 0.148241 1.829380
v -0.883121 0.157217 1.820312
v -1.145487 0.149724 1.756308
v -1.143160 0.149628 1.925596
v -1.197534 0.163382 1.843935
v -1.092319 0.147904 1.837415
v -1.137684 0.148673 1.419432
v -1.143800 0.150407 1.587506
v -1.193790 0.162117 1.506226
v -1.089073 0.147935 1.499945
v -1.286613 0.180827 -0.255042
v -1.289621 0.154518 -0.086611
v -1.341590 0.181873 -0.171348
v -1.234378 0.154652 -0.170331
v -1.500397 0.208369 -0.257043
v -1.503376 0.193759 -0.088831
v -1.555174 0.201761 -0.173612
v -1.448519 0.205865 -0.172406
v -1.491079 0.153239 -0.593382
v -1.496443 0.181267 -0.425261
v -1.547104 0.155306 -0.509815
v -1.440672 0.174264 -0.508929
v -1.300572 0.149510 0.418840
v -1.304359 0.155705 0.587380
v -1.355129 0.165315 0.502768
v -1.249148 0.147897 0.503470
v -1.513609 0.201476 0.416731
v -1.517168 0.203580 0.585105
v -1.567323 0.197314 0.499981
v -1.461174 0.197758 0.501760
v -1.506801 0.165299 0.079791
v -1.510518 0.187541 0.248308
v -1.561916 0.178057 0.163326
v -1.455409 0.163126 0.164738
v -0.878185 0.169061 0.426033
v -0.893589 0.213748 0.589024
v -0.932313 0.166277 0.508612
v -0.838372 0.217501 0.506209
v -1.087093 0.147821 0.420002
v -1.090900 0.149615 0.587597
v -1.142508 0.147796 0.503393
v -1.035337 0.149434 0.504872
v -1.079032 0.147905 0.083456
v -1.083993 0.147885 0.251574
v -1.135061 0.147906 0.167022
v -1.027992 0.147874 0.168479
v 1.117597 0.144795 1.085258
v 1.128172 0.148308 1.251650
v 1.070572 0.145900 1.164973
v 1.175567 0.149525 1.171061
v 0.914504 0.193276 1.073899
v 0.918602 0.153937 1.237007
v 0.865190 0.187757 1.152884
v 0.966501 0.157587 1.157718
v 0.919975 0.276378 0.748054
v 0.914577 0.237655 0.911964
v 0.867625 0.280821 0.829784
v 0.964290 0.234889 0.831188
v 1.145725 0.192014 1.755871
v 1.143533 0.202156 1.925185
v 1.092607 0.181715 1.837094
v 1.197840 0.215165 1.843453
v 0.936385 0.147969 1.740697
v 0.933362 0.148000 1.909884
v 0.883268 0.147897 1.820927
v 0.987762 0.149129 1.829420
v 0.929436 0.163734 1.403968
v 0.935279 0.168271 1.572077
v 0.881052 0.181200 1.483518
v 0.984890 0.161365 1.491930
v 1.568678 0.147904 1.766368
v 1.568153 0.147904 1.936405
v 1.515614 0.147904 1.851497
v 1.621829 0.147904 1.851125
v 1.356590 0.188359 1.764687
v 1.355437 0.165370 1.934439
v 1.303469 0.199141 1.847993
v 1.409434 0.157578 1.850557
v 1.348350 0.211650 1.426804
v 1.354306 0.204873 1.595433
v 1.299013 0.212425 1.509825
v 1.404612 0.194108 1.511780
v 0.314028 0.290808 1.043487
v 0.312184 0.223155 1.200819
v 0.262207 0.238651 1.116384
v 0.363557 0.269936 1.126329
v 0.110439 0.226056 1.024137
v 0.109086 0.160826 1.181655
v 0.056512 0.180324 1.098258
v 0.161258 0.204186 1.106003
v 0.108058 0.427129 0.752777
v 0.112288 0.313521 0.878433
v 0.057532 0.361250 0.810600
v 0.165036 0.375431 0.815003
v 0.311805 0.149276 1.699579
v 0.310237 0.148167 1.870057
v 0.259141 0.147912 1.783273
v 0.363124 0.154340 1.786402
v 0.103783 0.147906 1.693615
v 0.103153 0.147904 1.864178
v 0.051590 0.147904 1.777936
v 0.155351 0.147905 1.780220
v 0.106028 0.147888 1.351231
v 0.104394 0.147847 1.522682
v 0.052720 0.147841 1.435889
v 0.157243 0.147998 1.438581
v 0.727977 0.182847 1.723123
v 0.724906 0.148185 1.892637
v 0.674989 0.169678 1.803642
v 0.779031 0.152506 1.812197
v 0.520154 0.187129 1.707873
v 0.517516 0.159010 1.878002
v 0.467184 0.171617 1.790307
v 0.571110 0.181163 1.796046
v 0.519405 0.192211 1.376607
v 0.520566 0.149012 1.538072
v 0.469108 0.152373 1.450127
v 0.571979 0.160677 1.459023
v 0.302871 0.447057 -0.236272
v 0.299160 0.429908 -0.066300
v 0.261001 0.472861 -0.149740
v 0.342977 0.404987 -0.152315
v 0.102572 0.483726 -0.237964
v 0.104743 0.423979 -0.077938
v 0.050014 0.456928 -0.156369
v 0.156194 0.460905 -0.155982
v 0.102201 0.524814 -0.577617
v 0.101823 0.506774 -0.407158
v 0.048201 0.515439 -0.492635
v 0.155263 0.515100 -0.491813
v 0.303878 0.438920 0.430443
v 0.325090 0.436514 0.597099
v 0.274756 0.396031 0.512266
v 0.362367 0.458099 0.514170
v 0.116166 0.344867 0.425162
v 0.116010 0.381383 0.590406
v 0.062209 0.353023 0.509430
v 0.171329 0.363232 0.510114
v 0.108230 0.366025 0.083653
v 0.112608 0.343361 0.254155
v 0.057524 0.353331 0.169598
v 0.157897 0.374256 0.171287
v 0.692970 0.294908 0.425755
v 0.711477 0.350892 0.584952
v 0.656232 0.350946 0.506747
v 0.747911 0.295812 0.505165
v 0.508503 0.394854 0.436963
v 0.526267 0.460196 0.600457
v 0.467163 0.442204 0.519192
v 0.564364 0.403430 0.514031
v 0.476303 0.311893 0.101961
v 0.490588 0.342585 0.271531
v 0.434402 0.345272 0.188056
v 0.528727 0.298556 0.186628
v 1.068089 0.147904 -0.250477
v 1.070555 0.147905 -0.082332
v 1.015089 0.147904 -0.165210
v 1.122710 0.147904 -0.167394
v 0.852648 0.147999 -0.249054
v 0.854991 0.148019 -0.078520
v 0.799721 0.149339 -0.163395
v 0.907305 0.147910 -0.164208
v 0.859125 0.186289 -0.583621
v 0.852193 0.148078 -0.418999
v 0.812679 0.198397 -0.499269
v 0.903399 0.148016 -0.501821
v 1.082739 0.147901 0.422046
v 1.088032 0.149446 0.589028
v 1.031183 0.150003 0.508675
v 1.137685 0.148025 0.504915
v 0.880909 0.195360 0.426034
v 0.899205 0.241908 0.588468
v 0.842091 0.244416 0.506073
v 0.935013 0.190927 0.509294
v 0.860319 0.149014 0.091889
v 0.867969 0.153403 0.261651
v 0.811499 0.154521 0.178590
v 0.917067 0.148936 0.175262
v 1.508810 0.200416 0.416966
v 1.513294 0.203074 0.585187
v 1.456570 0.193887 0.502152
v 1.562606 0.197833 0.499995
v 1.295949 0.148232 0.419831
v 1.300783 0.150875 0.588093
v 1.244301 0.147864 0.504384
v 1.350542 0.159361 0.503612
v 1.289565 0.147904 0.083014
v 1.294127 0.147904 0.251351
v 1.238488 0.147905 0.167680
v 1.345232 0.148734 0.166643
v -0.463546 0.284479 -0.243478
v -0.464802 0.273848 -0.072427
v -0.506318 0.245062 -0.159531
v -0.424785 0.315135 -0.156639
v -0.646738 0.173207 -0.250243
v -0.646910 0.161889 -0.077496
v -0.696606 0.146997 -0.165340
v -0.597063 0.187369 -0.162586
v -0.682345 0.290190 -0.574345
v -0.661538 0.222651 -0.415283
v -0.723152 0.241333 -0.494261
v -0.620010 0.264665 -0.497042
v -0.500342 0.359381 0.433415
v -0.519498 0.427818 0.592484
v -0.557817 0.370576 0.510273
v -0.460451 0.410697 0.514239
v -0.688316 0.264749 0.425284
v -0.705177 0.319657 0.585727
v -0.743598 0.267137 0.505258
v -0.650048 0.318431 0.506488
v -0.655878 0.175931 0.094841
v -0.671717 0.213761 0.262450
v -0.711328 0.169945 0.178488
v -0.616024 0.215912 0.180801
v -0.101606 0.342583 0.425710
v -0.101528 0.388466 0.587815
v -0.156809 0.358811 0.510773
v -0.047462 0.353060 0.509555
v -0.298252 0.421042 0.428413
v -0.315760 0.420120 0.595797
v -0.357182 0.434283 0.511697
v -0.261872 0.385459 0.511870
v -0.303878 0.402955 0.103182
v -0.286247 0.365135 0.268462
v -0.333237 0.356494 0.185836
v -0.246691 0.368958 0.178674
v -0.496635 0.149351 -2.918753
v -0.484897 0.170290 -2.754009
v -0.542137 0.149338 -2.837713
v -0.439166 0.166864 -2.835419
v -0.705845 0.148145 -2.927844
v -0.692928 0.149622 -2.760268
v -0.752259 0.148242 -2.845780
v -0.646892 0.149230 -2.842067
v -0.718195 0.154136 -3.265451
v -0.715194 0.148062 -3.096160
v -0.769598 0.164341 -3.182775
v -0.665608 0.147922 -3.178441
v -0.458213 0.264986 -2.265163
v -0.459552 0.290088 -2.097712
v -0.501805 0.244124 -2.177690
v -0.408954 0.301527 -2.184236
v -0.650755 0.164993 -2.258564
v -0.647788 0.183517 -2.090397
v -0.698558 0.153837 -2.175274
v -0.598111 0.193698 -2.174397
v -0.678626 0.145304 -2.593134
v -0.663608 0.157170 -2.426339
v -0.723526 0.147265 -2.510980
v -0.620969 0.169436 -2.509560
v -0.101487 0.522305 -2.301890
v -0.098652 0.534050 -2.129058
v -0.143894 0.497171 -2.211274
v -0.054013 0.564665 -2.220526
v -0.279361 0.391572 -2.281790
v -0.279911 0.413090 -2.113641
v -0.319813 0.365229 -2.192687
v -0.232685 0.432081 -2.201987
v -0.295208 0.324253 -2.608750
v -0.294878 0.380288 -2.449605
v -0.343408 0.330016 -2.526533
v -0.248752 0.380494 -2.533609
v 1.125117 0.175530 -2.940379
v 1.114048 0.160054 -2.772058
v 1.067114 0.153546 -2.854946
v 1.172601 0.183610 -2.857279
v 0.914235 0.150902 -2.935217
v 0.902929 0.147916 -2.766970
v 0.855963 0.148867 -2.849766
v 0.961598 0.147905 -2.852362
v 0.927156 0.153324 -3.273334
v 0.923279 0.158869 -3.103881
v 0.873703 0.167655 -3.187059
v 0.978421 0.154590 -3.189912
v 1.076341 0.147904 -2.268425
v 1.067492 0.147904 -2.100194
v 1.018271 0.147903 -2.183010
v 1.124812 0.147904 -2.185562
v 0.862945 0.148102 -2.263265
v 0.853975 0.148128 -2.094657
v 0.804316 0.148050 -2.177926
v 0.911513 0.147906 -2.180287
v 0.889783 0.147945 -2.599023
v 0.875671 0.148001 -2.431242
v 0.829706 0.148411 -2.513928
v 0.935714 0.147905 -2.516391
v 1.501849 0.179113 -2.270810
v 1.493491 0.196495 -2.103108
v 1.443763 0.198525 -2.187461
v 1.549960 0.171655 -2.185912
v 1.289102 0.170410 -2.271855
v 1.280485 0.152862 -2.103764
v 1.231264 0.149178 -2.187372
v 1.337596 0.178692 -2.188142
v 1.312683 0.194593 -2.607462
v 1.300102 0.189826 -2.439700
v 1.253344 0.183560 -2.523074
v 1.359252 0.193440 -2.523782
v 1.524415 0.147963 -2.606185
v 1.512225 0.157591 -2.438429
v 1.465202 0.163158 -2.523182
v 1.571214 0.147904 -2.520884
v 1.101223 0.149117 -2.604106
v 1.087992 0.147904 -2.436333
v 1.041607 0.147903 -2.518977
v 1.147468 0.152200 -2.521348
v 1.137375 0.162563 -3.278666
v 1.133419 0.185401 -3.109204
v 1.083434 0.170226 -3.192605
v 1.188687 0.177501 -3.195002
v -0.101766 0.402843 -2.616749
v -0.107901 0.494435 -2.470649
v -0.153877 0.429687 -2.540790
v -0.051376 0.459744 -2.545795
v -0.484065 0.226447 -2.595923
v -0.479059 0.265910 -2.432995
v -0.529477 0.223982 -2.512904
v -0.438002 0.279368 -2.519436
v -0.510909 0.147867 -3.254942
v -0.507925 0.148520 -3.085932
v -0.562036 0.147962 -3.173281
v -0.458957 0.147696 -3.167045
v -0.102379 0.360128 0.084119
v -0.101216 0.336831 0.254784
v -0.149649 0.367146 0.172058
v -0.048546 0.347140 0.169305
v -0.471198 0.279714 0.099331
v -0.483240 0.306472 0.269376
v -0.522912 0.265046 0.184020
v -0.429031 0.312639 0.185443
v -0.472842 0.325391 -0.583281
v -0.465416 0.301239 -0.413950
v -0.516774 0.289622 -0.499647
v -0.423392 0.340927 -0.497454
v 1.502956 0.183244 0.080463
v 1.507292 0.194502 0.248702
v 1.451852 0.173733 0.165404
v 1.558331 0.198573 0.163674
v 1.075279 0.147896 0.085852
v 1.080498 0.147882 0.254105
v 1.024419 0.147834 0.171807
v 1.131569 0.147899 0.168829
v 1.061607 0.147810 -0.586673
v 1.066383 0.147897 -0.418620
v 1.010480 0.147841 -0.501600
v 1.117727 0.147903 -0.503707
v 0.659231 0.204758 0.097080
v 0.675891 0.243760 0.263658
v 0.620727 0.247199 0.182963
v 0.714199 0.197583 0.179771
v 0.299145 0.421965 0.104299
v 0.294950 0.388057 0.270393
v 0.252277 0.388359 0.179458
v 0.337227 0.383841 0.189062
v 0.295516 0.461015 -0.577810
v 0.297111 0.450790 -0.407250
v 0.256902 0.491169 -0.491642
v 0.336142 0.419391 -0.493785
v 0.724120 0.172955 1.387635
v 0.728121 0.189492 1.554396
v 0.674915 0.167337 1.466583
v 0.777928 0.182364 1.474411
v 0.313984 0.160614 1.360019
v 0.312829 0.147785 1.528946
v 0.261236 0.144981 1.442199
v 0.365521 0.149440 1.445518
v 0.319550 0.471679 0.759022
v 0.318792 0.373469 0.895270
v 0.269692 0.403898 0.822760
v 0.371610 0.440853 0.829232
v 1.560013 0.149484 1.427086
v 1.566059 0.147904 1.596485
v 1.510457 0.154665 1.512093
v 1.616488 0.147904 1.510981
v 1.137621 0.153522 1.418957
v 1.143852 0.169327 1.587051
v 1.088993 0.149591 1.499541
v 1.193758 0.180909 1.505767
v 1.100368 0.163214 0.753992
v 1.107149 0.150155 0.919212
v 1.057566 0.184148 0.834364
v 1.154391 0.146879 0.838563
v -0.864215 0.148054 0.088213
v -0.870650 0.147908 0.258440
v -0.920916 0.147960 0.171682
v -0.814106 0.144505 0.175257
v -1.293318 0.147904 0.081819
v -1.297402 0.147904 0.250250
v -1.348749 0.148186 0.165630
v -1.241974 0.147904 0.166377
v -1.278032 0.161785 -0.591658
v -1.283238 0.188208 -0.423440
v -1.334123 0.181006 -0.508064
v -1.227429 0.168612 -0.507017
v -0.929479 0.147526 1.404256
v -0.935200 0.148320 1.571860
v -0.984912 0.148851 1.492090
v -0.881128 0.151362 1.482984
v -1.348420 0.212688 1.427137
v -1.354229 0.218007 1.595864
v -1.404616 0.213853 1.512191
v -1.299027 0.203819 1.510213
v -1.311767 0.165546 0.755398
v -1.320457 0.177483 0.923324
v -1.369134 0.190574 0.839232
v -1.262956 0.154842 0.839220
v -0.104405 0.147862 1.349778
v -0.104267 0.147891 1.521075
v -0.156521 0.147837 1.436348
v -0.051911 0.147855 1.435054
v -0.520157 0.176379 1.371315
v -0.520755 0.149373 1.536732
v -0.572217 0.151614 1.455903
v -0.469060 0.149427 1.448311
v -0.543369 0.507503 0.750936
v -0.524453 0.392307 0.902232
v -0.579018 0.418115 0.829161
v -0.473426 0.437817 0.825332
v -0.889619 0.147957 -2.599646
v -0.874885 0.148090 -2.432384
v -0.935234 0.148223 -2.517768
v -0.829208 0.148071 -2.514184
v -1.312557 0.148269 -2.609582
v -1.300206 0.161025 -2.441820
v -1.359229 0.147904 -2.525886
v -1.253229 0.168260 -2.525230
v -1.348327 0.148728 -3.284295
v -1.344332 0.173619 -3.114817
v -1.399651 0.148924 -3.199845
v -1.294277 0.171548 -3.198890
v -0.841654 0.167839 -1.252007
v -0.850629 0.189384 -1.083145
v -0.890399 0.149874 -1.169336
v -0.811014 0.219216 -1.168504
v -1.263279 0.147904 -1.264654
v -1.263739 0.147904 -1.096304
v -1.316823 0.147904 -1.180801
v -1.210144 0.147904 -1.179988
v -1.277173 0.171224 -1.937331
v -1.272354 0.147904 -1.769082
v -1.328042 0.167995 -1.853391
v -1.221506 0.147999 -1.852714
v -0.109172 0.572456 -1.264767
v -0.110464 0.566053 -1.091989
v -0.161840 0.555606 -1.178853
v -0.055988 0.574911 -1.177961
v -0.489316 0.381095 -1.263009
v -0.484838 0.368608 -1.092301
v -0.539454 0.365167 -1.176469
v -0.433922 0.384917 -1.178591
v -0.477274 0.336487 -1.934484
v -0.498293 0.386782 -1.772440
v -0.534972 0.336545 -1.850971
v -0.438908 0.383590 -1.855136
v 0.678422 0.144479 -2.594574
v 0.664294 0.155454 -2.427573
v 0.621084 0.167363 -2.511039
v 0.724013 0.146658 -2.511916
v 0.297342 0.327175 -2.612309
v 0.294524 0.374490 -2.450058
v 0.252584 0.382783 -2.535991
v 0.343680 0.327086 -2.528278
v 0.305816 0.182902 -3.240010
v 0.306599 0.159027 -3.070279
v 0.255291 0.162899 -3.151887
v 0.357555 0.186592 -3.158933
v 0.678424 0.290473 -1.251323
v 0.694461 0.326847 -1.084173
v 0.640187 0.335101 -1.168905
v 0.730463 0.279201 -1.167150
v 0.288903 0.460921 -1.260698
v 0.291472 0.468259 -1.089446
v 0.245512 0.495097 -1.175764
v 0.335693 0.436203 -1.174114
v 0.291735 0.433786 -1.944458
v 0.297776 0.453388 -1.774481
v 0.248195 0.470066 -1.861956
v 0.342924 0.419725 -1.857512
v 1.476492 0.147904 -1.264083
v 1.477381 0.147904 -1.096139
v 1.423705 0.147904 -1.180014
v 1.530146 0.147904 -1.180163
v 1.050172 0.147882 -1.258502
v 1.050535 0.147881 -1.090473
v 0.997248 0.148760 -1.172453
v 1.103820 0.147899 -1.175977
v 1.060930 0.147912 -1.931761
v 1.055741 0.148542 -1.763284
v 1.004826 0.147906 -1.845905
v 1.111344 0.148453 -1.848949
v 1.486867 0.199848 -1.935355
v 1.481921 0.188531 -1.767634
v 1.431007 0.178644 -1.851808
v 1.537472 0.201726 -1.850945
v 0.644961 0.190992 -1.923189
v 0.656030 0.226549 -1.757866
v 0.611731 0.245967 -1.843177
v 0.691279 0.174600 -1.838822
v 0.718198 0.195889 -3.267009
v 0.714206 0.199117 -3.097721
v 0.665479 0.215657 -3.180305
v 0.769346 0.193214 -3.183950
v -0.101893 0.542813 -1.955785
v -0.103954 0.552319 -1.782685
v -0.151139 0.525102 -1.867610
v -0.051623 0.560353 -1.869873
v -0.851121 0.144732 -1.928602
v -0.846585 0.146647 -1.760130
v -0.901912 0.149525 -1.845698
v -0.797192 0.154848 -1.842721
v -0.927148 0.183234 -3.273318
v -0.923901 0.195336 -3.103860
v -0.978703 0.183512 -3.190355
v -0.873928 0.193233 -3.186620
v -0.103398 0.398551 0.733464
v -0.105243 0.306022 0.875637
v -0.159010 0.357552 0.805790
v -0.050644 0.354390 0.806874
v -0.922575 0.266946 0.747257
v -0.914793 0.229331 0.911402
v -0.967138 0.228724 0.831521
v -0.870197 0.274908 0.829728
v -0.860102 0.180789 -0.587639
v -0.856042 0.145733 -0.422740
v -0.906932 0.145488 -0.505567
v -0.811351 0.185666 -0.503344
v 1.521220 0.201185 0.753342
v 1.530416 0.193028 0.921516
v 1.472573 0.205584 0.838454
v 1.578720 0.180721 0.836097
v 0.726194 0.374975 0.748670
v 0.724194 0.332659 0.911811
v 0.677583 0.382178 0.831648
v 0.772673 0.331223 0.830525
v 0.697131 0.321779 -0.570193
v 0.673312 0.260792 -0.408797
v 0.635182 0.309385 -0.489784
v 0.733709 0.268959 -0.489623
v 1.489232 0.147904 -0.592380
v 1.494132 0.147904 -0.424275
v 1.438450 0.147904 -0.507832
v 1.545008 0.147904 -0.508858
v -0.112574 0.522831 -0.577651
v -0.112583 0.504610 -0.406667
v -0.165767 0.513133 -0.491434
v -0.058925 0.514261 -0.492522
v -0.101575 0.147482 -3.227467
v -0.099806 0.148507 -3.058460
v -0.152121 0.146494 -3.146529
v -0.050448 0.147102 -3.139196
v 1.560851 0.147904 -3.281861
v 1.555989 0.147904 -3.112052
v 1.505808 0.147904 -3.197526
v 1.611942 0.147904 -3.195893
v 1.609041 0.147904 -3.110980
v 1.502984 0.147904 -3.112736
v 1.507743 0.147904 -3.282460
v -0.049033 0.144747 -3.054213
v -0.150591 0.145672 -3.062095
v -0.152397 0.147218 -3.231126
v -0.058998 0.505695 -0.407113
v -0.166122 0.505138 -0.405782
v -0.166091 0.523363 -0.576950
v 1.547401 0.147904 -0.424827
v 1.440819 0.147904 -0.423730
v 1.435939 0.147904 -0.591897
v 0.720127 0.236074 -0.410228
v 0.624212 0.280845 -0.408725
v 0.645678 0.337682 -0.571262
v 0.772268 0.309874 0.912048
v 0.677236 0.357703 0.912392
v 0.678417 0.402230 0.749662
v 1.583471 0.173906 0.920166
v 1.477375 0.205071 0.922511
v 1.468121 0.204394 0.754386
v -0.804546 0.155804 -0.423053
v -0.909003 0.148085 -0.421479
v -0.904507 0.151113 -0.588949
v -0.866447 0.251891 0.910783
v -0.962560 0.205897 0.912394
v -0.970231 0.241189 0.747992
v -0.050752 0.305065 0.875895
v -0.159444 0.310326 0.876187
v -0.156846 0.403331 0.734340
v -0.871632 0.188598 -3.102011
v -0.976229 0.188348 -3.105678
v -0.979919 0.179087 -3.275290
v -0.797835 0.167342 -1.759523
v -0.899827 0.150336 -1.761279
v -0.903956 0.148800 -1.930019
v -0.051956 0.562580 -1.783132
v -0.152507 0.530867 -1.781410
v -0.149479 0.518990 -1.953845
v 0.766320 0.189969 -3.099415
v 0.662261 0.204792 -3.095855
v 0.666190 0.207595 -3.265071
v 0.693378 0.187931 -1.755213
v 0.620076 0.266572 -1.761202
v 0.602973 0.224201 -1.924818
v 1.535145 0.199496 -1.767158
v 1.428666 0.169272 -1.767904
v 1.433687 0.187626 -1.935701
v 1.109100 0.145659 -1.764684
v 1.002308 0.147914 -1.761607
v 1.007669 0.147900 -1.930201
v 1.103989 0.147893 -1.091934
v 0.997023 0.148430 -1.088602
v 0.996847 0.147976 -1.256483
v 1.530603 0.147904 -1.096266
v 1.424130 0.147904 -1.095975
v 1.423273 0.147904 -1.264043
v 0.346436 0.430362 -1.772780
v 0.249804 0.477450 -1.776392
v 0.245473 0.460929 -1.947241
v 0.337471 0.440043 -1.088644
v 0.249980 0.502913 -1.090374
v 0.243992 0.490507 -1.261528
v 0.738900 0.297533 -1.083409
v 0.646224 0.349741 -1.084400
v 0.633079 0.318090 -1.252644
v 0.357226 0.167572 -3.074408
v 0.255387 0.152462 -3.067115
v 0.254664 0.170187 -3.236859
v 0.340026 0.345000 -2.445766
v 0.249525 0.405027 -2.454549
v 0.246647 0.343186 -2.610561
v 0.716452 0.148878 -2.428147
v 0.614945 0.175923 -2.427782
v 0.626710 0.156185 -2.593980
v -0.447471 0.404285 -1.772976
v -0.547733 0.365993 -1.771021
v -0.523922 0.310079 -1.931838
v -0.432117 0.379555 -1.093140
v -0.538121 0.361917 -1.090942
v -0.541591 0.369830 -1.262003
v -0.056469 0.570469 -1.091918
v -0.164711 0.558579 -1.092214
v -0.156747 0.547141 -1.264520
v -1.219071 0.147904 -1.768597
v -1.325644 0.151266 -1.769311
v -1.330431 0.188352 -1.937519
v -1.210415 0.147904 -1.095802
v -1.317032 0.147904 -1.096641
v -1.316607 0.147904 -1.264946
v -0.816267 0.230008 -1.083583
v -0.892888 0.156806 -1.085105
v -0.889662 0.144433 -1.253829
v -1.291741 0.187807 -3.114227
v -1.397041 0.158992 -3.115134
v -1.401291 0.147904 -3.284713
v -1.247113 0.180468 -2.441371
v -1.353290 0.149045 -2.441981
v -1.365482 0.149282 -2.609788
v -0.821499 0.148893 -2.430594
v -0.928171 0.147915 -2.434135
v -0.942465 0.152395 -2.601427
v -0.471564 0.390081 0.899154
v -0.575107 0.377659 0.903559
v -0.583424 0.452102 0.750734
v -0.468856 0.149046 1.533363
v -0.572605 0.149426 1.540557
v -0.571182 0.185355 1.377822
v -0.052098 0.147904 1.520648
v -0.156412 0.147862 1.521922
v -0.157015 0.147959 1.350635
v -1.267401 0.158958 0.923044
v -1.373489 0.196290 0.923319
v -1.364762 0.184453 0.755089
v -1.301468 0.206899 1.594568
v -1.407069 0.214696 1.596723
v -1.401282 0.213595 1.427811
v -0.883326 0.149039 1.566987
v -0.987210 0.147727 1.576248
v -0.981026 0.147652 1.408062
v -1.229855 0.176039 -0.422895
v -1.336588 0.196472 -0.423933
v -1.331347 0.163534 -0.592145
v -1.244081 0.147904 0.250562
v -1.350708 0.150497 0.249891
v -1.346765 0.148024 0.081392
v -0.817701 0.150921 0.260560
v -0.923760 0.148594 0.256912
v -0.917898 0.147849 0.086747
v 1.159368 0.145035 0.921768
v 1.057617 0.168613 0.916360
v 1.059137 0.196160 0.751720
v 1.196300 0.191502 1.589943
v 1.091523 0.152593 1.583714
v 1.085137 0.148744 1.415606
v 1.619124 0.147904 1.595902
v 1.513036 0.150185 1.596758
v 1.507036 0.161540 1.427568
v 0.369392 0.390363 0.897907
v 0.268625 0.354687 0.890769
v 0.267133 0.455279 0.756448
v 0.364975 0.147864 1.530679
v 0.260740 0.148754 1.527241
v 0.262572 0.150882 1.357030
v 0.779366 0.198436 1.558739
v 0.676133 0.179673 1.550002
v 0.673564 0.181061 1.385914
v 0.335805 0.413647 -0.408511
v 0.259736 0.489758 -0.406086
v 0.255618 0.496757 -0.576884
v 0.345280 0.403375 0.272073
v 0.252048 0.417094 0.259893
v 0.246295 0.423638 0.101810
v 0.722905 0.219621 0.262255
v 0.629245 0.268199 0.265898
v 0.613022 0.230989 0.098661
v 1.120022 0.147906 -0.419656
v 1.012710 0.147867 -0.417627
v 1.008055 0.147738 -0.585541
v 1.133974 0.147881 0.252822
v 1.027016 0.148066 0.256182
v 1.021554 0.147853 0.087477
v 1.560502 0.199755 0.247744
v 1.454049 0.179879 0.249566
v 1.449676 0.167555 0.081244
v -0.422695 0.333432 -0.412267
v -0.511067 0.273530 -0.415503
v -0.523730 0.308764 -0.582884
v -0.434025 0.324678 0.270646
v -0.530274 0.283297 0.268206
v -0.516824 0.253010 0.098567
v -0.047746 0.337882 0.254587
v -0.149851 0.358456 0.256777
v -0.150690 0.381091 0.087996
v -0.456407 0.148481 -3.082649
v -0.559565 0.147555 -3.088886
v -0.562560 0.147911 -3.257940
v -0.433185 0.294412 -2.436647
v -0.524277 0.236594 -2.429895
v -0.530301 0.200447 -2.593438
v -0.055022 0.512939 -2.475680
v -0.154021 0.464515 -2.463245
v -0.151573 0.385188 -2.613228
v 1.186065 0.188662 -3.110345
v 1.080816 0.173067 -3.107957
v 1.084715 0.159294 -3.277419
v 1.141024 0.148389 -2.437473
v 1.034947 0.147903 -2.435084
v 1.048381 0.147904 -2.602876
v 1.565282 0.148548 -2.437077
v 1.459191 0.174482 -2.439291
v 1.471450 0.154126 -2.607095
v 1.353129 0.196662 -2.439901
v 1.247079 0.173698 -2.439200
v 1.259797 0.190598 -2.606956
v 1.333731 0.168594 -2.104180
v 1.227241 0.147904 -2.103319
v 1.235932 0.154272 -2.271371
v 1.546521 0.182187 -2.102172
v 1.441012 0.198620 -2.102795
v 1.448604 0.194040 -2.271442
v 0.928793 0.147906 -2.432492
v 0.822522 0.149156 -2.430075
v 0.836836 0.148222 -2.597800
v 0.907470 0.147911 -2.095938
v 0.800341 0.148247 -2.093519
v 0.809323 0.147925 -2.262156
v 1.120758 0.147904 -2.101450
v 1.014200 0.147903 -2.098794
v 1.023092 0.147903 -2.267134
v 0.975740 0.153879 -3.105275
v 0.870883 0.168000 -3.102454
v 0.874790 0.160633 -3.271886
v 0.955739 0.147904 -2.768261
v 0.850082 0.147971 -2.765706
v 0.861468 0.153929 -2.933887
v 1.166812 0.176525 -2.773172
v 1.061288 0.149409 -2.770838
v 1.072406 0.159626 -2.939155
v -0.248179 0.408472 -2.454036
v -0.341217 0.351798 -2.445105
v -0.341610 0.298285 -2.604669
v -0.235359 0.444529 -2.117799
v -0.324227 0.381318 -2.109408
v -0.323263 0.358445 -2.277162
v -0.053069 0.565674 -2.131042
v -0.144719 0.505027 -2.125656
v -0.147117 0.491303 -2.296860
v -0.614369 0.178179 -2.426387
v -0.715706 0.149823 -2.427312
v -0.731492 0.144759 -2.594697
v -0.600162 0.208804 -2.090873
v -0.697060 0.161779 -2.091074
v -0.702435 0.149359 -2.259492
v -0.413798 0.319376 -2.101270
v -0.505993 0.262069 -2.094703
v -0.504765 0.236641 -2.262095
v -0.663210 0.147886 -3.093940
v -0.767269 0.155531 -3.098203
v -0.770278 0.166827 -3.267553
v -0.640663 0.145911 -2.758651
v -0.745712 0.148486 -2.761927
v -0.758257 0.147980 -2.929739
v -0.434270 0.186329 -2.753839
v -0.535897 0.155876 -2.754896
v -0.548741 0.149710 -2.921115
v -0.244270 0.396157 0.259713
v -0.338741 0.369409 0.270191
v -0.334115 0.359552 0.100447
v -0.263641 0.405944 0.593660
v -0.364891 0.441437 0.595400
v -0.348795 0.404749 0.432582
v -0.047164 0.384660 0.588309
v -0.155827 0.392539 0.588464
v -0.155522 0.347977 0.426572
v -0.624385 0.236870 0.264042
v -0.719179 0.190485 0.261747
v -0.705276 0.155778 0.093538
v -0.658341 0.346898 0.586298
v -0.752529 0.293348 0.585706
v -0.735690 0.241015 0.424515
v -0.470099 0.447300 0.594352
v -0.567674 0.405227 0.588273
v -0.548210 0.337944 0.431085
v -0.610645 0.236757 -0.415869
v -0.710928 0.204458 -0.416414
v -0.730008 0.270851 -0.576247
v -0.598707 0.185494 -0.076101
v -0.698034 0.145554 -0.078835
v -0.697040 0.154430 -0.251570
v -0.423515 0.307622 -0.071521
v -0.508223 0.242738 -0.073502
v -0.506264 0.251632 -0.245207
v 1.347460 0.150562 0.250846
v 1.240774 0.147906 0.251812
v 1.236096 0.147904 0.083566
v 1.353930 0.164101 0.587679
v 1.247604 0.147868 0.588339
v 1.242701 0.147889 0.420196
v 1.566417 0.195211 0.583992
v 1.460177 0.198126 0.586235
v 1.455618 0.189657 0.417936
v 0.920418 0.147509 0.260152
v 0.818089 0.172393 0.262071
v 0.807009 0.149224 0.093613
v 0.945152 0.214049 0.590354
v 0.852470 0.268894 0.586859
v 0.834038 0.220702 0.424796
v 1.141080 0.150566 0.588732
v 1.036461 0.158282 0.591541
v 1.030034 0.145759 0.424498
v 0.905607 0.149292 -0.417751
v 0.804520 0.172100 -0.418244
v 0.823061 0.225499 -0.579477
v 0.908913 0.147877 -0.079417
v 0.801165 0.148883 -0.077626
v 0.799125 0.146733 -0.249220
v 1.124345 0.147904 -0.083305
v 1.016717 0.147904 -0.081001
v 1.014283 0.147898 -0.249398
v 0.536850 0.317882 0.270746
v 0.440909 0.359543 0.272960
v 0.430220 0.337731 0.102359
v 0.574328 0.438794 0.591223
v 0.474651 0.475541 0.600868
v 0.458876 0.411690 0.437480
v 0.758145 0.322695 0.585050
v 0.665593 0.380361 0.585623
v 0.647224 0.321345 0.427519
v 0.162796 0.361216 0.255575
v 0.059171 0.342522 0.254503
v 0.055657 0.372048 0.086035
v 0.169691 0.390202 0.590488
v 0.061540 0.378765 0.590272
v 0.061748 0.341931 0.425137
v 0.369841 0.465934 0.597657
v 0.274504 0.418060 0.593702
v 0.261419 0.406327 0.429072
v 0.155420 0.506615 -0.406620
v 0.048207 0.507209 -0.407322
v 0.048484 0.523594 -0.578027
v 0.157874 0.425114 -0.078342
v 0.051744 0.426975 -0.076141
v 0.049005 0.481685 -0.238253
v 0.336678 0.392441 -0.067776
v 0.256272 0.461142 -0.064761
v 0.263312 0.484267 -0.234783
v 0.572495 0.157310 1.541622
v 0.469187 0.150778 1.535108
v 0.468975 0.180487 1.369410
v 0.569322 0.158320 1.881056
v 0.465713 0.156946 1.875421
v 0.468122 0.175550 1.705218
v 0.776884 0.147904 1.896911
v 0.672996 0.150494 1.888494
v 0.675980 0.192314 1.718850
v 0.156501 0.147858 1.524124
v 0.052270 0.147886 1.521596
v 0.053527 0.148249 1.350008
v 0.154892 0.147904 1.865426
v 0.051412 0.147904 1.863190
v 0.051811 0.147905 1.692595
v 0.362093 0.149956 1.871617
v 0.258410 0.147906 1.868495
v 0.259740 0.147868 1.698003
v 0.165704 0.322848 0.881193
v 0.058145 0.308381 0.877154
v 0.054771 0.420821 0.749927
v 0.161091 0.172641 1.185294
v 0.055961 0.152991 1.179245
v 0.057053 0.217763 1.021364
v 0.363408 0.236250 1.205560
v 0.261833 0.206751 1.195550
v 0.264068 0.272628 1.038411
v 1.407153 0.185338 1.596269
v 1.301540 0.213994 1.594133
v 1.295553 0.207944 1.425700
v 1.408597 0.151007 1.935533
v 1.302332 0.185751 1.932859
v 1.303731 0.207582 1.763237
v 1.621302 0.147904 1.936175
v 1.514982 0.147904 1.936501
v 1.515583 0.147904 1.766485
v 0.987266 0.157053 1.576145
v 0.883345 0.181846 1.567682
v 0.877567 0.164653 1.399545
v 0.985730 0.152954 1.914063
v 0.881104 0.147902 1.905584
v 0.884238 0.151188 1.736357
v 1.196364 0.208842 1.928205
v 1.090815 0.185752 1.921776
v 1.093258 0.169416 1.752518
v 0.962152 0.214137 0.912666
v 0.867041 0.261477 0.911696
v 0.871246 0.299847 0.747649
v 0.970838 0.146963 1.240704
v 0.869602 0.174207 1.235738
v 0.866527 0.215486 1.073442
v 1.180894 0.154040 1.254462
v 1.075495 0.149584 1.248224
v 1.065055 0.145926 1.081486
v -1.030560 0.147864 0.252758
v -1.137375 0.147905 0.251083
v -1.132684 0.147905 0.082972
v -1.037601 0.148974 0.588468
v -1.144390 0.148120 0.587496
v -1.140521 0.147811 0.419307
v -0.847140 0.241038 0.587399
v -0.939382 0.185555 0.590861
v -0.928094 0.150228 0.425610
v -1.457277 0.175418 0.248983
v -1.563728 0.192493 0.247501
v -1.560052 0.169294 0.079048
v -1.464040 0.201998 0.585957
v -1.570281 0.193636 0.584107
v -1.566808 0.199625 0.415812
v -1.250561 0.148236 0.588034
v -1.357710 0.171604 0.586881
v -1.353868 0.159714 0.418481
v -1.443189 0.192590 -0.424820
v -1.549673 0.167259 -0.425744
v -1.544266 0.149051 -0.593819
v -1.450033 0.188945 -0.088220
v -1.556661 0.192030 -0.089514
v -1.553684 0.197698 -0.257624
v -1.236012 0.148699 -0.086130
v -1.343159 0.165896 -0.087133
v -1.340154 0.196034 -0.255541
v -1.091492 0.147886 1.584102
v -1.196238 0.164133 1.590415
v -1.190217 0.158332 1.422256
v -1.090452 0.147904 1.922073
v -1.195989 0.161627 1.928686
v -1.198050 0.163707 1.759299
v -0.880887 0.165501 1.904945
v -0.985415 0.150189 1.913977
v -0.988402 0.147908 1.744897
v -1.512938 0.174959 1.597328
v -1.619016 0.147940 1.596638
v -1.613134 0.148837 1.426903
v -1.514622 0.173002 1.937142
v -1.620949 0.148063 1.936951
v -1.621511 0.148130 1.766784
v -1.301965 0.199069 1.933384
v -1.408236 0.206659 1.936078
v -1.409280 0.217136 1.766192
v -1.479502 0.206411 0.922582
v -1.584944 0.174371 0.921121
v -1.577387 0.184377 0.752342
v -1.498620 0.191725 1.259332
v -1.604632 0.154226 1.257718
v -1.595037 0.163297 1.089034
v -1.286691 0.184760 1.258170
v -1.392651 0.212286 1.259451
v -1.382963 0.206178 1.091375
v -0.260646 0.147894 1.524742
v -0.364846 0.148841 1.528475
v -0.365666 0.154354 1.359005
v -0.258946 0.151785 1.865800
v -0.362333 0.166850 1.869228
v -0.364185 0.168120 1.698977
v -0.052084 0.147904 1.862067
v -0.155555 0.147904 1.863330
v -0.156181 0.147905 1.692781
v -0.676235 0.149916 1.548800
v -0.779842 0.149133 1.557220
v -0.775840 0.152360 1.388347
v -0.672951 0.204071 1.887384
v -0.776771 0.189292 1.895901
v -0.780122 0.156950 1.726547
v -0.465815 0.187739 1.873752
v -0.569340 0.202250 1.879786
v -0.572211 0.184225 1.710079
v -0.672504 0.341291 0.909407
v -0.769473 0.296771 0.910605
v -0.776198 0.339689 0.747347
v -0.675210 0.225179 1.221558
v -0.769317 0.180726 1.222751
v -0.763426 0.241879 1.070365
v -0.469479 0.231925 1.207164
v -0.572418 0.250198 1.220323
v -0.574121 0.310037 1.060297
v -1.034586 0.164396 -2.437244
v -1.140882 0.196883 -2.439714
v -1.153872 0.192406 -2.607304
v -1.015936 0.147902 -2.101318
v -1.122671 0.154106 -2.103665
v -1.130138 0.179837 -2.271894
v -0.802108 0.144421 -2.095016
v -0.908920 0.148132 -2.098474
v -0.916444 0.147939 -2.266589
v -1.459433 0.147904 -2.441334
v -1.565570 0.148039 -2.439180
v -1.577349 0.175273 -2.606903
v -1.442177 0.165130 -2.105345
v -1.548556 0.147904 -2.104022
v -1.555766 0.147904 -2.271597
v -1.229261 0.188558 -2.105259
v -1.335756 0.196851 -2.105838
v -1.343137 0.167885 -2.274035
v -1.502807 0.147904 -3.114858
v -1.608847 0.147904 -3.113150
v -1.613652 0.147897 -3.283116
v -1.483700 0.200871 -2.777243
v -1.589593 0.183904 -2.775022
v -1.600564 0.148720 -2.943752
v -1.272345 0.157833 -2.776938
v -1.377952 0.186294 -2.777748
v -1.388958 0.194378 -2.946153
v -0.996614 0.147391 -1.091208
v -1.103644 0.147894 -1.094113
v -1.103120 0.147902 -1.262358
v -1.005025 0.148888 -0.755994
v -1.111966 0.147849 -0.757750
v -1.106339 0.147850 -0.925873
v -0.842379 0.267527 -0.745411
v -0.911266 0.185536 -0.752559
v -0.902982 0.179511 -0.919063
v -1.423523 0.147904 -1.097068
v -1.529922 0.147904 -1.097360
v -1.529618 0.147904 -1.265230
v -1.431981 0.147904 -0.760979
v -1.538359 0.147904 -0.761691
v -1.533076 0.147904 -0.929508
v -1.218816 0.147905 -0.759217
v -1.325483 0.147934 -0.760233
v -1.320120 0.147904 -0.928354
v -1.432205 0.180090 -1.769151
v -1.538706 0.190952 -1.768596
v -1.543419 0.172596 -1.936342
v -1.423799 0.147904 -1.433251
v -1.530184 0.147904 -1.433078
v -1.534053 0.151949 -1.600859
v -1.210743 0.147904 -1.432430
v -1.317350 0.147904 -1.433188
v -1.320959 0.147904 -1.601261
v -0.251820 0.494484 -1.092865
v -0.335130 0.425931 -1.093140
v -0.335959 0.428826 -1.264445
v -0.260369 0.498068 -0.749197
v -0.338892 0.423884 -0.750906
v -0.337719 0.426796 -0.922003
v -0.059060 0.540997 -0.748798
v -0.168433 0.552052 -0.746990
v -0.163898 0.546499 -0.920400
v -0.643117 0.341051 -1.088542
v -0.743089 0.305003 -1.087271
v -0.739582 0.290923 -1.258450
v -0.641921 0.328201 -0.746203
v -0.750671 0.325520 -0.740341
v -0.752268 0.329813 -0.916216
v -0.430891 0.368729 -0.751946
v -0.534607 0.340076 -0.750464
v -0.538170 0.356036 -0.920300
v -0.637843 0.308440 -1.766613
v -0.717368 0.237324 -1.762519
v -0.701725 0.191851 -1.924618
v -0.645485 0.337373 -1.431329
v -0.728137 0.270363 -1.426941
v -0.729046 0.267200 -1.596624
v -0.445609 0.410551 -1.434127
v -0.548134 0.379989 -1.433426
v -0.559147 0.395597 -1.604523
v 0.523918 0.232391 -2.431221
v 0.432142 0.288535 -2.437823
v 0.437049 0.250539 -2.601814
v 0.502318 0.248349 -2.094614
v 0.412205 0.308626 -2.100826
v 0.412970 0.289224 -2.269375
v 0.694031 0.150288 -2.091584
v 0.595084 0.192777 -2.091392
v 0.600968 0.181279 -2.260060
v 0.162114 0.471070 -2.465566
v 0.059265 0.514071 -2.475826
v 0.054481 0.413424 -2.618987
v 0.147516 0.499176 -2.124478
v 0.052406 0.550818 -2.130577
v 0.056974 0.545632 -2.304931
v 0.324668 0.373018 -2.108571
v 0.237329 0.437987 -2.116600
v 0.236674 0.418909 -2.285841
v 0.153043 0.148749 -3.061006
v 0.050760 0.145455 -3.054365
v 0.050897 0.147096 -3.224491
v 0.155191 0.303607 -2.761019
v 0.051933 0.318665 -2.763301
v 0.049763 0.225522 -2.907597
v 0.333809 0.224878 -2.758551
v 0.248388 0.259064 -2.751272
v 0.253385 0.192975 -2.904944
v 0.544059 0.382071 -1.084809
v 0.440146 0.408671 -1.086898
v 0.437334 0.399963 -1.257759
v 0.551158 0.387712 -0.743684
v 0.446044 0.412525 -0.746326
v 0.446023 0.417571 -0.916690
v 0.761696 0.338963 -0.741385
v 0.659446 0.376667 -0.739905
v 0.656326 0.370730 -0.913438
v 0.159632 0.561612 -1.091174
v 0.051651 0.571592 -1.091572
v 0.052427 0.573155 -1.263982
v 0.157550 0.547275 -0.747557
v 0.049182 0.540627 -0.748728
v 0.049795 0.558084 -0.919843
v 0.344192 0.447540 -0.747703
v 0.255899 0.509030 -0.747422
v 0.252217 0.504814 -0.918953
v 0.154540 0.525637 -1.780275
v 0.053589 0.557723 -1.782684
v 0.053364 0.552720 -1.956349
v 0.155285 0.544871 -1.435745
v 0.053083 0.573375 -1.436921
v 0.054244 0.568283 -1.609661
v 0.343135 0.442517 -1.431192
v 0.247041 0.489957 -1.433455
v 0.250778 0.489391 -1.605101
v 1.317531 0.147904 -1.095382
v 1.210810 0.147904 -1.094148
v 1.210167 0.147904 -1.262432
v 1.323984 0.147904 -0.758976
v 1.217208 0.147905 -0.757636
v 1.211801 0.147905 -0.925822
v 1.537091 0.147904 -0.760713
v 1.430611 0.147904 -0.759924
v 1.425282 0.147904 -0.927870
v 0.892563 0.153673 -1.082563
v 0.812171 0.221301 -1.080492
v 0.793372 0.181412 -1.245250
v 0.907781 0.181292 -0.750001
v 0.838208 0.262625 -0.744907
v 0.829881 0.254152 -0.914491
v 1.110360 0.147846 -0.755827
v 1.003569 0.148719 -0.753324
v 0.997897 0.147942 -0.920984
v 0.895657 0.148007 -1.757910
v 0.789236 0.147116 -1.754871
v 0.794559 0.149577 -1.924247
v 0.889869 0.148468 -1.419567
v 0.785373 0.156601 -1.414207
v 0.784809 0.146940 -1.584761
v 1.103306 0.147904 -1.428378
v 0.996617 0.147905 -1.424750
v 0.998167 0.147899 -1.593156
v 1.322094 0.147904 -1.767954
v 1.215433 0.147920 -1.766955
v 1.221003 0.147904 -1.935048
v 1.316454 0.147904 -1.431798
v 1.209923 0.147904 -1.430672
v 1.211752 0.147904 -1.598841
v 1.529296 0.147904 -1.431806
v 1.422908 0.147904 -1.432064
v 1.424977 0.151064 -1.600028
v 0.546094 0.346424 -1.769942
v 0.445333 0.386974 -1.770016
v 0.428674 0.348718 -1.935754
v 0.538297 0.355229 -1.426686
v 0.440948 0.398855 -1.429260
v 0.448253 0.402097 -1.600471
v 0.702658 0.223784 -1.416681
v 0.631422 0.303223 -1.422756
v 0.632068 0.293222 -1.593338
v 0.559369 0.202716 -3.091420
v 0.458014 0.187337 -3.084015
v 0.459492 0.217334 -3.252368
v 0.533175 0.155398 -2.757920
v 0.431747 0.187916 -2.758506
v 0.438876 0.144823 -2.920228
v 0.744215 0.148476 -2.763236
v 0.638588 0.145768 -2.760757
v 0.650130 0.160700 -2.928073
v -0.246861 0.481076 -1.778167
v -0.347441 0.443650 -1.775533
v -0.337525 0.416619 -1.943471
v -0.245346 0.486698 -1.435860
v -0.343374 0.443236 -1.435024
v -0.349956 0.454297 -1.605406
v -0.053153 0.572147 -1.437236
v -0.155822 0.545395 -1.436729
v -0.157529 0.547200 -1.609076
v -1.006087 0.147863 -1.764147
v -1.112534 0.147903 -1.766827
v -1.117392 0.147903 -1.935210
v -0.996970 0.147889 -1.427475
v -1.103949 0.147904 -1.430595
v -1.107502 0.147903 -1.598686
v -0.794897 0.186636 -1.422305
v -0.890313 0.144691 -1.423393
v -0.894307 0.144892 -1.592693
v -1.081375 0.174974 -3.109239
v -1.186669 0.194268 -3.112239
v -1.190793 0.184726 -3.281855
v -1.061530 0.196569 -2.772312
v -1.166876 0.169510 -2.775048
v -1.178142 0.166896 -2.943257
v -0.851045 0.148507 -2.765382
v -0.956274 0.175641 -2.768977
v -0.967967 0.195025 -2.937011
v -0.265401 0.332298 0.881975
v -0.368106 0.364544 0.890611
v -0.366819 0.459929 0.749513
v -0.262824 0.185655 1.188778
v -0.364905 0.214926 1.199095
v -0.365532 0.283386 1.041562
v -0.051882 0.148921 1.177906
v -0.159155 0.159286 1.180806
v -0.159066 0.225173 1.023267
v -1.057699 0.159240 0.916969
v -1.161219 0.148991 0.921516
v -1.152504 0.148896 0.754644
v -1.074828 0.149669 1.248881
v -1.180727 0.150600 1.254968
v -1.170757 0.148192 1.088161
v -0.864573 0.159243 1.234323
v -0.969761 0.148936 1.241320
v -0.962068 0.166552 1.075469
v -1.015931 0.147892 -0.420721
v -1.122975 0.154184 -0.421685
v -1.117841 0.149898 -0.589766
v -1.020901 0.147904 -0.084179
v -1.128588 0.147904 -0.085193
v -1.125658 0.148353 -0.253455
v -0.805349 0.147995 -0.081088
v -0.913095 0.147892 -0.082916
v -0.910473 0.147892 -0.252417
v 1.371294 0.191635 0.923547
v 1.265132 0.155143 0.923399
v 1.255669 0.148734 0.755994
v 1.392318 0.209535 1.259192
v 1.286539 0.191350 1.257929
v 1.275898 0.170342 1.090607
v 1.604146 0.149262 1.257045
v 1.498183 0.180049 1.258905
v 1.487786 0.197006 1.090626
v 0.576556 0.391325 0.908725
v 0.472600 0.411077 0.905479
v 0.499423 0.549256 0.772529
v 0.571239 0.261682 1.224465
v 0.468084 0.249667 1.212532
v 0.467891 0.327227 1.058547
v 0.773264 0.208870 1.231611
v 0.673336 0.234696 1.225708
v 0.673417 0.295159 1.069137
v 0.522501 0.312579 -0.410600
v 0.422682 0.350996 -0.411121
v 0.436114 0.384770 -0.578343
v 0.512219 0.272586 -0.070615
v 0.423276 0.330865 -0.069063
v 0.419069 0.335227 -0.240512
v 0.696481 0.163392 -0.075597
v 0.602696 0.215762 -0.072899
v 0.605906 0.232186 -0.244100
v 1.334081 0.147904 -0.422620
v 1.227162 0.147904 -0.421282
v 1.222281 0.147905 -0.589465
v 1.338891 0.147904 -0.085902
v 1.231748 0.147904 -0.084701
v 1.229264 0.147904 -0.253007
v 1.552411 0.164321 -0.088540
v 1.445780 0.152400 -0.087078
v 1.443376 0.147904 -0.255414
v -0.266664 0.480167 -0.405944
v -0.344545 0.406487 -0.409145
v -0.340234 0.414788 -0.580131
v -0.262689 0.445348 -0.065243
v -0.344273 0.378599 -0.069432
v -0.351397 0.401367 -0.238229
v -0.054387 0.426332 -0.075137
v -0.160248 0.422375 -0.075986
v -0.165730 0.482274 -0.235925
v -0.252425 0.145124 -3.069175
v -0.354383 0.146097 -3.075776
v -0.356683 0.147970 -3.244883
v -0.246994 0.265614 -2.755935
v -0.335617 0.222101 -2.754196
v -0.344042 0.162856 -2.909458
v -0.046226 0.322586 -2.766011
v -0.149071 0.305664 -2.763682
v -0.147794 0.233443 -2.917894
v 1.397133 0.147914 -3.113048
v 1.291498 0.165827 -3.112151
v 1.295755 0.150363 -3.281661
v 1.378041 0.166425 -2.775658
v 1.272380 0.192422 -2.774898
v 1.283336 0.181391 -2.943249
v 1.589730 0.147904 -2.772871
v 1.483821 0.147904 -2.775133
v 1.494751 0.147904 -2.943635
v 1.600705 0.147904 -2.941599
v 1.388964 0.152160 -2.944064
v 1.401649 0.147904 -3.282643
v -0.044234 0.228595 -2.909979
v -0.247205 0.201269 -2.911564
v -0.254331 0.147430 -3.238328
v -0.058145 0.479306 -0.237958
v -0.272978 0.479050 -0.233449
v -0.262668 0.488231 -0.577726
v 1.550045 0.147936 -0.256697
v 1.336441 0.147904 -0.254279
v 1.329213 0.147904 -0.590829
v 0.699230 0.180656 -0.247517
v 0.509494 0.278079 -0.242652
v 0.539794 0.356194 -0.575860
v 0.772924 0.263104 1.073906
v 0.572309 0.322111 1.064837
v 0.584479 0.461216 0.753809
v 1.593785 0.159534 1.088431
v 1.381840 0.204999 1.091313
v 1.361924 0.176632 0.755677
v -0.802896 0.148090 -0.252233
v -1.018122 0.147903 -0.252511
v -1.010966 0.147808 -0.588465
v -0.862836 0.204508 1.072370
v -1.065152 0.147702 1.082522
v -1.054422 0.175006 0.751780
v -0.051297 0.214063 1.019922
v -0.263380 0.251662 1.031348
v -0.262939 0.424556 0.740237
v -0.863093 0.165679 -2.933383
v -1.072945 0.179295 -2.940400
v -1.085737 0.186809 -3.279049
v -0.798933 0.184875 -1.592101
v -1.000672 0.147877 -1.595777
v -1.010818 0.147899 -1.932761
v -0.053118 0.568924 -1.609983
v -0.248124 0.489529 -1.607074
v -0.243053 0.467380 -1.948839
v 0.755838 0.159912 -2.931171
v 0.544442 0.155894 -2.924563
v 0.562512 0.222160 -3.260153
v 0.697482 0.207331 -1.586486
v 0.548503 0.361299 -1.598258
v 0.517839 0.289124 -1.929772
v 1.531428 0.165069 -1.599513
v 1.318417 0.147904 -1.599904
v 1.327468 0.152518 -1.936068
v 1.105023 0.147921 -1.596654
v 0.890634 0.148164 -1.589459
v 0.901141 0.147946 -1.926938
v 1.104842 0.147861 -0.923865
v 0.898938 0.172400 -0.916494
v 0.890755 0.145781 -1.250684
v 1.531712 0.147904 -0.928449
v 1.318651 0.147904 -0.927091
v 1.316768 0.147904 -1.263622
v 0.348032 0.442730 -1.602350
v 0.159987 0.548052 -1.608307
v 0.151696 0.512372 -1.952655
v 0.342822 0.447433 -0.918171
v 0.156556 0.549920 -0.919361
v 0.157261 0.554663 -1.263449
v 0.756147 0.332095 -0.914699
v 0.551388 0.395315 -0.914416
v 0.538465 0.366371 -1.255453
v 0.349169 0.160336 -2.906904
v 0.153902 0.228382 -2.913887
v 0.152616 0.152809 -3.230558
v 0.323688 0.351987 -2.277050
v 0.149894 0.487104 -2.295582
v 0.153885 0.381865 -2.610028
v 0.702741 0.147140 -2.260255
v 0.505412 0.232125 -2.263223
v 0.529226 0.197815 -2.595440
v -0.453440 0.422058 -1.604380
v -0.656793 0.349300 -1.602528
v -0.615012 0.254052 -1.927287
v -0.432400 0.376272 -0.922277
v -0.645162 0.343587 -0.916967
v -0.643148 0.337061 -1.260005
v -0.057446 0.558346 -0.920007
v -0.259495 0.500524 -0.921252
v -0.244319 0.484961 -1.264158
v -1.214261 0.147904 -1.600509
v -1.427562 0.148090 -1.601221
v -1.436939 0.199407 -1.937194
v -1.213351 0.147905 -0.927417
v -1.426665 0.147904 -0.928978
v -1.423169 0.147904 -1.265181
v -0.838621 0.265344 -0.917388
v -0.999268 0.148484 -0.923551
v -0.996290 0.147958 -1.259178
v -1.283491 0.193436 -2.945263
v -1.494646 0.168141 -2.945749
v -1.507400 0.147904 -3.284599
v -1.236699 0.198250 -2.273475
v -1.449478 0.147904 -2.273421
v -1.471379 0.167306 -2.609190
v -0.809138 0.148512 -2.263003
v -1.023410 0.148971 -2.269539
v -1.048151 0.187197 -2.604683
v -0.469113 0.307112 1.052204
v -0.670578 0.269073 1.058471
v -0.678900 0.391537 0.748644
v -0.468234 0.183269 1.703636
v -0.676148 0.171338 1.717976
v -0.674345 0.173827 1.382963
v -0.052181 0.147904 1.691505
v -0.260156 0.152887 1.695373
v -0.261690 0.146327 1.354021
v -1.276892 0.170465 1.090606
v -1.488996 0.201298 1.090897
v -1.470953 0.206723 0.754306
v -1.303489 0.208707 1.763734
v -1.515321 0.176587 1.767093
v -1.507134 0.180126 1.428080
v -0.884138 0.148723 1.735759
v -1.093030 0.147902 1.752863
v -1.085290 0.148069 1.416013
v -1.233014 0.165588 -0.254529
v -1.447047 0.212080 -0.256524
v -1.437867 0.158355 -0.592979
v -1.247250 0.147904 0.419127
v -1.460387 0.192424 0.417487
v -1.453505 0.157916 0.080427
v -0.830336 0.192542 0.425349
v -1.033589 0.148201 0.421031
v -1.025324 0.147901 0.084234
v 1.169880 0.148577 1.087819
v 0.963725 0.174276 1.075600
v 0.968546 0.252989 0.748831
v 1.198292 0.209987 1.758814
v 0.988597 0.147909 1.744876
v 0.981067 0.152989 1.408253
v 1.621779 0.147904 1.766032
v 1.409527 0.166325 1.765675
v 1.401201 0.201531 1.427447
v 0.364382 0.307244 1.048508
v 0.162655 0.238892 1.028323
v 0.161261 0.433732 0.753765
v 0.363916 0.154371 1.701206
v 0.155750 0.147903 1.694935
v 0.158503 0.149901 1.353010
v 0.780020 0.171047 1.727557
v 0.572116 0.194989 1.711058
v 0.571001 0.197796 1.382412
v 0.342020 0.410130 -0.237658
v 0.156163 0.487858 -0.236960
v 0.155868 0.526777 -0.576786
v 0.356907 0.435527 0.432906
v 0.169836 0.352807 0.425781
v 0.155408 0.389790 0.087375
v 0.739489 0.269483 0.424746
v 0.555237 0.371698 0.434365
v 0.521942 0.285207 0.101329
v 1.121862 0.147904 -0.251488
v 0.906495 0.147803 -0.248945
v 0.901614 0.153857 -0.585112
v 1.136115 0.147776 0.420876
v 0.928286 0.170957 0.427116
v 0.914049 0.148077 0.090302
v 1.561979 0.199164 0.415896
v 1.349182 0.155867 0.419357
v 1.342981 0.147972 0.082462
v -0.423779 0.320977 -0.241803
v -0.598133 0.195958 -0.248597
v -0.628762 0.289593 -0.579170
v -0.450559 0.376456 0.434629
v -0.641762 0.289797 0.426421
v -0.608503 0.200019 0.096111
v -0.047224 0.341252 0.425367
v -0.249921 0.397953 0.428703
v -0.251410 0.398083 0.098566
v -0.444337 0.145718 -2.914940
v -0.653462 0.148087 -2.925784
v -0.666211 0.148175 -3.263170
v -0.412500 0.294853 -2.268770
v -0.600775 0.185780 -2.258626
v -0.627134 0.157587 -2.592295
v -0.051781 0.545275 -2.305708
v -0.235620 0.425139 -2.286614
v -0.244520 0.340590 -2.607959
v 1.177836 0.188450 -2.941498
v 0.966974 0.148903 -2.936547
v 0.979602 0.150717 -3.274738
v 1.129556 0.147904 -2.269604
v 0.916419 0.147906 -2.264492
v 0.942674 0.147905 -2.600293
v 1.555333 0.160964 -2.269464
v 1.342250 0.188090 -2.272085
v 1.365586 0.185820 -2.607680
v 1.577406 0.147904 -2.604767
v 1.154071 0.159312 -2.605232
v 1.190103 0.161256 -3.279813
v -0.050168 0.414416 -2.619775
v -0.437514 0.252048 -2.599060
v -0.459383 0.147939 -3.251705
v -0.049798 0.366529 0.085643
v -0.425368 0.306032 0.099794
v -0.425069 0.349676 -0.582452
v 1.556192 0.193405 0.079605
v 1.128964 0.147905 0.084829
v 1.115178 0.147889 -0.587748
v 0.706265 0.179770 0.095913
v 0.334211 0.382179 0.103378
v 0.338376 0.428832 -0.578536
v 0.775468 0.170299 1.390824
v 0.365249 0.169493 1.363581
v 0.370999 0.493712 0.762029
v 1.613026 0.147904 1.426191
v 1.190176 0.170511 1.421806
v 1.149701 0.146951 0.755348
v -0.810544 0.149022 0.089889
v -1.239825 0.147904 0.082215
v -1.224676 0.157893 -0.591097
v -0.878008 0.145809 1.399278
v -1.295612 0.198789 1.426040
v -1.258698 0.151720 0.755364
v -0.051747 0.147898 1.349346
v -0.469570 0.164789 1.365036
v -0.463822 0.523660 0.768727
v -0.836738 0.148311 -2.597833
v -1.259648 0.157479 -2.609081
v -1.295578 0.156830 -3.283653
v -0.804653 0.206464 -1.252845
v -1.209918 0.147904 -1.264160
v -1.223913 0.155476 -1.936879
v -0.055023 0.575440 -1.264290
v -0.437022 0.392782 -1.263863
v -0.430596 0.363006 -1.937424
v 0.731433 0.144414 -2.595761
v 0.342333 0.298983 -2.608019
v 0.357002 0.196155 -3.243635
v 0.720564 0.258279 -1.249921
v 0.336284 0.435529 -1.259852
v 0.337702 0.405987 -1.941660
v 1.529692 0.147904 -1.264052
v 1.103501 0.147902 -1.260081
v 1.114214 0.147921 -1.933124
v 1.540066 0.198388 -1.934715
v 0.690619 0.162924 -1.922731
v 0.770304 0.183097 -3.268760
v -0.051380 0.558914 -1.956839
v -0.798010 0.147399 -1.926444
v -0.874695 0.186050 -3.271414
v -0.050246 0.403617 0.737737
v -0.874128 0.291584 0.746916
v -0.823830 0.219580 -0.581185
v 1.574328 0.186681 0.752047
v 0.774292 0.349001 0.748046
v 0.746168 0.299695 -0.570559
v 1.542481 0.147904 -0.592854
v -0.058946 0.522674 -0.578024
v -0.050794 0.147094 -3.224334
v 1.613985 0.147904 -3.280929
vn -0.0022 1.0000 0.0005
vn -0.0000 1.0000 -0.0000
vn -0.0598 0.9975 -0.0373
vn -0.0054 1.0000 -0.0037
vn -0.0008 1.0000 0.0040
vn -0.0036 0.9947 0.1028
vn -0.3260 0.9444 0.0433
vn 0.3095 0.9464 -0.0926
vn 0.1378 0.9784 -0.1540
vn -0.1246 0.9877 -0.0946
vn -0.2014 0.9790 0.0303
vn 0.3240 0.9452 0.0392
vn 0.1624 0.9744 -0.1554
vn 0.0874 0.9954 0.0383
vn 0.0394 0.9796 -0.1970
vn -0.4960 0.8084 0.3171
vn 0.6955 0.6779 0.2383
vn 0.4569 0.8664 -0.2016
vn -0.4369 0.8400 -0.3216
vn -0.2714 0.9574 -0.0989
vn 0.0650 0.9977 -0.0173
vn -0.0625 0.9980 0.0128
vn 0.1869 0.9544 0.2327
vn -0.2126 0.9658 -0.1486
vn 0.1619 0.9652 0.2055
vn -0.0258 0.9859 -0.1652
vn -0.1719 0.9805 -0.0953
vn 0.0299 0.8229 -0.5674
vn -0.0234 0.9450 0.3262
vn 0.0296 0.9990 -0.0334
vn 0.3574 0.9220 0.1487
vn -0.0762 0.9909 0.1114
vn -0.0380 0.9974 0.0614
vn -0.0001 1.0000 -0.0006
vn -0.2083 0.9774 0.0373
vn 0.2837 0.9502 0.1292
vn 0.0066 1.0000 0.0036
vn 0.0602 0.9948 -0.0823
vn 0.0099 0.9999 0.0106
vn 0.0102 0.9999 0.0092
vn -0.5619 0.8243 0.0693
vn -0.0004 1.0000 -0.0001
vn 0.2156 0.9741 -0.0687
vn 0.1843 0.9782 0.0958
vn -0.3761 0.8766 -0.3002
vn -0.0096 0.9999 0.0072
vn -0.0112 0.9998 -0.0146
vn -0.1441 0.9742 0.1738
vn 0.0120 0.9999 -0.0061
vn 0.3370 0.9081 -0.2486
vn 0.0013 1.0000 0.0038
vn -0.7736 0.6178 -0.1411
vn 0.2017 0.9729 0.1132
vn -0.5339 0.8096 -0.2441
vn -0.0016 1.0000 0.0043
vn 0.6651 0.7229 -0.1873
vn 0.5646 0.7935 -0.2271
vn 0.3693 0.9287 0.0333
vn 0.4311 0.8267 -0.3617
vn -0.3115 0.9438 0.1107
vn -0.2524 0.9648 -0.0735
vn 0.1430 0.9162 0.3743
vn 0.3345 0.9410 -0.0505
vn 0.0019 1.0000 0.0012
vn -0.3400 0.9364 -0.0875
vn -0.1155 0.9095 0.3994
vn 0.4968 0.8678 -0.0052
vn -0.5928 0.8026 0.0664
vn -0.4089 0.8304 -0.3785
vn -0.2250 0.9731 0.0498
vn -0.0024 1.0000 -0.0006
vn 0.0151 0.9998 0.0090
vn 0.0213 0.9997 0.0146
vn -0.0003 1.0000 -0.0004
vn -0.1574 0.9875 0.0111
vn 0.0078 0.9100 -0.4145
vn -0.0180 0.9880 0.1531
vn -0.0217 0.9964 -0.0818
vn 0.3449 0.9331 0.1016
vn -0.1501 0.9884 -0.0223
vn 0.0326 0.9963 0.0790
vn -0.0007 0.9822 0.1877
vn 0.0026 1.0000 -0.0000
vn 0.0001 1.0000 0.0009
vn -0.0239 0.9997 -0.0014
vn 0.2602 0.9644 0.0464
vn -0.0525 0.9965 -0.0652
vn 0.0284 0.9985 -0.0472
vn -0.0305 0.8440 0.5354
vn -0.1320 0.9689 0.2091
vn 0.1937 0.9803 0.0388
vn 0.4757 0.8397 0.2617
vn 0.4149 0.8695 0.2679
vn -0.2466 0.9382 -0.2428
vn 0.5364 0.7948 -0.2838
vn -0.2603 0.9464 0.1913
vn -0.3796 0.8816 0.2806
vn 0.2429 0.9689 -0.0463
vn -0.5140 0.8095 -0.2838
vn 0.2488 0.9643 0.0904
vn -0.7173 0.6840 -0.1326
vn -0.1123 0.9905 -0.0793
vn -0.5023 0.8155 -0.2876
vn 0.1341 0.9817 0.1355
vn 0.4961 0.8665 -0.0542
vn 0.5236 0.8451 -0.1080
vn 0.0002 1.0000 -0.0000
vn -0.2775 0.9601 0.0337
vn -0.2595 0.9650 0.0389
vn 0.1037 0.9940 -0.0356
vn 0.0856 0.9890 -0.1204
vn -0.0812 0.9766 0.1992
vn 0.0741 0.9772 0.1988
vn 0.1843 0.9827 0.0190
vn 0.1340 0.9591 -0.2494
vn 0.0195 0.9828 -0.1834
vn -0.0227 0.9997 -0.0035
vn -0.1977 0.9788 0.0532
vn 0.1047 0.9726 0.2078
vn -0.2553 0.9516 -0.1709
vn -0.0043 1.0000 0.0065
vn -0.0039 1.0000 -0.0022
vn -0.2506 0.9511 0.1805
vn -0.0097 0.9974 0.0708
vn -0.4098 0.9063 0.1036
vn 0.4325 0.8496 -0.3020
vn 0.1817 0.9671 0.1781
vn 0.5399 0.8285 -0.1482
vn -0.2829 0.9580 -0.0474
vn -0.4071 0.8666 -0.2887
vn -0.0227 0.9996 -0.0178
vn -0.4989 0.8045 -0.3222
vn 0.1470 0.9834 -0.1066
vn 0.0072 1.0000 -0.0020
vn -0.6608 0.7291 -0.1782
vn -0.0031 1.0000 -0.0012
vn -0.5185 0.8483 -0.1078
vn -0.0171 0.9996 0.0218
vn 0.7106 0.6713 -0.2105
vn 0.5580 0.8002 -0.2198
vn -0.3035 0.9495 0.0802
vn -0.0057 1.0000 -0.0041
vn -0.0002 1.0000 0.0001
vn 0.0046 1.0000 0.0034
vn 0.3638 0.9282 -0.0781
vn 0.2834 0.9573 -0.0570
vn 0.5485 0.8359 -0.0218
vn 0.4882 0.8701 -0.0676
vn -0.0389 0.9968 0.0698
vn 0.5484 0.8353 0.0395
vn 0.3005 0.8278 -0.4738
vn 0.2511 0.9566 -0.1476
vn -0.3141 0.9454 -0.0870
vn -0.4575 0.8892 0.0036
vn -0.3592 0.9323 0.0414
vn -0.5589 0.8293 -0.0035
vn 0.0003 1.0000 0.0001
vn 0.0252 0.9997 -0.0032
vn 0.1119 0.9913 0.0691
vn 0.0079 1.0000 -0.0013
vn 0.1967 0.9593 0.2028
vn 0.2737 0.9575 0.0913
vn 0.2481 0.8527 0.4598
vn 0.0582 0.9859 -0.1566
vn -0.1596 0.9261 0.3420
vn 0.1142 0.9842 0.1355
vn 0.1470 0.9889 -0.0219
vn 0.3850 0.9229 0.0002
vn -0.2479 0.9686 0.0212
vn 0.0217 0.9997 -0.0056
vn 0.1943 0.9794 0.0556
vn 0.0003 1.0000 0.0002
vn 0.1445 0.9775 0.1539
vn -0.1264 0.9913 -0.0357
vn -0.0954 0.9948 -0.0368
vn -0.0028 0.9996 -0.0265
vn 0.3185 0.9454 0.0689
vn -0.2137 0.8563 0.4703
vn -0.1153 0.9893 -0.0899
vn -0.2195 0.9485 0.2285
vn 0.2050 0.9188 0.3373
vn 0.6499 0.7595 0.0283
vn 0.2289 0.9426 -0.2430
vn -0.4347 0.8660 0.2472
vn 0.5229 0.8467 -0.0984
vn -0.0005 1.0000 0.0004
vn 0.0005 1.0000 -0.0001
vn -0.1113 0.9932 -0.0347
vn -0.7177 0.6962 0.0089
vn -0.2712 0.9257 -0.2639
vn -0.5167 0.8513 -0.0910
vn 0.2865 0.9234 0.2555
vn -0.0337 0.9975 -0.0614
vn -0.5607 0.8266 0.0486
vn -0.2574 0.9537 -0.1553
vn -0.2992 0.8272 -0.4757
vn 0.1480 0.9879 -0.0454
vn -0.1417 0.9889 0.0454
vn -0.0034 1.0000 0.0019
vn 0.2388 0.9687 -0.0679
vn 0.0795 0.9963 -0.0323
vn -0.1431 0.9884 0.0501
vn -0.5920 0.8027 -0.0714
vn -0.5066 0.8617 0.0299
vn -0.0089 0.9999 -0.0052
vn 0.4789 0.8720 0.1018
vn -0.4085 0.8513 -0.3293
vn -0.4426 0.8780 0.1824
vn -0.2870 0.9568 -0.0461
vn 0.0762 0.9963 -0.0397
vn 0.0020 1.0000 0.0022
vn 0.4332 0.8399 -0.3268
vn -0.5552 0.8230 0.1200
vn 0.0956 0.9933 0.0652
vn -0.1028 0.9828 -0.1537
vn -0.0019 1.0000 0.0043
vn -0.3134 0.8324 0.4571
vn 0.2455 0.9674 0.0618
vn -0.0860 0.9961 -0.0185
vn 0.3462 0.9222 0.1723
vn 0.0016 1.0000 0.0036
vn 0.2694 0.9600 -0.0758
vn 0.0496 0.9973 -0.0549
vn 0.0002 1.0000 0.0002
vn -0.3541 0.9351 -0.0162
vn 0.0251 0.9996 -0.0137
vn 0.0170 0.9998 -0.0109
vn -0.0773 0.9835 -0.1634
vn -0.2538 0.8780 0.4058
vn 0.0696 0.9973 0.0244
vn -0.0830 0.9959 -0.0350
vn -0.2040 0.9652 -0.1639
vn -0.1906 0.9804 -0.0493
vn 0.1114 0.9894 0.0936
vn -0.4796 0.8775 -0.0011
vn -0.1497 0.9886 0.0165
vn -0.5046 0.8239 -0.2579
vn 0.4983 0.8663 0.0342
vn 0.6226 0.7821 -0.0265
vn 0.1394 0.9220 -0.3612
vn 0.2734 0.9554 -0.1115
vn 0.4745 0.8799 0.0243
vn 0.4898 0.8678 -0.0841
vn 0.1487 0.9880 -0.0424
vn 0.0010 1.0000 -0.0002
vn -0.1094 0.9933 0.0382
vn 0.6958 0.7077 -0.1225
vn -0.0432 0.9624 0.2680
vn -0.4932 0.8674 -0.0660
vn 0.0160 0.9999 0.0064
vn -0.1758 0.9830 -0.0536
vn 0.2263 0.8522 0.4718
vn -0.3145 0.9374 0.1496
vn 0.0001 1.0000 -0.0001
vn -0.0283 0.9995 -0.0151
vn 0.2486 0.8797 0.4055
vn 0.3453 0.9021 0.2588
vn -0.1530 0.9857 0.0705
vn -0.1682 0.9048 -0.3912
vn 0.0142 0.9999 -0.0054
vn -0.0033 1.0000 0.0002
vn 0.0045 1.0000 0.0027
vn -0.0600 0.9981 0.0120
vn -0.0027 1.0000 -0.0041
vn -0.0110 0.9954 0.0953
vn -0.0295 0.9990 -0.0342
vn -0.0696 0.9920 0.1053
vn -0.2686 0.9623 0.0435
vn 0.0115 0.9999 0.0095
vn 0.1623 0.9861 -0.0348
vn 0.1420 0.9892 -0.0352
vn -0.1412 0.9900 0.0019
vn 0.3306 0.9425 0.0491
vn 0.0626 0.9961 -0.0618
vn 0.0527 0.9985 -0.0164
vn -0.0920 0.7782 0.6212
vn -0.0888 0.9587 0.2703
vn 0.7260 0.6580 0.1996
vn 0.6405 0.6868 0.3435
vn 0.4516 0.8663 0.2135
vn -0.0406 0.9632 -0.2657
vn 0.4620 0.8523 -0.2452
vn -0.4856 0.7798 0.3950
vn -0.4186 0.8760 0.2396
vn -0.1441 0.9895 0.0097
vn -0.4574 0.8384 -0.2964
vn 0.2530 0.9670 0.0296
vn -0.5392 0.8192 -0.1951
vn -0.2429 0.9526 -0.1834
vn -0.5036 0.8337 -0.2264
vn 0.2218 0.9743 -0.0388
vn 0.2703 0.9606 -0.0650
vn 0.4298 0.9018 -0.0455
vn 0.0084 1.0000 -0.0017
vn -0.1791 0.9836 0.0232
vn -0.1720 0.9700 0.1715
vn 0.0030 1.0000 -0.0017
vn -0.0441 0.9847 -0.1685
vn -0.0010 0.9997 0.0235
vn 0.1523 0.9550 0.2545
vn 0.0608 0.9980 -0.0187
vn -0.0222 0.9808 -0.1937
vn 0.0005 0.7926 -0.6098
vn -0.0525 0.9820 0.1812
vn 0.0031 1.0000 -0.0019
vn 0.2408 0.9533 0.1824
vn -0.2158 0.9764 0.0093
vn -0.0102 0.9999 0.0075
vn 0.0007 1.0000 0.0017
vn -0.1685 0.9745 -0.1483
vn 0.0647 0.9703 0.2330
vn 0.0114 0.9999 -0.0071
vn 0.0044 0.9999 0.0117
vn -0.0007 1.0000 0.0026
vn -0.6915 0.7216 0.0328
vn 0.3748 0.9015 -0.2165
vn 0.0705 0.9866 -0.1469
vn 0.5772 0.7775 -0.2494
vn -0.2008 0.9791 -0.0315
vn -0.2255 0.9663 -0.1238
vn -0.0003 1.0000 0.0016
vn -0.1143 0.9927 -0.0379
vn 0.3010 0.9447 -0.1304
vn 0.0124 0.9999 0.0018
vn -0.7570 0.6426 -0.1185
vn 0.0148 0.9999 0.0085
vn -0.5287 0.8299 -0.1782
vn -0.0185 0.9997 -0.0164
vn 0.7146 0.6503 -0.2578
vn 0.5554 0.7926 -0.2516
vn -0.1094 0.9934 0.0334
vn -0.0024 1.0000 0.0036
vn -0.0001 1.0000 -0.0000
vn 0.1821 0.9815 -0.0584
vn 0.4688 0.8615 -0.1949
vn 0.3110 0.9497 -0.0361
vn 0.2363 0.9710 -0.0368
vn 0.3682 0.9291 -0.0333
vn -0.1964 0.9641 0.1788
vn 0.4856 0.8503 -0.2030
vn 0.2039 0.8469 -0.4911
vn 0.4049 0.8663 -0.2926
vn -0.4365 0.8739 -0.2139
vn -0.3828 0.9222 0.0546
vn -0.5543 0.8296 -0.0671
vn -0.4630 0.8848 0.0522
vn 0.0176 0.9998 0.0113
vn -0.0002 1.0000 -0.0001
vn -0.1849 0.9747 -0.1254
vn -0.2487 0.9655 -0.0768
vn -0.0231 0.9919 0.1252
vn -0.1082 0.9933 -0.0403
vn 0.3071 0.7418 0.5962
vn 0.0500 0.9971 0.0579
vn -0.2736 0.9285 0.2511
vn 0.2223 0.9285 0.2973
vn 0.0551 0.9984 -0.0111
vn 0.3671 0.9297 -0.0294
vn -0.3097 0.9500 0.0396
vn 0.0532 0.9986 -0.0054
vn 0.1419 0.9881 -0.0587
vn 0.0641 0.9846 0.1626
vn -0.0472 0.9989 -0.0042
vn -0.2750 0.9584 -0.0761
vn 0.1123 0.9931 -0.0349
vn -0.0548 0.9982 -0.0245
vn -0.2041 0.7275 0.6550
vn -0.0542 0.9876 0.1472
vn -0.0731 0.9943 0.0774
vn -0.1983 0.8982 0.3924
vn 0.4948 0.8565 0.1468
vn 0.3896 0.9098 -0.1434
vn -0.0310 0.9531 0.3011
vn 0.5223 0.8493 -0.0766
vn -0.0111 0.9999 -0.0034
vn -0.6438 0.7635 0.0513
vn -0.4394 0.8933 -0.0947
vn -0.3888 0.9169 -0.0899
vn -0.5550 0.8194 0.1435
vn 0.0038 1.0000 0.0038
vn -0.4769 0.8457 -0.2395
vn -0.0101 0.9999 0.0037
vn -0.4236 0.8237 -0.3769
vn 0.1690 0.9772 -0.1285
vn -0.2706 0.9598 0.0746
vn 0.0016 1.0000 -0.0003
vn 0.1514 0.9872 -0.0492
vn -0.0058 1.0000 0.0024
vn 0.2411 0.9626 0.1239
vn -0.0469 0.9985 -0.0271
vn 0.0994 0.9906 0.0942
vn -0.0163 0.9948 -0.1010
vn -0.2248 0.9742 -0.0202
vn 0.0483 0.8316 -0.5533
vn -0.0112 0.9506 0.3103
vn 0.0215 0.9967 -0.0781
vn 0.5962 0.7991 0.0771
vn -0.0354 0.9911 -0.1280
vn -0.0112 0.9930 0.1178
vn -0.0143 0.9943 0.1058
vn -0.0001 1.0000 0.0001
vn -0.0329 0.9887 0.1463
vn 0.1032 0.9945 0.0187
vn 0.1063 0.9940 0.0269
vn -0.0122 0.9916 -0.1284
vn -0.0066 0.9994 -0.0352
vn -0.0415 0.9238 0.3806
vn -0.3134 0.9358 0.1617
vn 0.0016 1.0000 0.0014
vn 0.1992 0.9785 0.0535
vn 0.3486 0.8933 0.2837
vn -0.3925 0.8985 -0.1966
vn 0.3504 0.9295 -0.1151
vn -0.0055 1.0000 0.0082
vn -0.3433 0.9046 0.2527
vn 0.2552 0.9660 -0.0404
vn -0.5756 0.7211 -0.3856
vn 0.0677 0.9973 0.0288
vn -0.7830 0.6220 0.0068
vn 0.2167 0.9673 0.1322
vn -0.5094 0.8123 -0.2841
vn 0.0233 0.9983 0.0542
vn 0.6084 0.7899 -0.0769
vn 0.5563 0.8133 -0.1703
vn -0.3270 0.9443 0.0368
vn -0.0482 0.9988 -0.0034
vn 0.2858 0.9545 -0.0847
vn -0.0335 0.9826 -0.1829
vn -0.2674 0.9570 -0.1123
vn -0.0932 0.9904 0.1018
vn 0.2683 0.9630 0.0273
vn 0.1944 0.9528 -0.2330
vn 0.0321 0.9934 -0.1101
vn 0.0126 0.9715 -0.2368
vn -0.7070 0.6585 0.2580
vn 0.3457 0.9041 0.2513
vn -0.1210 0.9895 -0.0784
vn 0.0021 1.0000 0.0072
vn 0.0052 1.0000 0.0030
vn -0.1837 0.9817 0.0500
vn 0.0027 0.9935 0.1138
vn 0.0501 0.9906 0.1274
vn 0.4562 0.8327 -0.3138
vn 0.0623 0.9954 0.0726
vn 0.4937 0.8528 -0.1701
vn 0.0947 0.9955 0.0041
vn -0.4470 0.8399 -0.3078
vn -0.1774 0.9741 -0.1403
vn -0.4706 0.8071 -0.3566
vn 0.0480 0.9950 -0.0873
vn -0.0643 0.9979 -0.0111
vn -0.5711 0.8208 -0.0105
vn 0.0170 0.9998 0.0039
vn -0.4546 0.8899 -0.0383
vn 0.0013 1.0000 -0.0085
vn 0.7152 0.6952 -0.0719
vn 0.4780 0.8701 -0.1204
vn 0.0267 0.9995 -0.0162
vn -0.0000 1.0000 0.0001
vn -0.0005 1.0000 -0.0000
vn 0.0003 1.0000 -0.0000
vn 0.4007 0.9160 0.0216
vn 0.2975 0.9547 0.0100
vn 0.4746 0.8795 0.0342
vn 0.6527 0.7426 -0.1504
vn 0.3387 0.9060 -0.2539
vn 0.5909 0.8008 -0.0975
vn 0.3947 0.8274 -0.3996
vn 0.0050 1.0000 0.0073
vn -0.3029 0.9500 0.0761
vn -0.4866 0.8733 0.0253
vn -0.2503 0.9639 0.0907
vn -0.2780 0.9600 -0.0339
vn 0.0005 1.0000 -0.0000
vn -0.4765 0.8765 -0.0681
vn 0.1110 0.9869 0.1170
vn 0.2600 0.9593 0.1106
vn 0.1105 0.9873 0.1139
vn 0.1356 0.9894 0.0514
vn 0.2163 0.8864 0.4093
vn 0.1876 0.9822 -0.0094
vn 0.2504 0.8878 0.3861
vn 0.0145 0.9994 0.0305
vn 0.2556 0.9660 -0.0375
vn 0.3767 0.9259 0.0290
vn 0.1936 0.9803 -0.0389
vn -0.0860 0.9958 0.0325
vn 0.0722 0.9964 0.0444
vn 0.0010 1.0000 -0.0009
vn 0.0638 0.9968 0.0483
vn -0.0026 1.0000 -0.0019
vn -0.2731 0.9596 -0.0680
vn 0.1291 0.9889 0.0734
vn -0.1183 0.9925 -0.0317
vn 0.2040 0.9777 0.0491
vn -0.1829 0.8841 0.4300
vn -0.1512 0.9866 0.0614
vn -0.2668 0.8975 0.3511
vn 0.2448 0.9384 0.2439
vn 0.6629 0.7469 0.0522
vn 0.1099 0.9431 -0.3137
vn 0.5658 0.8194 0.0917
vn 0.4806 0.8698 -0.1114
vn 0.0068 0.9999 -0.0082
vn -0.1839 0.9742 -0.1305
vn -0.7214 0.6862 0.0935
vn -0.1548 0.9268 -0.3422
vn -0.5515 0.8330 -0.0438
vn 0.0046 0.9438 0.3303
vn -0.3052 0.9116 -0.2755
vn -0.5813 0.8051 -0.1181
vn -0.3891 0.8694 -0.3046
vn -0.2322 0.8498 -0.4733
vn -0.0410 0.9992 0.0016
vn -0.0201 0.9998 0.0083
vn -0.1809 0.9825 0.0454
vn 0.0200 0.9998 -0.0077
vn 0.2609 0.9615 -0.0859
vn -0.1731 0.9839 0.0436
vn -0.2711 0.9594 0.0781
vn 0.2819 0.9552 -0.0898
vn 0.0078 1.0000 0.0021
vn -0.0011 1.0000 0.0006
vn -0.1403 0.9891 -0.0452
vn -0.0539 0.9984 0.0174
vn 0.0986 0.9935 0.0565
vn -0.2114 0.9767 0.0375
vn -0.4523 0.8142 -0.3640
vn -0.5875 0.8059 -0.0733
vn -0.5752 0.8180 -0.0040
vn -0.4916 0.8603 -0.1346
vn -0.4940 0.8604 -0.1249
vn -0.4719 0.8720 -0.1300
vn -0.3202 0.9473 -0.0075
vn -0.5370 0.8409 0.0671
vn 0.0011 1.0000 0.0003
vn -0.0263 0.9996 0.0061
vn 0.0232 0.9997 0.0091
vn 0.0169 0.9999 -0.0028
vn 0.1462 0.9892 -0.0107
vn 0.2687 0.9506 -0.1556
vn -0.2500 0.9421 -0.2236
vn 0.1285 0.9917 -0.0048
vn -0.4526 0.8660 -0.2124
vn -0.4505 0.8144 -0.3658
vn -0.4185 0.8529 -0.3122
vn -0.3453 0.8814 -0.3222
vn -0.2346 0.9328 0.2736
vn -0.5320 0.8457 0.0414
vn -0.3511 0.8919 0.2850
vn -0.6065 0.7905 0.0854
vn -0.2252 0.9734 -0.0416
vn -0.3072 0.9506 -0.0449
vn -0.0497 0.9987 -0.0085
vn -0.1334 0.9906 -0.0291
vn 0.0042 1.0000 -0.0031
vn 0.3798 0.9036 -0.1980
vn 0.3667 0.8989 -0.2397
vn 0.0019 1.0000 0.0033
vn 0.0183 0.9998 0.0111
vn -0.0003 1.0000 -0.0001
vn 0.0731 0.9965 0.0402
vn 0.4709 0.8539 -0.2217
vn 0.4446 0.8115 -0.3792
vn 0.3600 0.8764 -0.3198
vn 0.4378 0.8428 -0.3130
vn -0.3093 0.9503 0.0366
vn -0.3403 0.9286 -0.1483
vn -0.1377 0.9904 0.0124
vn 0.0745 0.9794 -0.1876
vn 0.2265 0.9701 0.0875
vn -0.1459 0.9544 0.2603
vn -0.0232 0.9909 0.1323
vn 0.7060 0.7082 -0.0048
vn -0.0538 0.9891 0.1372
vn 0.0614 0.9702 0.2342
vn -0.1494 0.9684 -0.1996
vn 0.0376 0.9985 0.0410
vn 0.0097 0.9999 0.0035
vn -0.0000 1.0000 -0.0001
vn 0.0002 1.0000 -0.0003
vn -0.0208 0.9997 -0.0127
vn -0.2404 0.7519 0.6139
vn -0.3317 0.8711 0.3621
vn -0.1635 0.8471 0.5056
vn -0.3349 0.8279 0.4499
vn 0.3409 0.9370 0.0763
vn 0.0940 0.9950 0.0322
vn 0.3173 0.9452 0.0772
vn 0.0066 1.0000 0.0032
vn 0.0794 0.9968 -0.0060
vn -0.2674 0.9606 -0.0761
vn 0.1401 0.9833 0.1161
vn -0.3574 0.9278 -0.1073
vn 0.4663 0.8620 0.1987
vn 0.1130 0.9916 0.0636
vn 0.4103 0.8806 0.2370
vn 0.0726 0.9966 0.0400
vn -0.0019 1.0000 -0.0012
vn -0.1694 0.9805 -0.0998
vn -0.0008 1.0000 -0.0002
vn -0.2085 0.9690 -0.1327
vn 0.1496 0.9872 -0.0547
vn 0.2885 0.9555 -0.0620
vn 0.1234 0.9896 -0.0736
vn 0.0647 0.9978 -0.0172
vn -0.0499 0.9778 -0.2034
vn 0.1947 0.9674 0.1622
vn -0.1950 0.9686 -0.1540
vn 0.2380 0.9704 0.0409
vn -0.0030 1.0000 0.0002
vn -0.0075 1.0000 -0.0036
vn 0.1511 0.9885 0.0041
vn -0.0056 1.0000 0.0012
vn -0.3302 0.9439 0.0023
vn -0.3372 0.9404 0.0428
vn -0.2489 0.9685 -0.0093
vn 0.0724 0.9973 -0.0123
vn 0.1505 0.9882 -0.0296
vn -0.1183 0.9930 0.0055
vn -0.3168 0.9479 0.0337
vn 0.3283 0.9433 -0.0488
vn -0.0023 1.0000 0.0020
vn 0.0531 0.9986 0.0023
vn 0.0678 0.9953 -0.0695
vn -0.0001 1.0000 -0.0001
vn -0.0202 0.9816 0.1898
vn -0.0785 0.9861 -0.1465
vn -0.0606 0.9947 -0.0834
vn -0.0207 0.9789 -0.2032
vn -0.4071 0.8545 0.3226
vn -0.2644 0.9163 0.3009
vn -0.3698 0.8743 0.3143
vn -0.0051 0.8975 0.4410
vn 0.2416 0.9677 0.0718
vn 0.0013 1.0000 0.0011
vn 0.3016 0.9489 0.0933
vn -0.0091 1.0000 0.0006
vn 0.0509 0.9974 0.0509
vn -0.2640 0.9539 -0.1425
vn -0.2995 0.9480 -0.1072
vn -0.0305 0.9993 -0.0204
vn -0.0693 0.9949 -0.0730
vn -0.0620 0.9969 -0.0489
vn -0.1560 0.9800 -0.1239
vn -0.0222 0.9997 -0.0059
vn -0.3570 0.9336 -0.0320
vn 0.0015 1.0000 -0.0015
vn -0.7268 0.6580 -0.1971
vn 0.2245 0.9586 0.1752
vn 0.0004 1.0000 0.0003
vn 0.0926 0.9714 0.2185
vn 0.0077 1.0000 0.0047
vn -0.6014 0.7940 -0.0885
vn -0.4793 0.8768 -0.0376
vn -0.6853 0.7275 -0.0341
vn -0.1209 0.9903 0.0687
vn -0.2511 0.9679 0.0124
vn -0.1075 0.9892 0.1001
vn -0.2418 0.9670 -0.0804
vn -0.1688 0.9853 0.0264
vn -0.5093 0.7874 -0.3473
vn -0.4132 0.9006 0.1345
vn -0.7230 0.6577 -0.2117
vn -0.2340 0.9621 -0.1403
vn 0.4786 0.8693 -0.1234
vn 0.4819 0.8741 -0.0604
vn 0.5207 0.8515 0.0615
vn 0.3029 0.9530 0.0039
vn 0.4607 0.8088 -0.3656
vn 0.5988 0.7977 -0.0714
vn 0.5188 0.8496 -0.0946
vn 0.5842 0.8116 -0.0006
vn -0.1141 0.9917 0.0592
vn 0.3287 0.8494 -0.4130
vn -0.0673 0.8635 -0.4998
vn 0.0692 0.9868 -0.1466
vn 0.3661 0.9195 -0.1434
vn 0.1553 0.9878 0.0109
vn 0.2263 0.9717 -0.0683
vn 0.4052 0.8946 -0.1881
vn 0.5832 0.8082 -0.0823
vn 0.4066 0.9130 -0.0347
vn 0.0805 0.9934 0.0816
vn 0.5785 0.8148 -0.0368
vn 0.4626 0.8825 -0.0846
vn 0.5356 0.8444 0.0085
vn 0.2477 0.9640 -0.0966
vn 0.4327 0.8990 -0.0672
vn -0.0119 0.9999 -0.0019
vn 0.2934 0.9557 -0.0241
vn 0.7018 0.6907 -0.1743
vn 0.0005 1.0000 0.0011
vn 0.0007 1.0000 -0.0000
vn 0.0021 1.0000 -0.0011
vn -0.0222 0.9997 -0.0040
vn 0.0055 1.0000 -0.0012
vn -0.2618 0.9627 0.0690
vn -0.0075 1.0000 0.0046
vn 0.0001 1.0000 -0.0000
vn -0.2196 0.9628 0.1574
vn 0.6387 0.7055 -0.3071
vn 0.5546 0.8319 0.0162
vn 0.3747 0.9225 -0.0925
vn 0.7746 0.6196 -0.1267
vn 0.0751 0.9953 0.0608
vn 0.0078 0.9980 0.0635
vn -0.0530 0.9623 0.2667
vn 0.0738 0.9724 0.2215
vn -0.4731 0.8781 -0.0714
vn -0.5578 0.8299 0.0097
vn -0.3276 0.9433 -0.0533
vn -0.2574 0.9631 -0.0786
vn -0.0155 0.9999 -0.0013
vn 0.0305 0.9995 0.0023
vn -0.3101 0.9502 -0.0304
vn -0.0125 0.9999 0.0096
vn 0.0247 0.9997 0.0052
vn 0.0663 0.9943 0.0831
vn 0.1420 0.9886 0.0497
vn 0.1909 0.8190 0.5411
vn 0.2668 0.8888 0.3727
vn 0.3070 0.8399 0.4474
vn 0.0707 0.8526 0.5178
vn -0.5282 0.8345 0.1567
vn -0.0776 0.9960 0.0439
vn -0.0234 0.9996 0.0133
vn -0.3896 0.8873 0.2466
vn 0.0033 1.0000 0.0091
vn 0.0342 0.9993 0.0126
vn -0.0083 1.0000 0.0051
vn -0.1934 0.9803 -0.0406
vn 0.1756 0.9840 0.0312
vn -0.3252 0.9430 -0.0715
vn 0.3142 0.9478 0.0540
vn 0.4198 0.8533 0.3093
vn 0.2750 0.9051 0.3244
vn 0.0942 0.8947 0.4367
vn 0.3701 0.8708 0.3237
vn 0.2167 0.9278 0.3037
vn 0.4896 0.8701 0.0564
vn 0.4481 0.8807 0.1537
vn 0.4438 0.8353 0.3246
vn -0.0127 0.9999 -0.0078
vn -0.2945 0.9528 0.0732
vn 0.0990 0.9446 0.3129
vn -0.6916 0.7221 -0.0134
vn 0.0144 0.9892 0.1458
vn 0.0032 1.0000 0.0008
vn -0.3806 0.8397 -0.3873
vn -0.1522 0.9715 -0.1815
vn 0.0809 0.8426 -0.5324
vn 0.1002 0.9946 -0.0275
vn 0.2222 0.9734 -0.0550
vn 0.2625 0.9625 -0.0685
vn 0.0914 0.9952 -0.0335
vn -0.0375 0.8745 -0.4836
vn -0.2785 0.8633 -0.4209
vn 0.0054 0.9999 0.0124
vn 0.0073 0.9442 0.3293
vn -0.6607 0.7382 0.1359
vn -0.6877 0.7257 0.0210
vn -0.0462 0.9970 -0.0625
vn 0.4853 0.8685 0.1010
vn 0.5507 0.8347 0.0058
vn 0.2898 0.9246 0.2470
vn 0.2645 0.9009 0.3442
vn -0.0624 0.9144 0.3999
vn 0.3078 0.7751 0.5518
vn 0.3149 0.9466 0.0687
vn -0.2466 0.9668 -0.0671
vn -0.2926 0.9548 -0.0529
vn -0.0004 1.0000 0.0001
vn 0.0010 1.0000 0.0007
vn 0.0432 0.9990 -0.0082
vn -0.2480 0.9519 0.1801
vn 0.0207 0.9998 -0.0042
vn -0.1920 0.9814 0.0082
vn 0.1150 0.9175 0.3807
vn 0.2965 0.8796 0.3720
vn 0.3033 0.7954 0.5247
vn 0.2799 0.9541 0.1067
vn -0.2312 0.9700 -0.0756
vn 0.0921 0.9955 0.0211
vn -0.3899 0.9209 0.0019
vn 0.0002 1.0000 0.0001
vn -0.1994 0.9799 0.0087
vn -0.3632 0.9303 0.0515
vn -0.4127 0.9025 -0.1228
vn -0.0019 0.9973 0.0741
vn 0.1438 0.9821 -0.1220
vn -0.1023 0.9852 0.1378
vn 0.7734 0.6308 -0.0629
vn 0.3916 0.9187 0.0518
vn 0.4731 0.8248 -0.3098
vn -0.0472 0.9971 0.0605
vn -0.0140 0.9999 0.0061
vn 0.0283 0.9996 -0.0057
vn -0.0123 0.9999 0.0029
vn 0.0076 1.0000 -0.0015
vn 0.7636 0.6402 -0.0845
vn 0.5044 0.8482 -0.1616
vn 0.4353 0.9002 0.0112
vn 0.2146 0.9767 -0.0089
vn 0.3420 0.9381 -0.0547
vn 0.5376 0.8431 -0.0153
vn 0.0050 0.9976 0.0684
vn 0.1351 0.9908 -0.0033
vn 0.3518 0.9350 -0.0449
vn 0.2122 0.9763 0.0419
vn 0.2808 0.9569 -0.0748
vn 0.2608 0.8800 -0.3969
vn 0.0311 0.8721 -0.4884
vn -0.0300 0.9995 0.0093
vn 0.6139 0.7833 -0.0980
vn 0.5603 0.8279 -0.0233
vn 0.2869 0.7999 -0.5271
vn 0.3502 0.9363 -0.0266
vn 0.5398 0.8377 -0.0827
vn 0.5174 0.8384 -0.1714
vn -0.2739 0.9578 0.0876
vn -0.6768 0.7347 0.0463
vn -0.6024 0.7364 -0.3079
vn -0.2256 0.9717 0.0699
vn -0.0429 0.9982 0.0416
vn -0.3728 0.9264 -0.0535
vn -0.0039 0.9988 0.0490
vn -0.6765 0.7364 0.0026
vn -0.5789 0.8149 -0.0283
vn 0.0091 0.9999 0.0126
vn -0.0654 0.9979 -0.0009
vn -0.7864 0.6144 -0.0645
vn -0.0123 0.9999 -0.0011
vn 0.0016 1.0000 0.0009
vn 0.1667 0.9775 0.1295
vn -0.2115 0.9569 -0.1991
vn 0.0001 1.0000 0.0001
vn -0.1144 0.9918 -0.0578
vn -0.0551 0.9979 -0.0334
vn 0.0481 0.9885 0.1431
vn 0.0014 1.0000 0.0060
vn 0.1661 0.9838 0.0674
vn 0.1835 0.9817 0.0505
vn 0.1292 0.9113 0.3910
vn -0.2561 0.9105 0.3246
vn -0.4370 0.8617 0.2577
vn 0.0706 0.9954 -0.0647
vn -0.1687 0.9674 -0.1888
vn -0.0591 0.9951 0.0798
vn 0.1653 0.9862 0.0064
vn 0.0068 1.0000 0.0039
vn 0.2878 0.9565 -0.0483
vn -0.3394 0.9398 0.0405
vn -0.2511 0.9677 0.0227
vn 0.0776 0.9951 0.0612
vn -0.2509 0.9680 0.0079
vn -0.2580 0.9661 0.0121
vn -0.0855 0.9951 -0.0497
vn 0.1411 0.9900 0.0014
vn 0.1282 0.9917 -0.0089
vn 0.2274 0.9627 0.1462
vn -0.0466 0.9953 0.0844
vn -0.1642 0.9731 -0.1618
vn 0.1610 0.9864 -0.0320
vn -0.0037 0.9999 -0.0123
vn 0.1362 0.9832 -0.1212
vn -0.4562 0.8490 -0.2667
vn -0.0104 0.9999 -0.0072
vn -0.0324 0.9992 -0.0221
vn 0.2939 0.9344 0.2012
vn 0.4215 0.8795 0.2209
vn -0.2904 0.9555 -0.0520
vn -0.0098 0.9999 -0.0031
vn 0.1858 0.9813 -0.0502
vn 0.3468 0.9307 0.1166
vn 0.1649 0.9859 0.0285
vn -0.3106 0.8736 0.3745
vn -0.2151 0.9026 0.3728
vn -0.1223 0.7396 0.6619
vn -0.0517 0.9986 0.0091
vn -0.0048 1.0000 0.0036
vn 0.1200 0.9736 0.1944
vn -0.1034 0.9819 0.1589
vn -0.1160 0.9656 0.2327
vn 0.6516 0.7518 0.1017
vn -0.0267 0.9375 0.3468
vn -0.0053 0.9944 0.1059
vn -0.4712 0.8820 -0.0096
vn -0.0947 0.9718 -0.2161
vn -0.1894 0.9697 0.1545
vn 0.4772 0.8100 -0.3408
vn 0.3180 0.8660 -0.3858
vn 0.4362 0.8805 -0.1853
vn 0.0065 1.0000 -0.0034
vn 0.4692 0.8612 0.1956
vn 0.0215 0.9994 -0.0287
vn 0.4798 0.8287 -0.2883
vn 0.0872 0.9949 -0.0507
vn -0.0351 0.9993 -0.0143
vn -0.1089 0.9939 -0.0164
vn -0.0102 0.9999 -0.0036
vn -0.6391 0.7678 0.0449
vn -0.3787 0.9239 0.0551
vn -0.2085 0.9002 0.3824
vn -0.3322 0.8500 -0.4088
vn -0.4489 0.8302 -0.3305
vn -0.4148 0.8801 -0.2309
vn 0.0557 0.9625 -0.2657
vn 0.3267 0.9444 -0.0379
vn -0.2348 0.9660 0.1084
vn -0.1422 0.9821 -0.1234
vn 0.0005 1.0000 -0.0024
vn 0.1388 0.9898 0.0328
vn -0.5305 0.8377 -0.1295
vn -0.3764 0.9218 -0.0928
vn -0.2018 0.9779 -0.0551
vn -0.5658 0.8221 -0.0632
vn -0.6043 0.7902 -0.1017
vn -0.4580 0.8330 -0.3106
vn -0.2647 0.9625 0.0589
vn 0.0172 0.9996 0.0206
vn 0.1176 0.9926 -0.0289
vn 0.0015 1.0000 -0.0005
vn 0.0059 1.0000 -0.0010
vn 0.2347 0.9692 -0.0748
vn -0.2562 0.9638 0.0740
vn -0.0879 0.9960 0.0161
vn 0.1451 0.9882 -0.0481
vn -0.0465 0.9988 0.0158
vn -0.0776 0.9887 -0.1287
vn -0.3116 0.8047 -0.5053
vn -0.5152 0.8366 -0.1863
vn -0.0011 1.0000 -0.0020
vn 0.1830 0.9731 0.1397
vn -0.4425 0.8818 -0.1632
vn -0.4753 0.8671 0.1489
vn -0.2180 0.9745 -0.0539
vn -0.0000 1.0000 -0.0002
vn -0.0007 1.0000 -0.0005
vn 0.4493 0.8593 -0.2444
vn 0.1701 0.9823 0.0781
vn 0.6714 0.7399 0.0419
vn -0.0841 0.9926 -0.0871
vn -0.0670 0.9951 0.0724
vn -0.3108 0.7654 0.5636
vn 0.0684 0.9975 0.0186
vn -0.2767 0.9584 -0.0700
vn 0.3509 0.9339 0.0682
vn 0.0081 1.0000 -0.0031
vn 0.0076 1.0000 -0.0035
vn 0.1185 0.9819 -0.1481
vn -0.0117 0.9999 -0.0069
vn 0.0979 0.9949 -0.0255
vn 0.3162 0.9477 -0.0442
vn 0.0747 0.9846 0.1578
vn -0.2433 0.7676 0.5929
vn 0.0071 1.0000 0.0045
vn -0.1832 0.9815 -0.0563
vn -0.1894 0.9737 -0.1264
vn -0.6451 0.7546 -0.1198
vn 0.1718 0.9771 0.1259
vn -0.1842 0.9829 0.0053
vn -0.1849 0.9802 0.0709
vn -0.4215 0.8511 -0.3128
vn 0.1894 0.9805 -0.0525
vn 0.4992 0.8272 -0.2580
vn -0.2005 0.9702 0.1361
vn 0.5167 0.8258 -0.2263
vn 0.5475 0.8354 -0.0484
vn 0.4734 0.8726 -0.1204
vn 0.0054 1.0000 -0.0007
vn 0.0030 1.0000 0.0017
vn -0.1981 0.9788 0.0517
vn 0.6553 0.7298 -0.1946
vn 0.1980 0.9801 -0.0105
vn -0.3371 0.9401 -0.0507
vn -0.0608 0.9975 -0.0366
vn -0.0623 0.9967 -0.0523
vn 0.0152 0.8315 0.5553
vn -0.4255 0.8776 0.2208
vn -0.3796 0.9032 0.2004
vn 0.2250 0.9739 0.0283
vn 0.4599 0.8585 0.2267
vn 0.3564 0.8562 0.3741
vn -0.0038 0.9945 0.1042
vn -0.0014 1.0000 0.0025
vn -0.0026 1.0000 0.0003
vn -0.0255 0.9995 -0.0158
vn -0.0111 0.9999 0.0071
vn -0.0007 0.9999 0.0124
vn -0.0081 0.9953 0.0967
vn -0.0142 0.9998 -0.0120
vn -0.0250 0.9946 0.1008
vn -0.3049 0.9513 0.0446
vn 0.0013 1.0000 0.0008
vn 0.2526 0.9646 -0.0763
vn 0.1917 0.9773 -0.0903
vn -0.0266 0.9995 -0.0164
vn -0.1896 0.9818 0.0117
vn 0.3351 0.9411 0.0451
vn 0.1194 0.9872 -0.1053
vn 0.0611 0.9981 -0.0002
vn -0.0838 0.9033 0.4208
vn -0.3060 0.8982 0.3156
vn 0.7452 0.6286 0.2225
vn 0.6755 0.6681 0.3120
vn 0.4551 0.8828 0.1161
vn 0.0501 0.9688 -0.2428
vn 0.4543 0.8631 -0.2207
vn -0.4860 0.7970 0.3586
vn -0.4427 0.8961 -0.0313
vn -0.2839 0.9582 0.0346
vn -0.4400 0.8438 -0.3073
vn 0.1813 0.9793 -0.0899
vn -0.4089 0.9009 -0.1452
vn -0.1723 0.9761 -0.1324
vn -0.4378 0.8830 -0.1692
vn 0.1917 0.9732 -0.1273
vn 0.1482 0.9885 -0.0299
vn 0.3333 0.9428 -0.0023
vn -0.0170 0.9998 -0.0040
vn -0.1183 0.9928 0.0175
vn 0.0110 0.9743 0.2250
vn -0.1724 0.9686 -0.1792
vn 0.1647 0.9560 0.2426
vn 0.0048 0.9959 -0.0907
vn -0.1043 0.9839 -0.1452
vn 0.0133 0.8210 -0.5708
vn -0.0450 0.9614 0.2714
vn 0.0180 0.9997 -0.0140
vn 0.2852 0.9432 0.1702
vn -0.1464 0.9813 0.1247
vn -0.0265 0.9993 0.0278
vn 0.0021 1.0000 -0.0008
vn -0.2420 0.9604 -0.1379
vn 0.2227 0.9555 0.1936
vn 0.0419 0.9985 -0.0356
vn 0.0151 0.9998 0.0103
vn 0.0088 1.0000 0.0014
vn -0.6465 0.7618 0.0414
vn 0.2955 0.9445 -0.1433
vn 0.0917 0.9916 -0.0913
vn 0.0852 0.9460 -0.3127
vn -0.0513 0.9986 -0.0097
vn -0.0934 0.9942 -0.0526
vn -0.0523 0.9970 0.0562
vn 0.0072 1.0000 0.0033
vn 0.3346 0.9310 -0.1459
vn 0.0147 0.9999 -0.0034
vn -0.7721 0.6102 -0.1774
vn 0.0859 0.9952 0.0473
vn -0.5361 0.8165 -0.2144
vn -0.0189 0.9998 -0.0003
vn 0.7012 0.6718 -0.2388
vn 0.5609 0.7909 -0.2449
vn -0.0152 0.9999 0.0066
vn 0.0013 1.0000 -0.0004
vn 0.4885 0.8616 -0.1376
vn 0.5252 0.8219 -0.2204
vn 0.3358 0.9419 0.0044
vn 0.1006 0.9949 -0.0030
vn 0.3466 0.9380 0.0010
vn -0.1905 0.9817 0.0051
vn 0.4644 0.8290 -0.3116
vn -0.0843 0.8335 -0.5461
vn 0.4414 0.8347 -0.3293
vn -0.4936 0.8399 -0.2255
vn -0.3391 0.9366 0.0887
vn -0.6884 0.7144 -0.1251
vn -0.3803 0.9205 0.0894
vn 0.0889 0.9945 0.0546
vn -0.2228 0.9631 -0.1507
vn -0.2954 0.9510 -0.0912
vn -0.1530 0.9859 0.0671
vn -0.2661 0.9598 -0.0895
vn 0.4212 0.8036 0.4206
vn 0.1030 0.9623 0.2518
vn -0.2388 0.9481 0.2101
vn 0.1933 0.9180 0.3462
vn 0.0283 0.9996 -0.0088
vn 0.3550 0.9338 -0.0449
vn -0.1585 0.9871 0.0238
vn 0.2050 0.9783 -0.0303
vn 0.0795 0.9947 -0.0646
vn -0.0274 0.9910 0.1313
vn -0.0235 0.9997 -0.0036
vn -0.3234 0.9424 -0.0849
vn 0.1763 0.9840 0.0262
vn -0.2569 0.9638 -0.0712
vn -0.3782 0.8350 0.3997
vn -0.0941 0.9339 0.3449
vn -0.0162 0.9993 0.0329
vn -0.2299 0.8889 0.3962
vn 0.4130 0.8934 0.1770
vn 0.4245 0.9030 -0.0662
vn 0.0771 0.9438 0.3214
vn 0.5077 0.8600 -0.0506
vn 0.0234 0.9995 -0.0216
vn -0.6051 0.7933 0.0677
vn -0.5079 0.8614 -0.0081
vn -0.1952 0.9792 -0.0561
vn -0.7047 0.7033 0.0937
vn -0.0010 1.0000 -0.0010
vn -0.4434 0.8294 -0.3398
vn 0.0152 0.9998 0.0159
vn -0.4082 0.8275 -0.3854
vn 0.1010 0.9886 -0.1113
vn -0.2714 0.9601 0.0677
vn 0.0031 1.0000 -0.0009
vn -0.0528 0.9986 0.0036
vn -0.0016 1.0000 -0.0000
vn 0.1100 0.9926 0.0506
vn -0.0038 1.0000 -0.0024
vn 0.0558 0.9974 0.0452
vn -0.0046 0.9996 -0.0272
vn -0.2092 0.9779 -0.0003
vn 0.0325 0.8293 -0.5578
vn -0.0178 0.9721 0.2340
vn 0.0006 0.9961 -0.0878
vn 0.6135 0.7865 0.0713
vn -0.0818 0.9905 -0.1102
vn 0.0152 0.9936 0.1123
vn -0.0220 0.9791 0.2023
vn -0.0038 0.9990 0.0447
vn 0.0106 0.9999 0.0018
vn 0.1897 0.9811 0.0386
vn -0.0528 0.9932 -0.1035
vn 0.0080 0.9992 -0.0383
vn -0.0362 0.8771 0.4790
vn -0.2190 0.9569 0.1906
vn 0.0056 1.0000 0.0011
vn 0.3277 0.9333 0.1468
vn 0.3901 0.8760 0.2836
vn -0.3028 0.9254 -0.2279
vn 0.5495 0.8013 -0.2367
vn -0.0938 0.9936 0.0627
vn -0.3786 0.8864 0.2664
vn 0.3113 0.9489 -0.0525
vn -0.5755 0.7517 -0.3222
vn 0.1618 0.9848 0.0632
vn -0.7627 0.6464 -0.0243
vn 0.0647 0.9971 0.0396
vn -0.4996 0.8156 -0.2920
vn 0.0671 0.9906 0.1188
vn 0.5665 0.8216 -0.0637
vn 0.5431 0.8281 -0.1387
vn -0.3085 0.9506 0.0354
vn -0.1591 0.9873 0.0042
vn 0.2047 0.9768 -0.0624
vn 0.0033 0.9891 -0.1472
vn -0.1888 0.9776 0.0928
vn -0.0042 0.9887 0.1501
vn 0.2301 0.9729 0.0233
vn 0.1786 0.9517 -0.2499
vn 0.0150 0.9932 -0.1154
vn -0.0083 0.9962 -0.0869
vn -0.5672 0.8055 0.1718
vn 0.1627 0.9585 0.2340
vn -0.2076 0.9681 -0.1403
vn -0.0002 1.0000 0.0090
vn -0.2712 0.9558 0.1137
vn -0.0020 0.9947 0.1025
vn -0.0206 0.9900 0.1397
vn 0.4414 0.8437 -0.3054
vn 0.1446 0.9739 0.1748
vn 0.5191 0.8406 -0.1547
vn -0.1273 0.9915 -0.0271
vn -0.4326 0.8472 -0.3085
vn -0.0942 0.9899 -0.1059
vn -0.5029 0.7832 -0.3657
vn 0.0978 0.9918 -0.0821
vn -0.0085 0.9998 -0.0198
vn -0.6070 0.7830 -0.1358
vn -0.0016 1.0000 0.0025
vn -0.5056 0.8589 -0.0815
vn -0.0113 0.9999 -0.0023
vn 0.7155 0.6801 -0.1598
vn 0.5450 0.8198 -0.1759
vn -0.1945 0.9798 0.0468
vn 0.0021 1.0000 -0.0003
vn 0.3753 0.9268 -0.0114
vn 0.2828 0.9587 -0.0298
vn 0.5254 0.8508 0.0079
vn 0.5638 0.8206 -0.0941
vn 0.1584 0.9809 -0.1130
vn 0.5731 0.8193 0.0152
vn 0.3283 0.8279 -0.4547
vn 0.1159 0.9916 -0.0579
vn -0.2996 0.9540 0.0117
vn -0.4715 0.8819 0.0060
vn -0.2852 0.9561 0.0678
vn -0.4827 0.8756 -0.0206
vn 0.0005 1.0000 0.0001
vn -0.1202 0.9926 -0.0201
vn 0.1940 0.9705 0.1435
vn 0.1571 0.9860 0.0556
vn 0.1965 0.9631 0.1837
vn 0.2657 0.9596 0.0927
vn 0.2400 0.8697 0.4313
vn 0.1303 0.9796 -0.1531
vn 0.0434 0.9240 0.3800
vn 0.0388 0.9967 0.0711
vn 0.2025 0.9788 -0.0293
vn 0.3899 0.9209 0.0034
vn -0.0362 0.9993 -0.0095
vn -0.0001 1.0000 0.0036
vn 0.1463 0.9864 0.0745
vn 0.0007 1.0000 0.0003
vn 0.1188 0.9874 0.1045
vn -0.0006 1.0000 -0.0000
vn -0.1970 0.9792 -0.0477
vn 0.0235 0.9997 -0.0001
vn 0.0026 0.9999 -0.0138
vn 0.3262 0.9424 0.0741
vn -0.2075 0.8686 0.4499
vn -0.1704 0.9843 -0.0449
vn -0.2675 0.9141 0.3048
vn 0.2741 0.9175 0.2881
vn 0.6843 0.7290 0.0169
vn 0.1875 0.9220 -0.3387
vn -0.1096 0.9725 0.2055
vn 0.5122 0.8523 -0.1063
vn -0.0004 1.0000 0.0003
vn -0.1915 0.9780 -0.0822
vn -0.7366 0.6761 0.0165
vn -0.2303 0.8994 -0.3717
vn -0.5361 0.8409 -0.0742
vn 0.1419 0.9489 0.2819
vn -0.1621 0.9717 -0.1721
vn -0.5772 0.8162 0.0251
vn -0.3458 0.9082 -0.2359
vn -0.3346 0.8208 -0.4630
vn 0.0624 0.9978 -0.0220
vn -0.0665 0.9975 0.0233
vn -0.0557 0.9983 0.0162
vn 0.1138 0.9929 -0.0344
vn 0.2748 0.9578 -0.0846
vn -0.0523 0.9986 0.0082
vn -0.2641 0.9613 0.0789
vn 0.2474 0.9654 -0.0820
vn -0.0158 0.9998 0.0120
vn -0.0844 0.9938 -0.0728
vn -0.0992 0.9944 0.0354
vn 0.1279 0.9875 0.0917
vn -0.2498 0.9667 0.0554
vn -0.3721 0.8221 -0.4310
vn -0.6007 0.7994 0.0095
vn -0.5695 0.8216 0.0260
vn -0.5929 0.7993 -0.0982
vn -0.3955 0.9009 -0.1790
vn -0.4778 0.8783 -0.0184
vn -0.1488 0.9889 -0.0005
vn -0.5296 0.8464 0.0563
vn 0.0018 1.0000 0.0004
vn -0.0100 0.9999 0.0082
vn 0.1220 0.9915 0.0458
vn 0.0042 1.0000 -0.0086
vn 0.1920 0.9694 0.1528
vn 0.4309 0.8990 0.0784
vn -0.2992 0.9183 -0.2592
vn 0.3863 0.9199 0.0678
vn -0.4890 0.8592 -0.1507
vn -0.4180 0.8335 -0.3613
vn -0.4187 0.8552 -0.3054
vn -0.3969 0.8570 -0.3287
vn -0.1696 0.9523 0.2535
vn -0.5078 0.8544 0.1104
vn -0.3365 0.9003 0.2760
vn -0.5297 0.8385 0.1276
vn -0.1748 0.9839 -0.0378
vn -0.3013 0.9524 -0.0454
vn -0.0012 1.0000 -0.0003
vn -0.2731 0.9608 -0.0473
vn 0.0036 1.0000 -0.0021
vn 0.2243 0.9678 -0.1144
vn 0.4241 0.8587 -0.2878
vn 0.0080 1.0000 0.0036
vn 0.0766 0.9967 0.0268
vn -0.0009 1.0000 -0.0004
vn 0.3072 0.9402 0.1469
vn 0.5008 0.8510 -0.1579
vn 0.4303 0.8276 -0.3605
vn 0.3009 0.9073 -0.2937
vn 0.4406 0.8379 -0.3221
vn -0.3569 0.9249 0.1312
vn -0.4793 0.8746 0.0734
vn -0.0321 0.9995 0.0002
vn -0.3534 0.9355 0.0070
vn 0.2931 0.9488 0.1175
vn 0.0100 0.9868 0.1615
vn -0.0132 0.9890 0.1470
vn 0.4956 0.8683 0.0220
vn 0.1059 0.9322 0.3461
vn -0.0025 0.9960 0.0889
vn -0.1360 0.9794 -0.1494
vn -0.0347 0.9971 -0.0679
vn -0.0653 0.9950 0.0761
vn 0.0003 1.0000 -0.0003
vn 0.0002 1.0000 -0.0001
vn -0.0003 1.0000 0.0020
vn -0.2458 0.9307 0.2707
vn -0.3253 0.8582 0.3971
vn -0.0861 0.8457 0.5267
vn -0.3425 0.8255 0.4487
vn 0.3454 0.9354 0.0760
vn 0.1690 0.9844 0.0494
vn 0.1469 0.9887 0.0301
vn 0.0852 0.9961 0.0235
vn 0.0495 0.9983 -0.0297
vn -0.1928 0.9789 -0.0681
vn 0.1852 0.9688 0.1649
vn -0.2724 0.9588 -0.0805
vn 0.5291 0.8468 0.0549
vn 0.2467 0.9602 0.1310
vn 0.4081 0.8755 0.2587
vn 0.2366 0.9652 0.1115
vn -0.0439 0.9987 -0.0275
vn 0.0004 1.0000 0.0004
vn -0.0648 0.9973 -0.0347
vn 0.1160 0.9925 0.0396
vn 0.2895 0.9547 -0.0688
vn -0.0563 0.9975 -0.0420
vn 0.1856 0.9815 -0.0477
vn -0.0432 0.9853 -0.1654
vn 0.1378 0.9881 0.0679
vn -0.2467 0.9540 -0.1703
vn 0.1690 0.9856 0.0009
vn 0.0069 1.0000 -0.0031
vn -0.0009 1.0000 -0.0005
vn 0.3270 0.9450 0.0045
vn -0.0008 1.0000 0.0003
vn -0.2967 0.9548 0.0166
vn -0.3537 0.9353 -0.0078
vn -0.0738 0.9973 -0.0033
vn -0.1848 0.9826 -0.0160
vn 0.2027 0.9785 -0.0379
vn -0.0461 0.9989 -0.0050
vn -0.3136 0.9488 0.0366
vn 0.2288 0.9727 -0.0386
vn 0.0189 0.9998 0.0096
vn 0.0420 0.9990 -0.0135
vn 0.0762 0.9907 -0.1128
vn 0.0027 1.0000 -0.0019
vn -0.0804 0.9282 0.3632
vn -0.1167 0.9608 -0.2515
vn -0.0383 0.9982 -0.0470
vn -0.0585 0.9794 -0.1931
vn -0.5113 0.8590 0.0271
vn -0.2820 0.8947 0.3464
vn -0.3927 0.8747 0.2839
vn -0.2121 0.8862 0.4119
vn 0.2928 0.9518 0.0909
vn 0.0193 0.9998 0.0085
vn 0.2230 0.9724 0.0687
vn 0.0027 1.0000 0.0027
vn 0.1502 0.9755 0.1608
vn -0.1825 0.9795 -0.0852
vn 0.0004 1.0000 0.0006
vn -0.2236 0.9711 -0.0837
vn -0.0024 1.0000 -0.0014
vn -0.2008 0.9633 -0.1779
vn -0.0177 0.9998 -0.0123
vn -0.2197 0.9600 -0.1737
vn 0.0170 0.9998 -0.0100
vn -0.2921 0.9542 -0.0642
vn 0.0009 1.0000 0.0002
vn -0.5561 0.8205 -0.1325
vn 0.0855 0.9945 0.0608
vn 0.0237 0.9995 0.0184
vn -0.0193 0.9764 0.2153
vn 0.0436 0.9985 0.0317
vn -0.5830 0.8109 -0.0511
vn -0.4504 0.8926 0.0194
vn -0.5906 0.8069 -0.0137
vn -0.2584 0.9647 0.0499
vn -0.3076 0.9512 0.0253
vn -0.1199 0.9912 0.0565
vn -0.4318 0.8913 -0.1382
vn -0.1262 0.9916 0.0297
vn -0.5086 0.8010 -0.3158
vn -0.4574 0.8879 0.0484
vn -0.7269 0.6645 -0.1736
vn -0.2980 0.9331 -0.2014
vn 0.3844 0.9072 -0.1712
vn 0.4770 0.8787 0.0167
vn 0.5316 0.8452 0.0548
vn 0.4336 0.9010 0.0117
vn 0.3430 0.8134 -0.4698
vn 0.6176 0.7863 -0.0140
vn 0.2963 0.9415 -0.1603
vn 0.6036 0.7971 -0.0178
vn -0.1513 0.9877 0.0402
vn 0.2667 0.8570 -0.4409
vn -0.2363 0.8678 -0.4371
vn 0.1216 0.9578 -0.2604
vn 0.4424 0.8881 -0.1243
vn 0.2219 0.9726 -0.0693
vn 0.2107 0.9757 -0.0597
vn 0.2862 0.9473 -0.1441
vn 0.5825 0.8108 -0.0582
vn 0.4337 0.9007 0.0246
vn 0.0622 0.9950 0.0786
vn 0.6090 0.7930 -0.0127
vn 0.4865 0.8683 -0.0967
vn 0.5282 0.8477 -0.0489
vn 0.1404 0.9879 -0.0660
vn 0.4551 0.8879 -0.0674
vn -0.0146 0.9999 0.0005
vn 0.2376 0.9705 -0.0401
vn 0.7583 0.6208 -0.1992
vn -0.0105 0.9999 -0.0047
vn 0.0004 1.0000 -0.0000
vn 0.0015 1.0000 -0.0000
vn 0.1471 0.9890 -0.0168
vn -0.0012 1.0000 0.0009
vn -0.3031 0.9496 0.0805
vn -0.0415 0.9989 0.0194
vn -0.0005 1.0000 -0.0002
vn -0.2215 0.9703 0.0977
vn 0.5927 0.7575 -0.2736
vn 0.6323 0.7743 -0.0263
vn 0.3178 0.9440 -0.0884
vn 0.7552 0.6399 -0.1419
vn 0.1212 0.9809 -0.1522
vn -0.0388 0.9821 0.1841
vn -0.0542 0.9761 0.2105
vn 0.0233 0.9670 0.2537
vn -0.4887 0.8680 -0.0885
vn -0.5332 0.8447 -0.0476
vn -0.3183 0.9457 -0.0662
vn -0.4622 0.8827 -0.0855
vn -0.0082 1.0000 -0.0025
vn 0.0298 0.9996 0.0022
vn -0.0229 0.9997 0.0061
vn 0.0623 0.9961 -0.0617
vn -0.1206 0.9916 -0.0474
vn 0.1706 0.9781 0.1192
vn -0.0604 0.9979 -0.0233
vn 0.1807 0.8612 0.4750
vn 0.2530 0.8725 0.4180
vn 0.2930 0.8432 0.4508
vn 0.1471 0.8559 0.4957
vn -0.5809 0.8058 -0.1151
vn -0.1860 0.9784 0.0903
vn 0.0379 0.9993 -0.0050
vn -0.3704 0.9044 0.2119
vn -0.0575 0.9979 0.0309
vn 0.0003 1.0000 -0.0002
vn 0.1081 0.9935 0.0352
vn 0.0050 1.0000 -0.0028
vn -0.2475 0.9678 -0.0461
vn 0.0744 0.9972 0.0067
vn -0.2763 0.9592 -0.0601
vn 0.1899 0.9814 0.0284
vn 0.5190 0.8390 0.1634
vn 0.2512 0.8919 0.3760
vn -0.0879 0.8802 0.4664
vn 0.2919 0.8809 0.3727
vn 0.1517 0.9481 0.2796
vn 0.4234 0.8899 0.1697
vn 0.5635 0.8215 0.0876
vn 0.3790 0.8760 0.2983
vn -0.0011 1.0000 -0.0007
vn -0.3449 0.9323 0.1094
vn -0.0354 0.9815 0.1879
vn -0.6981 0.7160 -0.0068
vn 0.0779 0.9894 0.1222
vn 0.0001 1.0000 0.0055
vn -0.3056 0.8547 -0.4197
vn -0.0954 0.9891 -0.1119
vn -0.1261 0.8645 -0.4866
vn 0.0456 0.9989 -0.0135
vn 0.2542 0.9649 -0.0657
vn -0.0035 1.0000 -0.0001
vn 0.0039 1.0000 0.0023
vn -0.1086 0.9940 0.0158
vn -0.0043 0.9901 -0.1406
vn -0.0143 0.9940 0.1084
vn -0.0338 0.9975 -0.0614
vn -0.0074 0.9936 0.1131
vn -0.2161 0.9758 0.0323
vn 0.0289 0.9989 0.0370
vn 0.0661 0.9954 0.0688
vn 0.0494 0.9988 -0.0066
vn -0.0771 0.9970 -0.0016
vn 0.3069 0.9504 0.0498
vn -0.0046 0.9990 -0.0451
vn 0.0439 0.9986 -0.0289
vn -0.0401 0.8141 0.5793
vn 0.0067 0.9743 0.2253
vn 0.5589 0.8184 0.1338
vn 0.5797 0.7435 0.3334
vn 0.4321 0.8694 0.2395
vn -0.1710 0.9504 -0.2598
vn 0.4808 0.8334 -0.2726
vn -0.4199 0.8316 0.3635
vn -0.4045 0.8736 0.2706
vn 0.0645 0.9977 -0.0225
vn -0.4838 0.8262 -0.2887
vn 0.2822 0.9550 0.0919
vn -0.6412 0.7375 -0.2121
vn -0.2297 0.9589 -0.1668
vn -0.5135 0.8156 -0.2666
vn 0.1971 0.9777 0.0727
vn 0.3940 0.9168 -0.0653
vn 0.4906 0.8679 -0.0776
vn 0.0027 1.0000 -0.0000
vn -0.2338 0.9718 0.0293
vn -0.2717 0.9572 0.1001
vn 0.0296 0.9995 -0.0128
vn 0.0827 0.9877 -0.1330
vn -0.0181 0.9923 0.1224
vn 0.1253 0.9632 0.2378
vn 0.1261 0.9919 0.0115
vn 0.0616 0.9711 -0.2304
vn 0.0013 0.8472 -0.5313
vn -0.0411 0.9958 0.0812
vn -0.0067 1.0000 0.0038
vn 0.1886 0.9628 0.1936
vn -0.2562 0.9591 -0.1204
vn -0.0013 1.0000 0.0008
vn 0.0050 1.0000 0.0038
vn -0.0566 0.9971 -0.0511
vn -0.1241 0.9659 0.2275
vn -0.0080 0.9992 0.0379
vn 0.0001 1.0000 -0.0003
vn -0.6861 0.7260 0.0467
vn 0.4194 0.8644 -0.2773
vn 0.1367 0.9905 0.0127
vn 0.6183 0.7621 -0.1920
vn -0.3085 0.9500 -0.0483
vn -0.3437 0.9106 -0.2294
vn 0.0084 1.0000 -0.0031
vn -0.3611 0.9148 -0.1812
vn 0.2121 0.9687 -0.1289
vn 0.0051 0.9999 0.0149
vn -0.7176 0.6867 -0.1166
vn -0.5210 0.8420 -0.1399
vn -0.0133 0.9999 0.0110
vn 0.7090 0.6585 -0.2525
vn 0.5540 0.7958 -0.2445
vn -0.2548 0.9644 0.0703
vn -0.0094 1.0000 0.0006
vn -0.0001 1.0000 -0.0034
vn 0.4033 0.9025 -0.1513
vn 0.2941 0.9537 -0.0627
vn 0.4557 0.8890 -0.0442
vn 0.4298 0.9012 -0.0555
vn -0.1644 0.9627 0.2149
vn 0.5223 0.8510 -0.0550
vn 0.3321 0.8239 -0.4593
vn 0.3481 0.9096 -0.2268
vn -0.3669 0.9133 -0.1770
vn -0.4274 0.9038 0.0218
vn -0.4522 0.8919 -0.0021
vn -0.5346 0.8449 0.0169
vn 0.0001 1.0000 -0.0018
vn -0.0506 0.9978 -0.0434
vn -0.1401 0.9890 -0.0468
vn 0.1145 0.9774 0.1777
vn 0.1214 0.9919 0.0369
vn 0.2439 0.8314 0.4992
vn 0.0233 0.9971 -0.0730
vn -0.2468 0.9200 0.3046
vn 0.1816 0.9582 0.2212
vn 0.0955 0.9953 -0.0154
vn 0.3764 0.9264 -0.0111
vn -0.3483 0.9365 0.0395
vn 0.0079 1.0000 0.0012
vn 0.1893 0.9819 -0.0070
vn 0.1268 0.9766 0.1735
vn -0.0828 0.9964 -0.0194
vn -0.1978 0.9784 -0.0606
vn 0.0516 0.9976 -0.0470
vn 0.1747 0.9841 0.0314
vn -0.1852 0.8418 0.5070
vn -0.0511 0.9980 -0.0366
vn -0.1366 0.9803 0.1428
vn 0.0291 0.9263 0.3757
vn 0.5817 0.8089 0.0856
vn 0.3326 0.9269 -0.1740
vn -0.2353 0.9336 0.2702
vn 0.5246 0.8466 -0.0902
vn 0.0026 1.0000 -0.0021
vn -0.0257 0.9996 -0.0071
vn -0.6829 0.7300 0.0281
vn -0.3667 0.9173 -0.1555
vn -0.4731 0.8756 -0.0974
vn 0.0737 0.9710 0.2276
vn 0.0112 0.9999 0.0070
vn -0.5301 0.8441 -0.0805
vn -0.1238 0.9903 -0.0637
vn -0.3620 0.8289 -0.4264
vn 0.1900 0.9779 -0.0875
vn -0.2213 0.9730 0.0658
vn 0.2660 0.9609 -0.0773
vn -0.0238 0.9997 0.0075
vn 0.2758 0.9415 0.1937
vn -0.1460 0.9855 -0.0868
vn 0.1390 0.9786 0.1520
vn -0.0286 0.9850 -0.1704
vn -0.2167 0.9748 -0.0528
vn 0.0446 0.8265 -0.5612
vn -0.0089 0.9401 0.3407
vn 0.0315 0.9979 -0.0572
vn 0.4778 0.8712 0.1131
vn -0.0330 0.9992 -0.0213
vn -0.0329 0.9948 0.0965
vn -0.0034 0.9998 0.0203
vn -0.0004 1.0000 -0.0002
vn -0.1100 0.9782 0.1759
vn 0.2336 0.9702 0.0635
vn 0.0385 0.9992 0.0137
vn 0.0374 0.9920 -0.1206
vn -0.0052 0.9996 -0.0277
vn -0.0208 0.9851 0.1705
vn -0.4402 0.8904 0.1160
vn -0.0009 1.0000 -0.0001
vn 0.1663 0.9861 -0.0024
vn 0.2827 0.9272 0.2457
vn -0.4840 0.8524 -0.1977
vn 0.0724 0.9973 -0.0129
vn 0.0126 0.9999 -0.0020
vn -0.2419 0.9376 0.2498
vn 0.1162 0.9930 -0.0195
vn -0.1341 0.9174 -0.3748
vn 0.0103 0.9999 0.0057
vn -0.7814 0.6230 -0.0373
vn 0.2675 0.9507 0.1566
vn -0.5232 0.8092 -0.2673
vn 0.0085 0.9999 0.0078
vn 0.6341 0.7645 -0.1161
vn 0.5636 0.8012 -0.2010
vn -0.3333 0.9420 0.0397
vn -0.0022 1.0000 -0.0009
vn 0.3221 0.9419 -0.0956
vn 0.0249 0.9812 -0.1912
vn -0.2391 0.9545 -0.1781
vn -0.1667 0.9842 0.0604
vn 0.3007 0.9532 0.0323
vn 0.1891 0.9614 -0.2001
vn 0.0981 0.9916 0.0842
vn 0.0648 0.8974 -0.4365
vn -0.6654 0.6884 0.2889
vn 0.5287 0.8112 0.2499
vn -0.0409 0.9988 -0.0267
vn -0.0065 1.0000 0.0051
vn -0.0246 0.9996 -0.0157
vn -0.0576 0.9983 0.0111
vn 0.0011 0.9939 0.1105
vn 0.0150 0.9940 0.1088
vn 0.4509 0.8123 -0.3699
vn 0.0101 0.9999 0.0083
vn 0.4707 0.8625 -0.1858
vn 0.2661 0.9635 0.0298
vn -0.4474 0.8271 -0.3403
vn -0.2068 0.9774 -0.0438
vn -0.4471 0.8280 -0.3385
vn 0.0207 0.9906 -0.1352
vn -0.1551 0.9870 -0.0410
vn -0.5389 0.8270 0.1601
vn -0.0605 0.9977 -0.0296
vn -0.2631 0.9645 0.0216
vn 0.0231 0.9996 -0.0174
vn 0.7094 0.6988 0.0917
vn 0.3045 0.9505 -0.0611
vn 0.2315 0.9702 -0.0721
vn 0.3980 0.9166 0.0387
vn 0.3234 0.9432 0.0755
vn 0.4171 0.9077 0.0462
vn 0.7055 0.6819 -0.1932
vn 0.4031 0.8530 -0.3315
vn 0.5871 0.7856 -0.1954
vn 0.4199 0.8259 -0.3762
vn -0.0181 0.9997 0.0180
vn -0.3036 0.9466 0.1089
vn -0.5179 0.8539 0.0517
vn -0.2659 0.9578 0.1089
vn -0.1061 0.9942 -0.0150
vn 0.0057 1.0000 -0.0063
vn -0.7169 0.6873 -0.1172
vn -0.0899 0.9959 0.0110
vn 0.2773 0.9509 0.1374
vn -0.0747 0.9971 0.0107
vn 0.0258 0.9996 0.0118
vn 0.1794 0.9004 0.3964
vn 0.1837 0.9717 0.1485
vn 0.2347 0.8932 0.3836
vn 0.0073 0.9999 0.0093
vn 0.3014 0.9524 -0.0461
vn 0.3236 0.9417 0.0924
vn 0.3319 0.9418 -0.0538
vn -0.0961 0.9912 0.0911
vn 0.0193 0.9997 0.0125
vn 0.0033 1.0000 -0.0032
vn 0.0176 0.9998 0.0126
vn 0.0131 0.9999 -0.0017
vn -0.3229 0.9428 -0.0824
vn 0.1791 0.9674 0.1790
vn -0.2789 0.9578 -0.0694
vn 0.0598 0.9981 0.0168
vn -0.1437 0.9008 0.4098
vn -0.0789 0.9934 0.0837
vn -0.1636 0.9087 0.3840
vn 0.1796 0.9663 0.1843
vn 0.5860 0.8088 0.0496
vn -0.1214 0.8958 -0.4275
vn 0.6184 0.7851 0.0330
vn 0.4063 0.9078 -0.1042
vn 0.0070 1.0000 0.0007
vn -0.0911 0.9831 -0.1587
vn -0.6658 0.7348 0.1295
vn 0.0568 0.8786 -0.4742
vn -0.5667 0.8239 0.0057
vn -0.0983 0.9332 0.3458
vn -0.3706 0.8599 -0.3511
vn -0.5635 0.7945 -0.2263
vn -0.4151 0.8414 -0.3460
vn 0.1002 0.8430 -0.5286
vn -0.1428 0.9894 0.0269
vn -0.0028 1.0000 0.0017
vn -0.2702 0.9607 0.0643
vn 0.1924 0.9790 -0.0672
vn -0.2592 0.9634 0.0678
vn -0.1350 0.9903 0.0339
vn 0.1826 0.9814 -0.0589
vn -0.0314 0.9994 0.0122
vn -0.1638 0.9862 0.0222
vn -0.0196 0.9998 0.0069
vn 0.0123 0.9990 0.0423
vn -0.0464 0.9989 -0.0028
vn -0.5277 0.8051 -0.2707
vn -0.5570 0.8229 -0.1123
vn -0.5810 0.8130 -0.0381
vn -0.2677 0.9481 -0.1715
vn -0.5283 0.8487 -0.0236
vn -0.4860 0.8424 -0.2326
vn -0.4396 0.8982 0.0010
vn -0.5484 0.8339 0.0629
vn -0.0013 1.0000 -0.0026
vn -0.1141 0.9912 -0.0675
vn -0.0023 1.0000 -0.0016
vn -0.0224 0.9997 -0.0119
vn 0.3398 0.9405 -0.0007
vn 0.1282 0.8784 -0.4604
vn 0.1567 0.9867 -0.0421
vn -0.0089 0.9998 -0.0179
vn -0.4215 0.8639 -0.2759
vn -0.4891 0.8006 -0.3460
vn -0.4157 0.8509 -0.3212
vn -0.3001 0.9047 -0.3023
vn -0.3378 0.9083 0.2468
vn -0.5316 0.8466 -0.0266
vn -0.3742 0.8950 0.2426
vn -0.6750 0.7364 0.0452
vn -0.2621 0.9640 -0.0454
vn -0.3020 0.9522 -0.0459
vn -0.1793 0.9834 -0.0283
vn 0.0760 0.9971 0.0020
vn 0.0090 0.9999 -0.0068
vn 0.4753 0.8014 -0.3631
vn 0.2282 0.9633 -0.1415
vn 0.0008 1.0000 0.0004
vn 0.0065 1.0000 0.0011
vn -0.0001 1.0000 0.0002
vn -0.0150 0.9999 0.0045
vn 0.4467 0.8495 -0.2809
vn 0.4804 0.7960 -0.3681
vn 0.4263 0.8446 -0.3238
vn 0.4322 0.8482 -0.3063
vn -0.4620 0.8854 0.0521
vn -0.2563 0.9145 -0.3132
vn -0.3889 0.9186 0.0709
vn 0.2041 0.9509 -0.2325
vn 0.1607 0.9853 0.0586
vn -0.3412 0.8953 0.2862
vn -0.0491 0.9933 0.1044
vn 0.6912 0.7227 -0.0028
vn -0.1431 0.9759 -0.1650
vn 0.0528 0.9846 0.1667
vn -0.1473 0.9682 -0.2024
vn 0.1209 0.9831 0.1374
vn 0.0033 1.0000 0.0012
vn -0.0025 1.0000 0.0013
vn -0.0655 0.9969 -0.0436
vn -0.2892 0.7926 0.5368
vn -0.3153 0.8882 0.3343
vn -0.2482 0.8423 0.4784
vn -0.2908 0.8398 0.4585
vn 0.3062 0.9493 0.0711
vn 0.0372 0.9992 0.0156
vn 0.3520 0.9319 0.0875
vn 0.0245 0.9996 0.0148
vn -0.2767 0.9609 -0.0118
vn 0.0622 0.9967 0.0518
vn -0.2907 0.9525 -0.0903
vn 0.4125 0.8887 0.2002
vn 0.0086 1.0000 -0.0024
vn 0.3882 0.8967 0.2128
vn -0.0223 0.9997 -0.0091
vn 0.0003 1.0000 0.0006
vn -0.3447 0.9107 -0.2277
vn 0.0016 1.0000 0.0022
vn -0.3429 0.9094 -0.2353
vn 0.2183 0.9725 -0.0807
vn 0.2724 0.9607 -0.0540
vn 0.2482 0.9649 -0.0859
vn 0.0050 1.0000 -0.0023
vn -0.0212 0.9866 -0.1618
vn 0.1906 0.9612 0.1993
vn -0.0864 0.9899 -0.1121
vn 0.2453 0.9677 0.0591
vn -0.0012 1.0000 0.0011
vn -0.0187 0.9998 -0.0037
vn 0.0213 0.9998 0.0014
vn -0.0137 0.9999 -0.0020
vn -0.3477 0.9375 -0.0114
vn -0.2866 0.9487 0.1335
vn -0.3777 0.9258 -0.0141
vn 0.2927 0.9562 -0.0062
vn 0.0917 0.9955 -0.0220
vn -0.1871 0.9822 0.0156
vn -0.1907 0.9815 0.0149
vn 0.2937 0.9550 -0.0420
vn 0.0036 1.0000 -0.0014
vn 0.0361 0.9992 0.0140
vn 0.0425 0.9985 -0.0335
vn -0.0214 0.9995 -0.0240
vn 0.0183 0.9968 0.0773
vn -0.0754 0.9895 -0.1236
vn 0.0222 0.9815 -0.1902
vn -0.3012 0.8667 0.3977
vn -0.2083 0.9282 0.3083
vn -0.2846 0.8793 0.3819
vn 0.1716 0.8708 0.4607
vn 0.1527 0.9872 0.0469
vn -0.0015 1.0000 -0.0001
vn 0.2139 0.9745 0.0672
vn 0.0290 0.9996 -0.0031
vn -0.0169 0.9998 -0.0065
vn -0.2493 0.9559 -0.1550
vn -0.0101 0.9999 -0.0056
vn -0.2111 0.9746 -0.0753
vn -0.1131 0.9901 -0.0828
vn 0.1074 0.9895 0.0966
vn -0.1341 0.9849 -0.1094
vn -0.0282 0.9991 -0.0301
vn -0.0943 0.9954 -0.0192
vn -0.3282 0.9436 0.0425
vn 0.0129 0.9999 -0.0072
vn -0.7498 0.6285 -0.2070
vn -0.0051 0.9998 -0.0180
vn 0.2194 0.9586 0.1816
vn 0.1465 0.9746 0.1695
vn -0.5624 0.8237 -0.0722
vn -0.4753 0.8798 0.0019
vn -0.6565 0.7533 -0.0391
vn -0.0885 0.9937 0.0684
vn -0.1964 0.9805 0.0007
vn -0.1105 0.9821 0.1528
vn -0.1886 0.9818 -0.0210
vn -0.2960 0.9550 0.0170
vn -0.5064 0.7638 -0.4002
vn -0.3958 0.9153 0.0749
vn -0.6631 0.7048 -0.2519
vn -0.2888 0.9511 -0.1099
vn 0.5136 0.8575 -0.0288
vn 0.5154 0.8439 -0.1493
vn 0.5171 0.8542 0.0544
vn 0.1147 0.9933 0.0149
vn 0.5817 0.7915 -0.1877
vn 0.5650 0.8183 -0.1058
vn 0.6216 0.7821 -0.0435
vn 0.5661 0.8241 0.0200
vn -0.0208 0.9933 -0.1138
vn 0.3327 0.8425 -0.4237
vn 0.1079 0.8809 -0.4608
vn -0.0184 0.9995 -0.0252
vn 0.3091 0.9414 -0.1349
vn 0.1069 0.9884 0.1078
vn 0.2682 0.9593 -0.0877
vn 0.5757 0.7893 -0.2135
vn 0.5376 0.8415 -0.0528
vn 0.3773 0.9260 0.0089
vn 0.2342 0.9701 0.0633
vn 0.4308 0.9010 -0.0510
vn 0.4609 0.8836 -0.0828
vn 0.5277 0.8493 0.0161
vn 0.4122 0.9047 -0.1075
vn 0.4007 0.9134 -0.0709
vn 0.0518 0.9985 -0.0169
vn 0.2854 0.9582 0.0175
vn 0.4930 0.8624 -0.1149
vn -0.0006 1.0000 0.0002
vn 0.0007 1.0000 -0.0002
vn 0.0065 1.0000 -0.0028
vn 0.0096 1.0000 -0.0021
vn 0.0018 1.0000 -0.0059
vn -0.1913 0.9801 0.0536
vn -0.0163 0.9998 0.0067
vn -0.0917 0.9784 0.1854
vn 0.6943 0.6742 -0.2517
vn 0.5070 0.8619 -0.0005
vn 0.5648 0.8195 -0.0970
vn 0.6995 0.7082 -0.0959
vn 0.0039 0.9720 0.2351
vn 0.1090 0.9923 -0.0596
vn -0.1011 0.9579 0.2688
vn 0.1154 0.9767 0.1808
vn -0.4722 0.8792 -0.0638
vn -0.5552 0.8311 0.0324
vn -0.3983 0.9158 -0.0520
vn -0.0767 0.9957 -0.0520
vn -0.0084 0.9999 0.0062
vn 0.0279 0.9996 -0.0037
vn -0.0034 1.0000 -0.0007
vn -0.6172 0.7822 -0.0847
vn -0.1166 0.9931 -0.0090
vn 0.1769 0.9823 0.0614
vn -0.1099 0.9939 -0.0033
vn 0.2706 0.9577 0.0978
vn 0.2025 0.8297 0.5202
vn 0.2256 0.9258 0.3033
vn 0.2847 0.8442 0.4543
vn 0.0139 0.8467 0.5319
vn -0.4271 0.8830 0.1948
vn -0.0048 1.0000 0.0080
vn -0.1743 0.9823 0.0687
vn -0.3936 0.8809 0.2627
vn 0.0048 1.0000 -0.0032
vn 0.0041 1.0000 0.0016
vn -0.1138 0.9909 0.0724
vn -0.1199 0.9923 -0.0310
vn 0.2605 0.9640 0.0536
vn -0.2324 0.9711 -0.0547
vn 0.3027 0.9516 0.0535
vn 0.3086 0.8708 0.3827
vn 0.2577 0.9181 0.3010
vn 0.2194 0.8836 0.4136
vn 0.4048 0.8693 0.2837
vn 0.2781 0.9129 0.2989
vn 0.5226 0.8519 -0.0344
vn 0.3692 0.9051 0.2111
vn 0.4992 0.8054 0.3196
vn -0.0501 0.9985 -0.0233
vn -0.0002 1.0000 -0.0002
vn -0.2375 0.9704 0.0442
vn 0.2317 0.9207 0.3140
vn -0.5735 0.8192 0.0064
vn -0.0159 0.9881 0.1527
vn -0.0486 0.9839 -0.1718
vn -0.3366 0.8349 -0.4356
vn -0.1712 0.9411 -0.2916
vn 0.2886 0.8439 -0.4523
vn 0.0022 1.0000 -0.0013
vn 0.1715 0.9841 -0.0466
vn 0.0991 0.9947 -0.0263
vn 0.0028 1.0000 -0.0015
vn 0.0146 0.9999 -0.0056
vn 0.2585 0.9638 -0.0648
vn 0.2277 0.9716 -0.0638
vn 0.1577 0.9864 -0.0455
vn 0.2263 0.9724 -0.0576
vn 0.0336 0.9993 -0.0167
vn 0.1621 0.9858 -0.0447
vn 0.1757 0.9810 -0.0821
vn 0.0162 0.9998 -0.0063
vn 0.0564 0.8413 -0.5376
vn -0.1503 0.8697 -0.4702
vn -0.3168 0.8507 -0.4194
vn 0.3248 0.8008 -0.5032
vn -0.2485 0.9169 -0.3124
vn -0.3577 0.8358 -0.4165
vn -0.3194 0.8785 -0.3553
vn -0.3234 0.8528 -0.4100
vn 0.0028 1.0000 -0.0013
vn -0.0289 0.9979 -0.0576
vn 0.0031 0.9999 0.0096
vn 0.0002 1.0000 0.0079
vn 0.0239 0.9723 0.2325
vn -0.0258 0.9254 0.3781
vn 0.1054 0.9333 0.3432
vn -0.0215 0.9493 0.3137
vn -0.6890 0.7240 0.0335
vn -0.6226 0.7660 0.1604
vn -0.6859 0.7184 0.1160
vn -0.3399 0.9122 0.2288
vn -0.6896 0.7232 0.0381
vn -0.6876 0.7261 -0.0019
vn -0.6731 0.7390 0.0280
vn -0.6203 0.7836 0.0340
vn -0.0091 0.9999 -0.0134
vn -0.1138 0.9862 -0.1203
vn -0.0353 0.9989 -0.0296
vn -0.0308 0.9954 -0.0906
vn -0.0011 1.0000 -0.0006
vn 0.4735 0.8499 0.2312
vn 0.4864 0.8736 -0.0179
vn 0.4934 0.8654 0.0873
vn 0.4214 0.9024 0.0906
vn 0.5211 0.8503 0.0738
vn 0.5447 0.8376 -0.0420
vn 0.6173 0.7866 0.0154
vn 0.5062 0.8621 0.0239
vn 0.2565 0.9380 0.2332
vn 0.3577 0.9077 0.2195
vn 0.3726 0.9047 0.2065
vn 0.2479 0.9295 0.2733
vn 0.2982 0.8888 0.3479
vn 0.2677 0.9120 0.3109
vn 0.2577 0.9059 0.3361
vn 0.3182 0.8927 0.3190
vn 0.0208 0.9091 0.4160
vn -0.1451 0.9110 0.3860
vn -0.1873 0.8842 0.4280
vn 0.1688 0.9211 0.3509
vn 0.5836 0.7076 0.3985
vn 0.1480 0.8761 0.4588
vn 0.0747 0.7298 0.6796
vn 0.3544 0.8408 0.4093
vn 0.3281 0.9424 0.0644
vn 0.2715 0.9604 0.0629
vn 0.3125 0.9477 0.0652
vn 0.1938 0.9800 0.0448
vn -0.3018 0.9505 -0.0743
vn -0.1613 0.9857 -0.0493
vn -0.3303 0.9401 -0.0843
vn -0.0475 0.9986 -0.0216
vn -0.2506 0.9672 -0.0423
vn -0.3198 0.9454 -0.0629
vn -0.1531 0.9878 -0.0302
vn -0.3128 0.9480 -0.0583
vn 0.0044 1.0000 -0.0041
vn -0.0002 1.0000 0.0003
vn -0.0007 1.0000 -0.0000
vn 0.0166 0.9999 -0.0020
vn 0.0113 0.9999 0.0067
vn 0.0172 0.9998 0.0106
vn 0.0220 0.9997 -0.0102
vn 0.0504 0.9987 0.0052
vn 0.0982 0.9948 -0.0263
vn 0.0047 1.0000 0.0008
vn -0.3418 0.9137 0.2197
vn -0.1513 0.9836 0.0984
vn -0.1655 0.9807 0.1045
vn -0.3274 0.9197 0.2168
vn 0.0118 0.9999 -0.0059
vn 0.0255 0.9997 -0.0062
vn 0.0869 0.9961 -0.0156
vn 0.0071 0.9999 0.0079
vn -0.2064 0.9780 -0.0318
vn -0.0992 0.9945 0.0349
vn 0.0128 0.9999 -0.0053
vn -0.4938 0.8665 0.0730
vn 0.1013 0.8794 0.4652
vn 0.0774 0.9786 0.1908
vn 0.1997 0.9041 0.3779
vn 0.0349 0.9237 0.3816
vn 0.3052 0.8627 0.4032
vn 0.2823 0.8909 0.3559
vn 0.2578 0.8851 0.3875
vn 0.2997 0.8799 0.3688
vn 0.3089 0.8481 0.4306
vn 0.3018 0.8149 0.4948
vn 0.3078 0.7821 0.5419
vn 0.2594 0.8071 0.5304
vn 0.2471 0.9646 0.0924
vn 0.2320 0.9687 0.0885
vn 0.2164 0.9730 0.0801
vn 0.1981 0.9771 0.0777
vn -0.1035 0.9946 0.0027
vn -0.2224 0.9715 -0.0826
vn -0.0977 0.9952 0.0068
vn -0.1735 0.9825 -0.0682
vn -0.0002 0.9947 -0.1025
vn 0.1417 0.9854 0.0942
vn -0.0506 0.9973 -0.0531
vn 0.1088 0.9930 0.0454
vn -0.3744 0.9273 -0.0026
vn -0.4113 0.9111 -0.0269
vn -0.0627 0.9980 0.0005
vn -0.6748 0.7380 0.0077
vn 0.0021 1.0000 0.0013
vn 0.0005 1.0000 0.0003
vn -0.0012 1.0000 0.0004
vn -0.2106 0.9760 -0.0561
vn -0.2426 0.9701 0.0130
vn -0.4684 0.8834 0.0124
vn -0.0719 0.9973 -0.0161
vn -0.3332 0.9429 -0.0016
vn -0.4076 0.9103 0.0727
vn -0.3171 0.9458 0.0696
vn -0.4582 0.8885 0.0251
vn -0.4732 0.8682 -0.1493
vn -0.3572 0.9294 -0.0931
vn -0.4273 0.8885 -0.1676
vn -0.4326 0.8973 -0.0880
vn 0.0239 0.9843 0.1751
vn -0.0198 0.9996 0.0202
vn -0.0370 0.9961 0.0795
vn 0.0177 0.9976 0.0663
vn 0.0006 0.9958 0.0921
vn 0.3030 0.9259 -0.2255
vn 0.2839 0.9394 -0.1923
vn 0.0581 0.9983 -0.0075
vn -0.0551 0.9954 -0.0782
vn -0.0929 0.9576 0.2727
vn -0.1674 0.9720 0.1649
vn -0.0177 0.9945 0.1029
vn 0.7879 0.6071 -0.1032
vn 0.7313 0.6796 -0.0572
vn 0.6694 0.7423 -0.0316
vn 0.7632 0.6414 -0.0778
vn 0.3790 0.9243 0.0456
vn 0.3960 0.9182 0.0110
vn 0.3856 0.9219 0.0363
vn 0.4596 0.8867 0.0499
vn 0.5377 0.7956 -0.2791
vn 0.3960 0.8779 -0.2691
vn 0.4674 0.8485 -0.2481
vn 0.5469 0.7652 -0.3397
vn -0.1324 0.9814 0.1391
vn -0.0071 0.9999 0.0082
vn -0.0303 0.9992 0.0245
vn -0.0316 0.9951 0.0935
vn -0.0494 0.9986 0.0166
vn -0.0017 1.0000 0.0011
vn -0.0008 1.0000 0.0002
vn -0.1104 0.9933 0.0326
vn 0.0008 1.0000 -0.0003
vn -0.0086 1.0000 -0.0042
vn 0.0837 0.9962 -0.0230
vn 0.2870 0.9568 -0.0455
vn -0.0035 1.0000 0.0034
vn 0.0029 1.0000 0.0060
vn -0.0199 0.9998 -0.0025
vn 0.0274 0.9996 -0.0110
vn 0.0023 1.0000 -0.0004
vn 0.0025 1.0000 -0.0021
vn 0.0067 1.0000 0.0017
vn 0.0094 1.0000 -0.0019
vn 0.7471 0.6492 -0.1428
vn 0.7604 0.6458 0.0680
vn 0.7800 0.6208 -0.0792
vn 0.6744 0.7353 -0.0671
vn 0.3409 0.9334 -0.1122
vn 0.6229 0.7596 -0.1872
vn 0.6638 0.7101 -0.2349
vn 0.1844 0.9809 -0.0625
vn 0.4324 0.9011 -0.0340
vn 0.4470 0.8936 0.0413
vn 0.4709 0.8822 0.0060
vn 0.4162 0.9092 0.0145
vn 0.2064 0.9745 -0.0875
vn 0.2465 0.9690 0.0170
vn 0.0732 0.9968 -0.0305
vn 0.4622 0.8867 0.0104
vn 0.3833 0.9223 -0.0499
vn 0.2998 0.9515 -0.0694
vn 0.2203 0.9750 -0.0305
vn 0.4254 0.9021 -0.0730
vn 0.5474 0.8368 -0.0086
vn 0.5645 0.8251 0.0235
vn 0.5918 0.8054 -0.0343
vn 0.4115 0.9114 -0.0032
vn 0.0580 0.9954 0.0767
vn -0.0534 0.9957 0.0759
vn 0.0236 0.9945 0.1020
vn 0.1039 0.9945 0.0129
vn 0.1842 0.9818 -0.0473
vn 0.0995 0.9937 0.0517
vn 0.0118 0.9999 0.0082
vn 0.4083 0.9118 -0.0451
vn 0.3643 0.9222 -0.1296
vn 0.3508 0.9316 0.0958
vn 0.1886 0.9817 -0.0257
vn 0.5323 0.8446 -0.0580
vn 0.2119 0.9771 -0.0191
vn 0.2255 0.9679 0.1112
vn 0.2372 0.9711 0.0283
vn 0.1968 0.9797 0.0382
vn 0.3212 0.9454 -0.0552
vn 0.2502 0.9641 -0.0887
vn 0.2503 0.9667 -0.0532
vn 0.3482 0.9319 -0.1018
vn 0.2062 0.9181 -0.3385
vn 0.3247 0.8494 -0.4160
vn 0.2993 0.8631 -0.4068
vn 0.3050 0.8904 -0.3379
vn -0.0429 0.8465 -0.5307
vn 0.1195 0.8605 -0.4953
vn -0.2659 0.8165 -0.5125
vn 0.2689 0.8551 -0.4432
vn -0.0466 0.9988 0.0167
vn -0.0451 0.9749 -0.2182
vn -0.0073 1.0000 0.0009
vn -0.0630 0.9977 0.0260
vn 0.6068 0.7947 -0.0124
vn 0.5939 0.7882 -0.1614
vn 0.6107 0.7869 -0.0886
vn 0.6071 0.7882 -0.1004
vn 0.5575 0.8301 0.0096
vn 0.5007 0.8654 -0.0220
vn 0.4532 0.8906 -0.0382
vn 0.5790 0.8140 -0.0470
vn 0.2565 0.8267 -0.5008
vn 0.4037 0.8219 -0.4019
vn 0.1247 0.8031 -0.5826
vn 0.3773 0.8023 -0.4625
vn 0.3243 0.9459 -0.0011
vn 0.4016 0.9132 -0.0696
vn 0.4348 0.8994 -0.0449
vn 0.1784 0.9839 -0.0133
vn 0.5261 0.8498 0.0312
vn 0.5522 0.8107 -0.1947
vn 0.5678 0.8181 -0.0911
vn 0.5113 0.8563 -0.0728
vn 0.4801 0.8318 -0.2787
vn 0.5238 0.8516 -0.0214
vn 0.4968 0.8482 -0.1839
vn 0.5236 0.8380 -0.1535
vn -0.2367 0.9708 0.0397
vn -0.2762 0.9566 0.0932
vn -0.2828 0.9523 0.1142
vn -0.2886 0.9542 0.0790
vn -0.7312 0.6802 -0.0515
vn -0.6240 0.7810 0.0249
vn -0.7718 0.6357 0.0123
vn -0.5684 0.8165 0.1016
vn -0.5608 0.7811 -0.2747
vn -0.6551 0.6898 -0.3082
vn -0.6131 0.7454 -0.2615
vn -0.5556 0.7610 -0.3349
vn -0.1907 0.9811 0.0336
vn -0.2647 0.9569 0.1196
vn -0.1653 0.9819 0.0921
vn -0.3361 0.9407 0.0458
vn -0.1292 0.9908 -0.0400
vn -0.0354 0.9869 0.1572
vn -0.3225 0.9465 0.0135
vn -0.0307 0.9965 0.0777
vn -0.4499 0.8880 -0.0957
vn -0.3222 0.9451 -0.0552
vn -0.5563 0.8263 -0.0885
vn -0.2872 0.9576 -0.0222
vn -0.0892 0.9946 0.0536
vn 0.0617 0.9939 0.0918
vn -0.1594 0.9871 -0.0160
vn -0.0232 0.9949 0.0977
vn -0.6870 0.7266 0.0077
vn -0.6841 0.7293 0.0080
vn -0.6106 0.7919 0.0097
vn -0.6604 0.7508 -0.0122
vn -0.5219 0.8529 0.0126
vn -0.6396 0.7665 -0.0591
vn -0.4988 0.8665 0.0160
vn -0.6141 0.7862 -0.0682
vn 0.0478 0.9937 0.1015
vn 0.0039 0.9998 0.0209
vn 0.0051 1.0000 0.0037
vn -0.2075 0.9651 -0.1596
vn 0.0638 0.9807 0.1849
vn -0.2126 0.9738 -0.0812
vn 0.1083 0.9890 0.1008
vn 0.0041 0.9998 -0.0193
vn -0.0040 1.0000 -0.0037
vn -0.7699 0.6129 -0.1775
vn -0.7622 0.6354 0.1238
vn -0.7312 0.6792 -0.0632
vn -0.6901 0.7227 -0.0386
vn -0.0063 1.0000 -0.0038
vn -0.0087 1.0000 0.0026
vn -0.0282 0.9996 -0.0066
vn -0.0000 1.0000 0.0003
vn 0.0035 1.0000 0.0007
vn 0.0004 1.0000 0.0001
vn -0.0014 1.0000 0.0074
vn 0.0081 1.0000 -0.0045
vn 0.2114 0.9601 0.1832
vn 0.0561 0.9977 0.0374
vn 0.2092 0.9637 0.1657
vn -0.1617 0.9758 -0.1474
vn -0.1450 0.9857 -0.0853
vn -0.1935 0.9652 -0.1757
vn -0.1680 0.9723 -0.1623
vn 0.0023 1.0000 0.0014
vn -0.0081 1.0000 -0.0047
vn 0.0026 1.0000 0.0015
vn -0.0042 1.0000 -0.0025
vn -0.2496 0.9626 -0.1051
vn 0.0684 0.9971 0.0345
vn -0.2589 0.9567 -0.1328
vn 0.1003 0.9941 0.0424
vn -0.0075 1.0000 -0.0043
vn -0.1585 0.9813 -0.1093
vn -0.0084 1.0000 -0.0049
vn -0.1606 0.9827 -0.0925
vn 0.0527 0.9729 0.2253
vn 0.0144 0.9994 0.0321
vn -0.0033 0.9885 0.1511
vn 0.0709 0.9921 0.1035
vn -0.0080 1.0000 0.0004
vn 0.0165 0.9999 -0.0017
vn -0.0024 1.0000 -0.0002
vn 0.0104 0.9999 0.0110
vn 0.2595 0.9616 0.0898
vn 0.0700 0.9970 0.0342
vn 0.2784 0.9536 0.1144
vn 0.0445 0.9988 0.0192
vn 0.0443 0.9990 0.0095
vn 0.2749 0.9582 0.0790
vn -0.0489 0.9986 -0.0185
vn 0.2991 0.9503 0.0861
vn 0.0618 0.9066 0.4175
vn 0.2060 0.9028 0.3776
vn -0.0937 0.9302 0.3548
vn 0.2246 0.8833 0.4116
vn -0.2736 0.8955 0.3510
vn -0.3075 0.9140 0.2647
vn -0.2737 0.9093 0.3135
vn -0.3077 0.9060 0.2907
vn -0.4701 0.8824 -0.0177
vn -0.4215 0.8569 0.2966
vn -0.4307 0.8685 0.2452
vn -0.4534 0.8483 0.2734
vn 0.0038 0.9738 -0.2274
vn 0.1316 0.9787 0.1576
vn -0.0081 0.9944 -0.1050
vn 0.1412 0.9895 -0.0319
vn -0.1348 0.9691 -0.2068
vn -0.1298 0.9915 -0.0129
vn -0.1874 0.9666 -0.1747
vn -0.1311 0.9752 -0.1781
vn -0.1558 0.9619 0.2246
vn -0.0184 0.9998 -0.0119
vn -0.0332 0.9990 0.0302
vn -0.0670 0.9877 0.1411
vn 0.0133 0.9999 0.0005
vn 0.1322 0.9889 -0.0682
vn 0.1331 0.9882 0.0753
vn 0.1957 0.9807 0.0025
vn 0.1110 0.9938 0.0052
vn 0.0986 0.9874 0.1238
vn 0.0117 0.9997 -0.0215
vn 0.0106 0.9995 0.0289
vn 0.0058 1.0000 -0.0039
vn 0.3150 0.9478 -0.0497
vn 0.2462 0.9682 -0.0445
vn 0.1121 0.9934 -0.0262
vn 0.3403 0.9389 -0.0520
vn -0.3345 0.9416 0.0374
vn -0.3306 0.9428 0.0421
vn -0.2555 0.9663 0.0320
vn -0.2906 0.9563 0.0312
vn -0.2021 0.9792 0.0165
vn -0.2882 0.9572 0.0285
vn -0.3234 0.9456 0.0349
vn -0.0669 0.9978 -0.0026
vn 0.0762 0.9971 -0.0009
vn 0.0705 0.9823 0.1734
vn -0.1703 0.9836 0.0585
vn 0.2885 0.9562 0.0491
vn -0.2550 0.9669 -0.0056
vn -0.2139 0.9763 0.0341
vn -0.0787 0.9969 0.0014
vn -0.3674 0.9298 0.0229
vn -0.2821 0.9589 0.0295
vn -0.2471 0.9690 -0.0038
vn -0.0838 0.9965 0.0061
vn -0.3700 0.9289 0.0115
vn -0.0281 0.9993 -0.0234
vn -0.1309 0.9910 -0.0266
vn -0.0358 0.9992 -0.0181
vn -0.1391 0.9858 -0.0945
vn 0.1478 0.9890 0.0028
vn 0.1197 0.9928 0.0105
vn 0.3171 0.9483 0.0106
vn 0.0165 0.9999 -0.0003
vn 0.0945 0.9954 -0.0124
vn 0.1472 0.9891 -0.0011
vn 0.2959 0.9550 -0.0203
vn 0.0161 0.9999 -0.0016
vn 0.2569 0.9579 0.1285
vn 0.1510 0.9827 0.1069
vn 0.2453 0.9548 0.1681
vn 0.1568 0.9827 0.0985
vn -0.1290 0.9900 -0.0578
vn 0.0182 0.9817 0.1896
vn -0.1648 0.9857 0.0337
vn 0.0865 0.9875 0.1318
vn -0.0902 0.9910 -0.0994
vn -0.2085 0.9604 -0.1847
vn -0.1455 0.9834 -0.1085
vn -0.1266 0.9725 -0.1954
vn 0.1106 0.9935 -0.0253
vn 0.2104 0.9769 -0.0364
vn 0.2758 0.9596 -0.0553
vn 0.0421 0.9991 -0.0092
vn 0.0658 0.9974 -0.0307
vn -0.0765 0.9971 0.0009
vn -0.1900 0.9814 0.0259
vn 0.1849 0.9817 -0.0465
vn 0.1044 0.9945 0.0116
vn 0.1475 0.9801 -0.1329
vn 0.0288 0.9911 -0.1299
vn 0.1834 0.9786 -0.0931
vn -0.3645 0.9024 -0.2300
vn -0.4812 0.8077 -0.3407
vn -0.3869 0.8999 -0.2012
vn -0.4612 0.8370 -0.2945
vn -0.0056 1.0000 -0.0023
vn -0.0306 0.9995 -0.0117
vn -0.0041 1.0000 -0.0037
vn -0.0102 0.9996 -0.0254
vn -0.0111 0.9999 0.0132
vn -0.0564 0.9983 -0.0177
vn 0.0123 0.9999 -0.0014
vn -0.1259 0.9914 -0.0369
vn 0.3583 0.9020 0.2407
vn 0.2033 0.9709 0.1262
vn 0.3389 0.9081 0.2459
vn 0.2184 0.9648 0.1465
vn 0.4394 0.8918 0.1076
vn 0.4243 0.8771 0.2252
vn 0.4349 0.8740 0.2167
vn 0.4277 0.8766 0.2206
vn -0.3416 0.9330 -0.1128
vn -0.2147 0.9726 0.0890
vn -0.3474 0.9339 -0.0841
vn -0.1073 0.9942 0.0084
vn 0.0504 0.9975 0.0497
vn -0.0381 0.9992 -0.0081
vn 0.0271 0.9993 0.0264
vn -0.1129 0.9929 -0.0381
vn 0.1240 0.9827 -0.1375
vn 0.1993 0.9759 0.0888
vn 0.1149 0.9884 -0.0998
vn 0.1737 0.9846 -0.0200
vn 0.0006 1.0000 0.0004
vn 0.0100 0.9999 0.0050
vn 0.3516 0.9309 0.0988
vn 0.2875 0.9496 0.1247
vn 0.3033 0.9461 0.1141
vn 0.2509 0.9646 0.0814
vn 0.0586 0.9983 0.0024
vn 0.2534 0.9659 0.0533
vn -0.0735 0.9969 -0.0294
vn 0.3224 0.9441 0.0686
vn -0.3297 0.8526 0.4054
vn -0.2962 0.8844 0.3607
vn -0.3360 0.8694 0.3624
vn -0.2399 0.8835 0.4025
vn -0.2000 0.8747 0.4416
vn -0.1658 0.9528 0.2544
vn -0.1262 0.9176 0.3770
vn -0.2909 0.8833 0.3677
vn -0.0911 0.9462 0.3105
vn -0.1366 0.8024 0.5809
vn -0.1031 0.7505 0.6528
vn -0.1745 0.7429 0.6463
vn -0.0500 0.9987 -0.0126
vn -0.0258 0.9996 0.0138
vn -0.0117 0.9999 0.0014
vn -0.1089 0.9937 0.0283
vn -0.0179 0.9998 -0.0064
vn -0.0115 0.9999 0.0044
vn 0.1403 0.9684 0.2063
vn 0.0469 0.9961 0.0746
vn 0.1131 0.9663 0.2314
vn 0.0989 0.9859 0.1346
vn -0.1635 0.9862 -0.0267
vn -0.0374 0.9849 0.1693
vn -0.1519 0.9826 0.1070
vn -0.0225 0.9783 0.2059
vn -0.1836 0.8987 0.3982
vn -0.0954 0.9915 -0.0885
vn -0.1152 0.9756 0.1869
vn -0.0892 0.9707 0.2233
vn 0.6820 0.7303 0.0399
vn 0.6297 0.7676 0.1190
vn 0.3326 0.9279 0.1682
vn 0.6732 0.7346 0.0842
vn -0.0435 0.9713 0.2338
vn 0.0063 0.9275 0.3738
vn 0.0011 0.9462 0.3236
vn -0.1700 0.9265 0.3358
vn -0.0382 0.9921 0.1198
vn -0.0018 0.9949 0.1007
vn -0.0051 0.9952 0.0974
vn 0.0045 0.9938 0.1108
vn -0.2491 0.9676 -0.0402
vn -0.4543 0.8644 -0.2153
vn -0.4825 0.8751 -0.0380
vn -0.1650 0.9728 -0.1628
vn -0.1069 0.9916 -0.0732
vn -0.0635 0.9390 -0.3381
vn -0.0243 0.9748 -0.2217
vn -0.1984 0.9582 -0.2060
vn -0.1338 0.9670 0.2169
vn -0.1744 0.9813 0.0810
vn 0.0294 0.9856 0.1663
vn -0.4351 0.8940 0.1072
vn 0.4552 0.8265 -0.3312
vn 0.4813 0.8019 -0.3539
vn 0.4772 0.8027 -0.3576
vn 0.4635 0.8234 -0.3273
vn 0.3441 0.8681 -0.3578
vn 0.3511 0.7777 -0.5215
vn 0.2062 0.9056 -0.3706
vn 0.3914 0.8328 -0.3915
vn 0.4867 0.8653 -0.1197
vn 0.3879 0.8844 -0.2596
vn 0.4350 0.8867 -0.1564
vn 0.4754 0.8548 -0.2080
vn 0.0092 0.9999 -0.0064
vn 0.0002 1.0000 0.0082
vn 0.0158 0.9998 0.0099
vn 0.6438 0.7329 0.2200
vn 0.2406 0.9621 0.1283
vn 0.6335 0.7162 0.2926
vn 0.1663 0.9835 0.0714
vn -0.0021 1.0000 -0.0045
vn 0.1460 0.9853 -0.0884
vn 0.1672 0.9809 -0.0990
vn 0.0067 0.9999 -0.0126
vn 0.4459 0.8523 -0.2733
vn 0.4677 0.7945 -0.3874
vn 0.4644 0.8327 -0.3015
vn 0.4751 0.8402 -0.2616
vn 0.0103 0.9998 -0.0169
vn 0.2268 0.9627 -0.1475
vn 0.2408 0.9604 -0.1400
vn 0.0120 0.9999 -0.0071
vn -0.0869 0.9960 -0.0216
vn 0.0278 0.9996 -0.0055
vn -0.2265 0.9733 -0.0376
vn 0.1752 0.9844 0.0141
vn -0.0759 0.9970 -0.0116
vn -0.1516 0.9882 -0.0228
vn -0.0108 0.9999 -0.0054
vn -0.2528 0.9669 -0.0350
vn -0.0023 1.0000 -0.0012
vn -0.0267 0.9996 -0.0060
vn -0.0919 0.9956 -0.0185
vn -0.6375 0.7678 0.0632
vn -0.6049 0.7962 0.0107
vn -0.5807 0.8132 0.0385
vn -0.7101 0.7013 0.0626
vn -0.3799 0.9115 0.1573
vn -0.3775 0.9258 -0.0209
vn -0.1845 0.9821 0.0378
vn -0.4713 0.8805 0.0506
vn -0.1528 0.9278 0.3405
vn -0.2813 0.8841 0.3731
vn -0.3303 0.8534 0.4032
vn -0.1571 0.9309 0.3297
vn -0.3312 0.8648 -0.3774
vn -0.4206 0.7698 -0.4801
vn -0.3970 0.8294 -0.3930
vn -0.2226 0.8881 -0.4022
vn -0.4312 0.8415 -0.3256
vn -0.4565 0.8233 -0.3373
vn -0.4401 0.8393 -0.3191
vn -0.4635 0.8170 -0.3432
vn -0.4052 0.8998 -0.1617
vn -0.4159 0.8643 -0.2829
vn -0.3529 0.9138 -0.2013
vn -0.4369 0.8700 -0.2286
vn 0.0750 0.9934 -0.0871
vn 0.0573 0.8756 -0.4796
vn 0.1263 0.9619 -0.2423
vn 0.0324 0.9662 -0.2556
vn 0.0534 0.9931 -0.1047
vn 0.3190 0.8892 -0.3281
vn 0.0256 0.9796 -0.1991
vn 0.3938 0.9184 -0.0386
vn -0.3998 0.9006 0.1704
vn -0.2839 0.9539 -0.0973
vn -0.4956 0.8685 0.0053
vn 0.0185 0.9991 0.0384
vn -0.0134 0.9993 -0.0356
vn -0.2836 0.9298 -0.2347
vn -0.0817 0.9959 -0.0378
vn -0.2179 0.9534 -0.2086
vn 0.0003 1.0000 -0.0014
vn 0.0160 0.9998 0.0076
vn 0.0027 1.0000 0.0007
vn 0.0238 0.9997 0.0072
vn 0.1536 0.9881 -0.0047
vn 0.0767 0.9967 0.0281
vn 0.2572 0.9652 0.0483
vn 0.0292 0.9995 0.0092
vn -0.5345 0.8450 0.0157
vn -0.5224 0.8161 -0.2471
vn -0.5005 0.8555 -0.1326
vn -0.5583 0.8203 -0.1242
vn -0.3444 0.9381 -0.0362
vn -0.4349 0.8855 -0.1635
vn -0.2411 0.9689 -0.0555
vn -0.4370 0.8918 -0.1170
vn -0.1055 0.9937 -0.0373
vn -0.2722 0.9620 -0.0217
vn -0.0263 0.9994 -0.0240
vn -0.3926 0.9157 -0.0856
vn -0.5219 0.8530 0.0084
vn -0.5393 0.8411 -0.0413
vn -0.5669 0.8216 -0.0590
vn -0.4237 0.9008 -0.0951
vn -0.6005 0.7995 0.0137
vn -0.5761 0.7980 -0.1770
vn -0.5975 0.7941 -0.1109
vn -0.6008 0.7945 -0.0888
vn -0.4258 0.8253 -0.3710
vn -0.5291 0.8319 -0.1673
vn -0.4737 0.8380 -0.2709
vn -0.4703 0.8158 -0.3366
vn -0.2547 0.9654 0.0561
vn -0.2388 0.9695 0.0556
vn -0.1804 0.9827 0.0426
vn -0.2145 0.9757 0.0443
vn 0.0533 0.9974 0.0493
vn 0.0031 1.0000 0.0022
vn 0.0232 0.9990 0.0372
vn 0.0052 0.9999 0.0100
vn 0.0846 0.9946 -0.0601
vn 0.1243 0.9919 0.0256
vn 0.1894 0.9812 -0.0369
vn -0.0136 0.9996 -0.0264
vn 0.0028 1.0000 0.0014
vn 0.0038 1.0000 -0.0013
vn -0.0285 0.9996 -0.0043
vn 0.0020 1.0000 0.0001
vn 0.0030 1.0000 -0.0004
vn 0.0093 1.0000 -0.0003
vn 0.0126 0.9999 -0.0050
vn 0.0006 1.0000 -0.0000
vn 0.2842 0.9546 -0.0897
vn 0.1451 0.9882 -0.0493
vn 0.0431 0.9989 -0.0205
vn 0.2962 0.9509 -0.0895
vn -0.2895 0.9534 0.0846
vn -0.1871 0.9808 0.0549
vn -0.1197 0.9921 0.0378
vn -0.2905 0.9535 0.0807
vn 0.0395 0.9990 -0.0218
vn -0.2001 0.9783 0.0530
vn -0.2462 0.9671 0.0647
vn 0.1226 0.9914 -0.0464
vn 0.0672 0.9975 -0.0233
vn 0.2287 0.9707 -0.0739
vn 0.2605 0.9619 -0.0833
vn 0.0351 0.9993 -0.0135
vn -0.1084 0.9936 0.0306
vn -0.0117 0.9999 0.0052
vn -0.0027 1.0000 0.0015
vn -0.1672 0.9847 0.0486
vn -0.0294 0.9884 -0.1487
vn -0.1452 0.9888 -0.0337
vn -0.1661 0.9824 -0.0859
vn 0.0646 0.9870 -0.1472
vn -0.2632 0.8296 -0.4924
vn -0.4179 0.7989 -0.4326
vn -0.3964 0.8113 -0.4298
vn -0.1350 0.8056 -0.5768
vn -0.4686 0.8333 -0.2934
vn -0.5356 0.8441 -0.0253
vn -0.5284 0.8338 -0.1599
vn -0.4949 0.8435 -0.2088
vn 0.0015 1.0000 0.0019
vn -0.0015 1.0000 -0.0002
vn 0.0016 1.0000 -0.0017
vn 0.1088 0.9670 0.2303
vn 0.1791 0.9820 0.0608
vn 0.3892 0.9188 0.0662
vn -0.0837 0.9826 0.1657
vn -0.4980 0.8614 -0.0996
vn -0.3856 0.8898 -0.2441
vn -0.4609 0.8665 -0.1916
vn -0.4352 0.8913 -0.1270
vn -0.3857 0.9062 0.1730
vn -0.5534 0.8251 0.1139
vn -0.3481 0.9123 0.2156
vn -0.5777 0.8111 0.0917
vn -0.2229 0.9705 -0.0922
vn -0.1811 0.9827 -0.0378
vn -0.2847 0.9569 -0.0566
vn -0.0460 0.9984 -0.0334
vn -0.0004 1.0000 0.0002
vn 0.0035 1.0000 -0.0024
vn 0.0031 1.0000 -0.0024
vn -0.0003 1.0000 0.0001
vn -0.0009 1.0000 -0.0003
vn 0.0056 1.0000 0.0019
vn 0.4672 0.8642 -0.1866
vn 0.4362 0.8536 -0.2846
vn 0.4583 0.8573 -0.2346
vn 0.4328 0.8676 -0.2449
vn 0.3833 0.9168 0.1121
vn 0.1574 0.9822 -0.1024
vn -0.1529 0.9863 0.0613
vn 0.3833 0.9218 -0.0577
vn 0.6321 0.7711 0.0762
vn 0.7005 0.7137 0.0004
vn 0.5668 0.8227 0.0433
vn 0.6062 0.7907 0.0860
vn 0.1027 0.9900 0.0968
vn -0.0974 0.9869 -0.1288
vn -0.0583 0.9981 0.0174
vn -0.0230 0.9888 -0.1473
vn -0.1805 0.9513 0.2498
vn -0.0101 0.9999 -0.0063
vn -0.0162 0.9996 0.0236
vn -0.0333 0.9923 0.1194
vn -0.3644 0.8872 0.2829
vn -0.3229 0.7941 0.5149
vn -0.2937 0.7607 0.5788
vn -0.2845 0.7556 0.5900
vn 0.1302 0.9909 0.0331
vn 0.0270 0.9996 0.0089
vn 0.2214 0.9738 0.0522
vn 0.0040 1.0000 0.0021
vn -0.1989 0.9786 -0.0519
vn -0.3340 0.9383 -0.0893
vn -0.0835 0.9961 -0.0276
vn -0.3514 0.9318 -0.0911
vn 0.4346 0.9004 -0.0206
vn 0.2113 0.9758 0.0556
vn 0.4911 0.8597 0.1401
vn 0.0860 0.9961 0.0211
vn 0.0027 1.0000 0.0024
vn -0.0550 0.9976 -0.0410
vn -0.0047 1.0000 -0.0022
vn -0.0618 0.9974 -0.0382
vn 0.0134 0.9999 0.0091
vn 0.0284 0.9996 -0.0096
vn 0.0633 0.9978 -0.0205
vn 0.0599 0.9881 -0.1419
vn 0.1849 0.9799 -0.0745
vn 0.0421 0.9817 -0.1856
vn 0.1529 0.9830 -0.1020
vn -0.0304 0.9995 -0.0068
vn -0.0112 0.9999 0.0035
vn 0.0039 1.0000 -0.0015
vn -0.0017 0.9999 -0.0104
vn 0.1396 0.9897 -0.0323
vn 0.0764 0.9969 -0.0182
vn -0.1521 0.9883 -0.0120
vn 0.2969 0.9544 -0.0317
vn 0.2911 0.9557 -0.0428
vn 0.3286 0.9433 -0.0468
vn 0.2952 0.9544 -0.0452
vn 0.2100 0.9773 -0.0288
vn -0.0051 1.0000 0.0055
vn 0.0037 1.0000 0.0023
vn -0.0020 1.0000 0.0010
vn 0.1963 0.9137 0.3557
vn -0.0023 0.9975 -0.0708
vn 0.0558 0.9785 0.1985
vn 0.0611 0.9930 0.1010
vn -0.5387 0.8098 0.2325
vn -0.0789 0.8794 0.4695
vn -0.3566 0.8259 0.4368
vn 0.0987 0.7430 0.6619
vn 0.0502 0.9985 0.0208
vn -0.0068 1.0000 -0.0011
vn 0.0936 0.9951 0.0314
vn -0.0058 1.0000 0.0034
vn -0.0523 0.9986 0.0037
vn -0.2687 0.9594 -0.0856
vn -0.0303 0.9995 -0.0030
vn -0.2964 0.9509 -0.0894
vn -0.0959 0.9936 -0.0592
vn -0.2284 0.9596 -0.1644
vn -0.0996 0.9927 -0.0676
vn -0.2337 0.9601 -0.1534
vn -0.5728 0.8133 -0.1023
vn -0.6862 0.7116 -0.1508
vn -0.2946 0.9533 -0.0670
vn -0.8002 0.5855 -0.1299
vn 0.2536 0.9515 0.1739
vn 0.0613 0.9971 0.0444
vn 0.2399 0.9535 0.1825
vn 0.0788 0.9954 0.0539
vn -0.2529 0.9664 -0.0457
vn -0.1325 0.9894 0.0594
vn -0.4541 0.8891 -0.0571
vn -0.0309 0.9992 0.0246
vn -0.2147 0.9729 0.0864
vn -0.1678 0.9848 0.0452
vn -0.1911 0.9805 0.0465
vn -0.2615 0.9623 0.0751
vn -0.4790 0.8275 -0.2928
vn -0.3219 0.8979 -0.3002
vn -0.4610 0.8183 -0.3433
vn -0.4213 0.8677 -0.2637
vn 0.0959 0.9948 -0.0335
vn 0.2576 0.9660 -0.0196
vn 0.3763 0.9226 -0.0844
vn 0.0058 0.9994 -0.0327
vn 0.4468 0.8204 -0.3568
vn 0.5579 0.8230 -0.1067
vn 0.5141 0.8051 -0.2958
vn 0.5000 0.8370 -0.2221
vn -0.2269 0.9730 0.0416
vn -0.1124 0.9894 0.0920
vn -0.1630 0.9815 0.1003
vn -0.2018 0.9655 0.1645
vn 0.5673 0.7913 -0.2282
vn 0.4685 0.8590 -0.2066
vn 0.4079 0.8926 -0.1923
vn 0.6478 0.7205 -0.2475
vn 0.5112 0.8595 -0.0026
vn 0.5774 0.8135 -0.0695
vn 0.6080 0.7903 -0.0762
vn 0.4335 0.9006 -0.0326
vn 0.5135 0.8448 -0.1506
vn 0.4445 0.8911 -0.0913
vn 0.4719 0.8761 -0.0984
vn 0.4697 0.8695 -0.1527
vn 0.0023 1.0000 -0.0012
vn 0.0041 1.0000 0.0018
vn 0.0035 1.0000 0.0033
vn -0.0002 1.0000 -0.0000
vn -0.0015 1.0000 -0.0008
vn 0.0096 1.0000 0.0009
vn -0.0016 1.0000 -0.0010
vn 0.0019 1.0000 0.0061
vn -0.0956 0.9953 0.0179
vn -0.2476 0.9632 0.1051
vn -0.3130 0.9463 0.0805
vn 0.0316 0.9995 -0.0035
vn 0.5689 0.8046 -0.1703
vn 0.7267 0.6652 -0.1713
vn 0.6761 0.6929 -0.2507
vn 0.5378 0.8325 -0.1331
vn 0.2055 0.9637 -0.1705
vn 0.1432 0.9779 0.1521
vn 0.1456 0.9891 0.0205
vn 0.2253 0.9738 -0.0308
vn -0.3831 0.9225 -0.0467
vn -0.2999 0.9522 -0.0579
vn -0.4573 0.8869 -0.0651
vn -0.1474 0.9887 -0.0268
vn -0.0024 1.0000 -0.0036
vn -0.1800 0.9828 -0.0422
vn 0.0183 0.9998 -0.0077
vn -0.3351 0.9358 -0.1094
vn -0.0554 0.9894 -0.1339
vn 0.0131 0.9999 0.0015
vn -0.1110 0.9930 -0.0400
vn 0.1097 0.9938 -0.0170
vn 0.0130 0.8754 0.4832
vn 0.0425 0.8318 0.5535
vn 0.1095 0.8304 0.5463
vn -0.0588 0.8110 0.5820
vn -0.4656 0.8823 -0.0688
vn -0.4092 0.8740 0.2621
vn -0.4641 0.8622 0.2027
vn -0.4144 0.8801 0.2316
vn -0.6027 0.7514 0.2687
vn -0.1283 0.9885 0.0799
vn -0.1071 0.9923 0.0617
vn -0.5573 0.7603 0.3337
vn 0.1621 0.9867 0.0158
vn 0.2778 0.9597 0.0410
vn 0.0220 0.9997 -0.0059
vn 0.3185 0.9468 0.0458
vn 0.4834 0.8678 0.1153
vn 0.4259 0.8620 0.2747
vn 0.4528 0.8557 0.2504
vn 0.4567 0.8628 0.2169
vn 0.3402 0.8773 0.3386
vn 0.3986 0.8400 0.3681
vn 0.2542 0.9041 0.3433
vn 0.5188 0.7678 0.3761
vn 0.0128 0.9931 0.1162
vn -0.0006 0.9943 0.1064
vn -0.0143 0.9949 0.0999
vn -0.0131 0.9950 0.0992
vn -0.0013 0.9999 0.0104
vn 0.0317 0.9672 -0.2522
vn 0.0086 1.0000 0.0006
vn -0.0054 1.0000 0.0008
vn 0.0899 0.9771 -0.1926
vn -0.0152 0.9729 -0.2308
vn 0.0035 0.9999 0.0100
vn -0.0185 0.9938 0.1099
vn 0.0223 0.9961 0.0859
vn -0.0193 0.9916 0.1276
vn 0.5128 0.7731 0.3734
vn 0.3162 0.8873 0.3358
vn 0.2009 0.9263 0.3188
vn 0.4403 0.8610 0.2547
vn 0.3785 0.8679 0.3216
vn 0.5018 0.8551 0.1307
vn 0.3214 0.9456 0.0510
vn 0.1069 0.9942 0.0093
vn -0.0578 0.9982 -0.0183
vn -0.3454 0.9094 0.2318
vn -0.0087 1.0000 0.0049
vn -0.3208 0.9362 0.1437
vn -0.4015 0.8763 0.2662
vn -0.4236 0.8721 0.2449
vn -0.5113 0.8538 -0.0980
vn -0.0076 0.8236 0.5671
vn 0.1177 0.8345 0.5383
vn 0.1117 0.8663 0.4869
vn 0.2030 0.9771 0.0637
vn -0.1346 0.9902 -0.0373
vn -0.0372 0.9944 -0.0987
vn -0.4951 0.8586 -0.1331
vn 0.0028 1.0000 0.0067
vn 0.0146 0.9999 0.0001
vn -0.1109 0.9932 -0.0363
vn -0.4528 0.8891 -0.0671
vn -0.4749 0.8771 -0.0720
vn 0.1851 0.9765 0.1100
vn 0.0846 0.9773 0.1943
vn 0.1751 0.9700 -0.1688
vn 0.6327 0.7648 -0.1219
vn 0.7314 0.6470 -0.2156
vn 0.6122 0.7563 -0.2308
vn -0.0567 0.9946 0.0866
vn -0.2988 0.9499 0.0915
vn -0.2740 0.9592 0.0691
vn 0.0036 1.0000 0.0017
vn -0.0029 1.0000 -0.0002
vn -0.0121 0.9999 0.0086
vn 0.0064 1.0000 -0.0051
vn 0.4235 0.8988 -0.1132
vn 0.4560 0.8863 -0.0812
vn 0.5030 0.8557 -0.1214
vn 0.4386 0.8967 -0.0598
vn 0.6267 0.7753 -0.0781
vn 0.5679 0.8225 -0.0314
vn 0.6049 0.7591 -0.2405
vn 0.3457 0.9235 -0.1662
vn 0.4861 0.8555 -0.1783
vn -0.1202 0.9784 0.1681
vn -0.0349 0.9993 -0.0106
vn -0.2041 0.9780 0.0438
vn 0.5359 0.8403 -0.0825
vn 0.5701 0.8099 -0.1376
vn 0.4237 0.8127 -0.3999
vn 0.0573 0.9984 0.0008
vn 0.4295 0.9026 -0.0300
vn 0.2661 0.9588 -0.0993
vn -0.3427 0.9109 -0.2298
vn -0.3927 0.8395 -0.3756
vn -0.4869 0.8156 -0.3127
vn -0.2789 0.9594 0.0426
vn -0.1464 0.9888 0.0296
vn -0.2417 0.9685 0.0594
vn -0.0658 0.9964 0.0540
vn -0.3473 0.9377 0.0070
vn -0.4987 0.8643 -0.0652
vn 0.0131 0.9999 0.0082
vn 0.1465 0.9827 0.1131
vn 0.2155 0.9644 0.1530
vn -0.7859 0.6013 -0.1440
vn -0.4228 0.9012 -0.0949
vn -0.1889 0.9810 -0.0438
vn -0.1773 0.9758 -0.1281
vn -0.1950 0.9705 -0.1420
vn -0.0253 0.9996 -0.0159
vn -0.2894 0.9528 -0.0921
vn -0.1281 0.9908 -0.0438
vn 0.0896 0.9922 0.0869
vn 0.0164 0.9999 0.0041
vn 0.0297 0.9995 0.0117
vn 0.1862 0.9806 0.0617
vn 0.1295 0.8582 0.4967
vn -0.2223 0.8727 0.4347
vn -0.6053 0.7883 0.1108
vn 0.0059 0.9971 -0.0762
vn -0.0055 0.9988 -0.0485
vn 0.0794 0.9164 0.3924
vn -0.0002 1.0000 -0.0003
vn -0.0000 1.0000 -0.0003
vn 0.0012 1.0000 -0.0016
vn 0.2552 0.9662 -0.0354
vn 0.2685 0.9624 -0.0423
vn 0.3099 0.9495 -0.0496
vn 0.2902 0.9568 -0.0163
vn -0.1775 0.9840 -0.0160
vn -0.1036 0.9946 -0.0078
vn -0.0038 1.0000 0.0048
vn 0.0001 1.0000 0.0016
vn 0.0134 0.9998 -0.0137
vn 0.2155 0.9759 -0.0346
vn 0.0981 0.9878 -0.1206
vn 0.0113 0.9863 -0.1648
vn 0.0006 1.0000 -0.0004
vn 0.1209 0.9919 -0.0388
vn 0.0558 0.9981 0.0276
vn -0.1958 0.9706 -0.1402
vn -0.0075 1.0000 0.0012
vn -0.0031 1.0000 -0.0016
vn 0.0281 0.9996 0.0004
vn 0.3690 0.9188 0.1400
vn 0.5876 0.8091 0.0090
vn -0.3383 0.9363 -0.0939
vn -0.1788 0.9828 -0.0466
vn -0.0181 0.9996 -0.0204
vn 0.1495 0.9880 0.0376
vn 0.2854 0.9562 0.0655
vn -0.2711 0.8130 0.5153
vn -0.3296 0.7888 0.5188
vn -0.3080 0.9122 0.2701
vn -0.0179 0.9998 -0.0122
vn 0.0119 0.9999 -0.0068
vn -0.1342 0.9770 0.1657
vn 0.0132 0.9983 -0.0571
vn -0.1256 0.9774 -0.1701
vn 0.1275 0.9630 0.2374
vn 0.6618 0.7490 0.0315
vn 0.5330 0.8460 0.0119
vn 0.5926 0.8023 0.0722
vn 0.2024 0.9728 -0.1127
vn -0.1038 0.9924 -0.0659
vn -0.2507 0.9504 0.1843
vn 0.4325 0.8552 -0.2855
vn 0.4415 0.8512 -0.2838
vn 0.4873 0.8556 -0.1747
vn 0.0007 1.0000 0.0002
vn 0.0090 1.0000 -0.0011
vn 0.0044 1.0000 -0.0035
vn 0.0145 0.9999 -0.0067
vn -0.2853 0.9570 -0.0522
vn -0.2571 0.9639 -0.0694
vn -0.6290 0.7745 0.0674
vn -0.4498 0.8758 0.1751
vn -0.2650 0.9384 0.2218
vn -0.3687 0.9057 -0.2092
vn -0.4243 0.8661 -0.2644
vn -0.5000 0.8564 -0.1287
vn -0.0416 0.9971 0.0636
vn 0.4637 0.8833 0.0697
vn 0.2370 0.9606 0.1453
vn 0.0052 1.0000 0.0057
vn 0.0005 1.0000 -0.0027
vn -0.5291 0.8473 -0.0468
vn -0.5480 0.8363 -0.0188
vn -0.4549 0.8563 -0.2447
vn -0.2263 0.8313 -0.5076
vn -0.5212 0.7827 -0.3401
vn -0.3160 0.8216 -0.4745
vn 0.0308 0.9970 -0.0707
vn -0.2269 0.9739 0.0030
vn -0.0904 0.9892 -0.1156
vn -0.0888 0.9956 0.0292
vn -0.0177 0.9998 0.0065
vn 0.0979 0.9946 -0.0335
vn 0.2819 0.9550 -0.0923
vn 0.1943 0.9791 -0.0604
vn -0.0054 1.0000 -0.0075
vn -0.2822 0.9560 0.0807
vn -0.1635 0.9859 0.0356
vn -0.2953 0.9519 0.0813
vn -0.0533 0.9984 0.0183
vn -0.2004 0.9778 0.0616
vn 0.2870 0.9540 -0.0873
vn -0.0817 0.9965 0.0151
vn 0.1624 0.9851 -0.0558
vn 0.0010 1.0000 -0.0001
vn 0.0089 1.0000 0.0045
vn 0.0055 1.0000 -0.0019
vn 0.0023 1.0000 -0.0001
vn -0.0211 0.9998 -0.0064
vn -0.0314 0.9995 0.0003
vn -0.0037 0.9997 0.0235
vn 0.1783 0.9830 0.0429
vn 0.1509 0.9843 -0.0920
vn 0.0007 1.0000 0.0005
vn 0.0055 1.0000 0.0053
vn 0.0668 0.9943 0.0827
vn -0.2612 0.9635 0.0582
vn -0.1149 0.9929 0.0295
vn -0.2313 0.9714 0.0545
vn -0.5240 0.8238 -0.2165
vn -0.5286 0.8399 -0.1229
vn -0.4191 0.8331 -0.3610
vn -0.5687 0.8098 -0.1443
vn -0.5749 0.7921 -0.2050
vn -0.5918 0.8058 0.0212
vn -0.3740 0.9268 0.0343
vn -0.5412 0.8366 -0.0846
vn -0.5830 0.8122 0.0228
vn -0.4421 0.8965 -0.0297
vn -0.0990 0.9951 0.0036
vn 0.0209 0.9998 -0.0058
vn -0.4733 0.8566 -0.2053
vn -0.3364 0.9358 -0.1058
vn -0.1821 0.9828 -0.0306
vn -0.5449 0.8033 -0.2403
vn -0.5004 0.8303 -0.2454
vn -0.5094 0.8605 0.0008
vn 0.0065 1.0000 0.0035
vn 0.2110 0.9749 0.0704
vn 0.2274 0.9731 -0.0371
vn -0.0013 1.0000 -0.0085
vn -0.0029 1.0000 -0.0005
vn 0.0432 0.9989 0.0183
vn -0.3365 0.8897 -0.3085
vn -0.2103 0.9655 -0.1534
vn -0.0117 0.9999 0.0008
vn -0.0863 0.9908 -0.1040
vn -0.3149 0.9444 -0.0941
vn -0.6605 0.7484 0.0595
vn 0.2345 0.8851 -0.4021
vn 0.2031 0.9138 -0.3519
vn -0.2213 0.9239 -0.3123
vn 0.0601 0.8820 -0.4673
vn 0.0701 0.8744 -0.4801
vn 0.2417 0.9700 -0.0251
vn -0.4168 0.8640 -0.2823
vn -0.4016 0.8748 -0.2710
vn -0.2723 0.9542 -0.1236
vn -0.4778 0.8114 -0.3367
vn -0.4452 0.8290 -0.3385
vn -0.4267 0.8472 -0.3165
vn -0.1865 0.8074 -0.5598
vn -0.4589 0.7993 -0.3880
vn -0.3843 0.8447 -0.3725
vn -0.2683 0.9100 0.3162
vn -0.3473 0.8467 0.4030
vn -0.3275 0.8734 0.3606
vn -0.4767 0.8786 -0.0267
vn -0.1578 0.9874 -0.0105
vn -0.2605 0.9565 0.1315
vn -0.6500 0.7572 0.0645
vn -0.5653 0.8247 -0.0165
vn -0.5718 0.8160 0.0844
vn -0.1354 0.9905 -0.0244
vn -0.2849 0.9577 -0.0409
vn -0.0227 0.9997 -0.0078
vn -0.0049 1.0000 -0.0015
vn 0.2239 0.9744 0.0212
vn -0.1837 0.9824 -0.0325
vn -0.2545 0.9662 -0.0424
vn 0.0778 0.9957 -0.0507
vn 0.3612 0.9018 -0.2372
vn 0.1086 0.9915 -0.0715
vn 0.4816 0.7834 -0.3929
vn 0.4534 0.8070 -0.3783
vn 0.4496 0.8429 -0.2955
vn 0.0217 0.9997 -0.0054
vn 0.3583 0.9003 -0.2471
vn 0.0501 0.9983 -0.0306
vn 0.0306 0.9991 0.0303
vn 0.5040 0.8268 0.2497
vn 0.7053 0.6513 0.2798
vn 0.0009 1.0000 0.0006
vn -0.0064 0.9999 0.0129
vn 0.1191 0.9918 0.0467
vn 0.4487 0.8510 -0.2731
vn 0.3788 0.8965 -0.2300
vn 0.4698 0.8775 -0.0965
vn 0.4431 0.7896 -0.4245
vn 0.1286 0.8270 -0.5472
vn 0.2390 0.9073 -0.3460
vn 0.4622 0.8098 -0.3615
vn 0.4946 0.7947 -0.3519
vn 0.4535 0.8205 -0.3480
vn -0.4728 0.8744 0.1088
vn -0.0121 0.9970 0.0769
vn 0.0703 0.9646 0.2542
vn -0.1796 0.9306 -0.3190
vn 0.0372 0.9221 -0.3851
vn -0.0346 0.9960 -0.0825
vn -0.3663 0.8952 -0.2540
vn -0.3464 0.8959 -0.2783
vn -0.5382 0.8351 0.1139
vn -0.0083 0.9959 0.0898
vn -0.0029 0.9944 0.1056
vn -0.0174 0.9948 0.1004
vn -0.2187 0.9050 0.3649
vn 0.0441 0.9350 0.3518
vn -0.0195 0.9716 0.2358
vn 0.6478 0.7557 0.0963
vn 0.1495 0.9682 0.2008
vn 0.4407 0.8924 0.0971
vn -0.1421 0.9814 -0.1291
vn -0.0695 0.9957 -0.0617
vn -0.1992 0.9096 0.3646
vn 0.0119 0.9830 0.1834
vn -0.0729 0.9887 0.1313
vn -0.1913 0.9804 -0.0475
vn 0.0265 0.9991 0.0323
vn 0.0635 0.9901 0.1250
vn 0.0826 0.9837 0.1600
vn -0.0097 0.9999 0.0028
vn 0.0004 1.0000 -0.0003
vn 0.0093 0.9999 -0.0085
vn -0.0573 0.9975 0.0413
vn -0.0052 1.0000 0.0023
vn -0.0102 0.9999 -0.0028
vn -0.2158 0.7984 0.5622
vn -0.0772 0.8067 0.5859
vn -0.0649 0.9275 0.3682
vn -0.2483 0.9200 0.3033
vn -0.0877 0.9747 0.2057
vn -0.1119 0.8777 0.4660
vn -0.1996 0.9019 0.3830
vn -0.3251 0.8786 0.3498
vn -0.3418 0.8528 0.3948
vn 0.3527 0.9323 0.0800
vn 0.0375 0.9993 -0.0019
vn -0.1751 0.9831 -0.0526
vn 0.1591 0.9853 0.0624
vn 0.2984 0.9393 0.1693
vn 0.2429 0.9678 0.0663
vn 0.0011 1.0000 0.0007
vn 0.0372 0.9992 0.0126
vn 0.1501 0.9865 0.0657
vn 0.1885 0.9796 0.0688
vn 0.0942 0.9852 -0.1430
vn -0.1526 0.9881 -0.0199
vn 0.1034 0.9883 0.1123
vn -0.0237 0.9887 0.1480
vn -0.3072 0.9512 0.0284
vn -0.3332 0.9363 -0.1115
vn 0.4192 0.8802 0.2224
vn 0.4331 0.8726 0.2256
vn 0.4435 0.8886 0.1170
vn 0.0980 0.9939 0.0514
vn 0.2616 0.9468 0.1875
vn 0.3854 0.8840 0.2647
vn -0.2011 0.9782 -0.0515
vn -0.0111 0.9998 -0.0138
vn 0.1088 0.9922 0.0603
vn -0.0014 1.0000 -0.0010
vn -0.1328 0.9868 -0.0923
vn -0.0052 1.0000 0.0001
vn 0.0003 1.0000 0.0003
vn -0.4624 0.8176 -0.3431
vn -0.4784 0.8202 -0.3137
vn -0.2186 0.9681 -0.1227
vn 0.2307 0.9660 -0.1166
vn 0.0008 0.9925 -0.1224
vn 0.0181 0.9998 -0.0110
vn 0.1284 0.9912 -0.0336
vn -0.2439 0.9693 0.0322
vn -0.1260 0.9920 0.0112
vn 0.0744 0.9971 -0.0142
vn 0.2999 0.9525 -0.0538
vn 0.2383 0.9697 -0.0531
vn -0.1349 0.9734 -0.1853
vn -0.2199 0.9624 -0.1592
vn -0.0629 0.9967 -0.0504
vn 0.1219 0.9703 0.2088
vn -0.0934 0.9845 0.1488
vn -0.2228 0.9694 -0.1031
vn 0.0726 0.9962 0.0490
vn 0.2029 0.9656 0.1629
vn 0.2283 0.9671 0.1125
vn 0.0214 0.9998 -0.0002
vn 0.3171 0.9484 -0.0048
vn 0.2588 0.9654 -0.0309
vn 0.0132 0.9999 0.0006
vn 0.2697 0.9620 0.0419
vn 0.3292 0.9442 0.0039
vn -0.1848 0.9820 -0.0387
vn -0.0663 0.9977 -0.0131
vn -0.0085 0.9999 -0.0057
vn -0.3744 0.9273 -0.0072
vn -0.0724 0.9974 -0.0010
vn -0.1136 0.9934 0.0159
vn -0.3129 0.9463 0.0818
vn -0.0674 0.9977 0.0070
vn -0.0783 0.9969 -0.0017
vn 0.2504 0.9575 0.1430
vn -0.1423 0.9752 0.1693
vn -0.1824 0.9832 -0.0045
vn -0.1301 0.9915 0.0063
vn -0.3244 0.9452 0.0359
vn -0.3101 0.9501 0.0346
vn -0.3251 0.9449 0.0378
vn -0.2091 0.9775 0.0285
vn -0.2910 0.9561 0.0351
vn 0.3430 0.9377 -0.0549
vn 0.0391 0.9991 -0.0171
vn 0.1763 0.9838 -0.0338
vn 0.0148 0.9999 -0.0047
vn 0.0129 0.9985 -0.0535
vn 0.1017 0.9740 0.2023
vn 0.0824 0.9958 0.0389
vn 0.1714 0.9784 0.1154
vn 0.1496 0.9827 -0.1090
vn 0.0082 1.0000 0.0027
vn 0.0098 0.9999 -0.0027
vn -0.0320 0.9994 -0.0150
vn -0.0071 0.9999 -0.0092
vn -0.1479 0.9799 0.1343
vn -0.0551 0.9981 0.0267
vn -0.1867 0.9817 -0.0364
vn -0.1198 0.9799 -0.1597
vn 0.1680 0.9719 0.1646
vn 0.0813 0.9887 0.1260
vn -0.0668 0.9666 -0.2474
vn -0.3837 0.8618 0.3317
vn -0.4014 0.8695 0.2879
vn -0.4503 0.8926 -0.0236
vn -0.3067 0.9125 0.2707
vn -0.2430 0.9275 0.2840
vn -0.3558 0.8885 0.2899
vn 0.2413 0.8844 0.3996
vn -0.0260 0.9389 0.3432
vn -0.1694 0.9132 0.3707
vn 0.2850 0.9550 0.0825
vn 0.0995 0.9947 0.0261
vn -0.1833 0.9812 -0.0597
vn 0.0080 1.0000 0.0048
vn 0.1936 0.9766 0.0931
vn 0.2894 0.9517 0.1022
vn -0.0000 1.0000 -0.0043
vn -0.0053 1.0000 -0.0022
vn -0.0028 1.0000 -0.0000
vn 0.0142 0.9998 0.0148
vn 0.0038 0.9991 0.0424
vn -0.0562 0.9785 0.1986
vn -0.2496 0.9545 -0.1631
vn -0.0632 0.9970 -0.0441
vn 0.2323 0.9653 0.1192
vn -0.1268 0.9890 -0.0765
vn -0.2854 0.9504 -0.1241
vn -0.0421 0.9987 -0.0293
vn -0.0103 0.9999 -0.0065
vn -0.0190 0.9998 -0.0012
vn -0.2224 0.9666 -0.1277
vn -0.0924 0.9922 -0.0833
vn 0.1169 0.9854 0.1237
vn 0.1927 0.9667 0.1684
vn -0.1208 0.9867 -0.1087
vn 0.0135 0.9999 0.0047
vn 0.0006 1.0000 0.0002
vn -0.0224 0.9997 0.0136
vn 0.0027 1.0000 -0.0016
vn 0.0006 1.0000 -0.0001
vn -0.6779 0.7210 0.1438
vn -0.7149 0.6944 0.0819
vn -0.6677 0.7323 -0.1340
vn -0.0066 0.9999 -0.0106
vn -0.0008 1.0000 -0.0006
vn 0.0060 0.9999 -0.0132
vn -0.0005 0.9998 -0.0214
vn 0.1970 0.9579 0.2089
vn -0.1069 0.9862 0.1267
vn -0.2477 0.9507 -0.1867
vn 0.0084 0.9925 0.1216
vn 0.0036 1.0000 0.0022
vn -0.6476 0.7558 -0.0964
vn -0.5543 0.8323 -0.0124
vn -0.4372 0.8977 0.0553
vn -0.6899 0.7239 -0.0086
vn -0.6286 0.7774 0.0249
vn -0.6027 0.7980 0.0005
vn 0.0119 0.9943 0.1056
vn -0.0721 0.9958 0.0558
vn -0.2179 0.9757 0.0230
vn -0.2447 0.9692 -0.0271
vn -0.4971 0.8630 -0.0897
vn -0.6211 0.7676 -0.1584
vn 0.0147 0.9892 0.1460
vn -0.2953 0.9388 0.1776
vn -0.3683 0.9244 -0.0990
vn -0.3784 0.9215 0.0873
vn -0.1916 0.9712 0.1413
vn -0.1381 0.9890 0.0532
vn -0.5927 0.7173 -0.3663
vn -0.6733 0.6916 -0.2614
vn -0.5317 0.8171 -0.2229
vn -0.5110 0.8578 0.0542
vn -0.7411 0.6713 -0.0111
vn -0.7683 0.6377 -0.0553
vn -0.2835 0.9534 0.1035
vn -0.3087 0.9473 0.0856
vn -0.2460 0.9672 0.0631
vn 0.5361 0.8438 -0.0226
vn 0.5155 0.8563 -0.0327
vn 0.4703 0.8280 -0.3053
vn 0.5332 0.8270 -0.1780
vn 0.5717 0.7957 -0.1999
vn 0.5502 0.8347 0.0263
vn 0.2220 0.9743 -0.0371
vn 0.4800 0.8703 -0.1107
vn 0.4230 0.9061 0.0044
vn 0.5336 0.7976 -0.2812
vn 0.2314 0.8375 -0.4951
vn 0.0192 0.8356 -0.5491
vn 0.5372 0.8403 -0.0729
vn 0.4241 0.9044 0.0473
vn 0.3662 0.9288 -0.0561
vn 0.5952 0.7827 -0.1822
vn 0.5833 0.8009 -0.1351
vn 0.6156 0.7879 -0.0192
vn 0.0008 0.9818 -0.1901
vn -0.0718 0.9816 -0.1770
vn -0.0133 0.9999 0.0108
vn 0.3147 0.8443 -0.4338
vn -0.1807 0.8270 -0.5324
vn -0.3132 0.7959 -0.5181
vn 0.3930 0.8455 -0.3616
vn 0.2891 0.8503 -0.4398
vn 0.2471 0.8885 -0.3866
vn 0.3051 0.9459 -0.1107
vn 0.2237 0.9719 -0.0728
vn 0.2923 0.9560 -0.0232
vn 0.1822 0.9762 0.1176
vn 0.2643 0.9597 0.0953
vn 0.2153 0.9763 -0.0216
vn 0.5283 0.8435 0.0967
vn 0.1559 0.9831 0.0960
vn 0.2338 0.9666 -0.1054
vn 0.3139 0.9494 0.0076
vn 0.0338 0.9983 0.0481
vn 0.0397 0.9992 -0.0101
vn 0.0205 0.9989 0.0413
vn -0.0105 0.9949 0.1003
vn 0.0569 0.9937 0.0969
vn 0.4353 0.8988 0.0515
vn 0.6156 0.7881 0.0029
vn 0.5835 0.8120 0.0107
vn 0.4104 0.9079 -0.0853
vn 0.1808 0.9826 -0.0437
vn 0.2665 0.9636 -0.0196
vn 0.4565 0.8894 0.0219
vn 0.1078 0.9941 -0.0083
vn 0.0909 0.9939 -0.0623
vn 0.4170 0.9077 0.0468
vn 0.4904 0.8711 0.0251
vn 0.4616 0.8863 -0.0368
vn 0.3467 0.9322 -0.1039
vn 0.7241 0.6485 -0.2349
vn 0.5847 0.7863 -0.1997
vn 0.6747 0.7368 0.0445
vn 0.7733 0.6289 0.0807
vn 0.7727 0.6156 -0.1546
vn -0.0007 1.0000 0.0001
vn 0.0057 1.0000 0.0051
vn 0.0053 1.0000 -0.0076
vn 0.0047 1.0000 -0.0013
vn 0.0890 0.9959 -0.0177
vn -0.0103 0.9999 0.0064
vn -0.0144 0.9999 -0.0035
vn 0.3821 0.9208 -0.0785
vn 0.2101 0.9772 -0.0319
vn 0.0017 1.0000 -0.0002
vn -0.0512 0.9986 0.0161
vn -0.0010 1.0000 -0.0001
vn -0.0022 1.0000 0.0013
vn -0.0061 0.9998 0.0165
vn -0.0028 1.0000 0.0019
vn -0.1108 0.9913 0.0705
vn 0.5590 0.7798 -0.2818
vn 0.3740 0.9032 -0.2107
vn 0.5307 0.8087 -0.2535
vn 0.4437 0.8961 0.0072
vn 0.3876 0.9216 0.0228
vn 0.3414 0.9397 0.0204
vn 0.7427 0.6619 -0.1013
vn 0.6168 0.7869 -0.0200
vn 0.7281 0.6810 -0.0788
vn -0.0704 0.9603 0.2698
vn -0.1610 0.9560 0.2453
vn -0.1296 0.9910 -0.0325
vn 0.2133 0.9660 -0.1460
vn 0.3673 0.8816 -0.2964
vn 0.1637 0.9864 0.0146
vn 0.0027 0.9999 0.0120
vn -0.0047 1.0000 0.0019
vn -0.0166 0.9819 0.1886
vn -0.4037 0.9122 -0.0695
vn -0.3628 0.9227 -0.1305
vn -0.4876 0.8523 -0.1891
vn -0.4959 0.8673 0.0424
vn -0.3395 0.9353 0.0994
vn -0.3072 0.9516 0.0078
vn -0.1183 0.9928 -0.0198
vn -0.4640 0.8852 0.0349
vn -0.4738 0.8781 -0.0666
vn -0.0015 1.0000 -0.0003
vn 0.0186 0.9998 0.0110
vn 0.0035 1.0000 -0.0008
vn -0.6832 0.7291 -0.0401
vn -0.0808 0.9967 -0.0117
vn -0.0473 0.9989 -0.0004
vn 0.0303 0.9978 0.0596
vn 0.0936 0.9943 0.0502
vn -0.1478 0.9785 -0.1435
vn -0.0376 0.9991 -0.0183
vn -0.2487 0.9654 -0.0779
vn 0.0932 0.9903 0.1033
vn 0.0979 0.9944 0.0406
vn 0.2824 0.9537 0.1036
vn 0.0832 0.9961 0.0285
vn 0.2708 0.8206 0.5032
vn 0.2896 0.8190 0.4953
vn 0.3595 0.8307 0.4252
vn 0.2797 0.8988 0.3374
vn 0.2324 0.8980 0.3737
vn 0.2814 0.8648 0.4158
vn 0.0261 0.9862 0.1633
vn 0.1411 0.9588 0.2464
vn 0.1829 0.8781 0.4422
vn -0.3302 0.9375 0.1096
vn 0.0194 0.9998 0.0025
vn 0.0166 0.9999 -0.0026
vn 0.0212 0.9998 -0.0067
vn 0.1427 0.9895 -0.0229
vn 0.0542 0.9984 -0.0149
vn -0.2462 0.9546 0.1678
vn -0.0637 0.9965 0.0533
vn -0.2803 0.9455 0.1659
vn 0.0090 1.0000 0.0014
vn 0.1238 0.9923 0.0054
vn 0.0539 0.9981 -0.0311
vn 0.0017 1.0000 0.0011
vn 0.0595 0.9977 0.0315
vn 0.0116 0.9999 0.0001
vn -0.0005 1.0000 0.0002
vn -0.0003 1.0000 -0.0006
vn -0.2854 0.9566 -0.0590
vn -0.2165 0.9754 -0.0427
vn -0.0968 0.9951 -0.0189
vn 0.0669 0.9977 0.0052
vn -0.3102 0.9471 -0.0826
vn -0.3173 0.9453 -0.0761
vn 0.1210 0.9922 0.0313
vn 0.3355 0.9391 0.0746
vn 0.2616 0.9640 0.0483
vn 0.2384 0.8715 0.4285
vn -0.0233 0.8720 0.4890
vn 0.1938 0.8613 0.4696
vn 0.0968 0.9331 0.3464
vn -0.2193 0.8854 0.4099
vn -0.1419 0.8836 0.4463
vn 0.2656 0.9177 0.2954
vn 0.2973 0.9077 0.2961
vn 0.2482 0.8913 0.3794
vn 0.2966 0.9179 0.2636
vn 0.4670 0.8704 0.1558
vn 0.3125 0.9254 0.2145
vn 0.5286 0.8477 -0.0443
vn 0.5652 0.8249 -0.0119
vn 0.6213 0.7826 0.0384
vn 0.4004 0.9162 -0.0161
vn 0.5168 0.8558 -0.0234
vn 0.4425 0.8714 0.2120
vn -0.0079 1.0000 -0.0035
vn -0.0659 0.9852 -0.1581
vn -0.1045 0.9922 -0.0673
vn -0.0052 1.0000 -0.0046
vn -0.6030 0.7977 0.0065
vn -0.6872 0.7264 0.0043
vn -0.6598 0.7502 0.0437
vn -0.1327 0.9606 0.2443
vn -0.6910 0.7074 0.1487
vn -0.6971 0.7167 0.0209
vn -0.0537 0.9329 0.3560
vn 0.1040 0.9218 0.3734
vn 0.1131 0.9675 0.2261
vn -0.0449 0.9932 -0.1071
vn -0.0282 0.9995 -0.0110
vn 0.0013 1.0000 -0.0021
vn -0.2926 0.8362 -0.4639
vn -0.4112 0.8359 -0.3637
vn -0.1865 0.9461 -0.2648
vn 0.2253 0.8269 -0.5153
vn -0.3565 0.8392 -0.4106
vn -0.2481 0.8386 -0.4850
vn 0.0480 0.9987 -0.0140
vn 0.2403 0.9677 -0.0762
vn 0.0863 0.9946 -0.0577
vn 0.2657 0.9615 -0.0709
vn 0.0612 0.9978 -0.0240
vn 0.2239 0.9728 -0.0589
vn 0.0500 0.9986 -0.0155
vn 0.0021 1.0000 -0.0012
vn 0.1637 0.9856 -0.0419
vn 0.3753 0.7675 -0.5197
vn -0.3125 0.8835 -0.3489
vn 0.0076 1.0000 0.0011
vn -0.0126 0.9724 0.2331
vn -0.4893 0.8665 0.0986
vn -0.6512 0.7566 0.0591
vn -0.0073 0.9997 -0.0231
vn 0.4640 0.8594 0.2148
vn 0.4498 0.8851 0.1196
vn 0.2128 0.9447 0.2497
vn 0.3654 0.8776 0.3105
vn 0.2146 0.9000 0.3794
vn 0.5705 0.7788 0.2608
vn 0.2591 0.9644 0.0520
vn -0.1515 0.9875 -0.0425
vn -0.3192 0.9461 -0.0547
vn -0.0019 1.0000 0.0069
vn 0.0006 1.0000 0.0003
vn -0.0028 1.0000 -0.0028
vn -0.3573 0.8972 0.2594
vn -0.0588 0.9980 0.0249
vn -0.5371 0.8385 -0.0916
vn 0.0286 0.8776 0.4785
vn 0.2953 0.8661 0.4033
vn 0.2447 0.8574 0.4528
vn 0.2696 0.9575 0.1022
vn -0.2065 0.9762 -0.0664
vn 0.1029 0.9928 -0.0618
vn -0.6669 0.7451 -0.0056
vn -0.0024 1.0000 0.0016
vn -0.0012 1.0000 -0.0001
vn -0.0524 0.9980 -0.0365
vn -0.4211 0.9068 -0.0206
vn -0.4735 0.8736 -0.1126
vn 0.0520 0.9870 0.1518
vn -0.0667 0.9876 0.1424
vn 0.0355 0.9919 -0.1221
vn 0.7449 0.6608 -0.0919
vn 0.5123 0.8584 0.0274
vn 0.5577 0.7780 -0.2891
vn -0.0719 0.9796 0.1879
vn -0.0026 1.0000 0.0016
vn -0.1863 0.9811 0.0529
vn 0.0087 1.0000 0.0027
vn 0.0023 1.0000 0.0002
vn -0.0008 1.0000 0.0001
vn 0.6022 0.7919 -0.1011
vn 0.0621 0.9978 -0.0210
vn 0.4060 0.9135 -0.0284
vn 0.4395 0.8949 -0.0770
vn 0.4520 0.8889 -0.0748
vn 0.4138 0.9099 -0.0277
vn 0.1820 0.9821 0.0493
vn 0.4564 0.8872 -0.0675
vn 0.5552 0.8180 -0.1506
vn 0.2298 0.9726 -0.0348
vn 0.3952 0.9147 -0.0848
vn 0.1450 0.9542 -0.2619
vn 0.2142 0.8462 -0.4880
vn -0.0963 0.9949 0.0308
vn 0.5925 0.8056 0.0010
vn 0.6142 0.7891 0.0085
vn 0.3066 0.8159 -0.4902
vn 0.1523 0.9883 -0.0020
vn 0.5043 0.8631 0.0277
vn 0.4556 0.8590 -0.2334
vn -0.2798 0.9599 0.0178
vn -0.6560 0.7548 0.0002
vn -0.5403 0.7847 -0.3039
vn -0.3118 0.9500 0.0165
vn -0.1065 0.9940 0.0244
vn -0.3617 0.9319 -0.0256
vn -0.0689 0.9939 0.0865
vn -0.6467 0.7624 0.0212
vn -0.5735 0.8189 -0.0234
vn 0.0507 0.9971 0.0575
vn -0.0791 0.9949 -0.0628
vn -0.7188 0.6734 -0.1729
vn -0.0072 0.9998 -0.0159
vn -0.0062 1.0000 -0.0019
vn 0.1378 0.9859 0.0953
vn -0.2098 0.9592 -0.1896
vn -0.0689 0.9972 -0.0307
vn -0.0595 0.9977 -0.0314
vn 0.1358 0.9678 0.2122
vn 0.0194 0.9998 -0.0059
vn 0.1199 0.9918 0.0431
vn 0.2430 0.9673 0.0726
vn 0.2003 0.8792 0.4324
vn -0.2536 0.8952 0.3665
vn -0.4924 0.8703 -0.0050
vn 0.0758 0.9780 -0.1944
vn -0.1364 0.9616 -0.2382
vn -0.1646 0.9408 0.2963
vn 0.0900 0.9953 -0.0355
vn 0.0505 0.9973 0.0535
vn 0.3230 0.9452 -0.0474
vn -0.2452 0.9692 0.0228
vn -0.0004 0.9999 -0.0118
vn 0.2971 0.9548 0.0018
vn -0.3801 0.9249 -0.0085
vn -0.3622 0.9316 0.0308
vn -0.0602 0.9965 -0.0577
vn 0.0186 0.9998 0.0008
vn 0.0061 1.0000 -0.0007
vn 0.2252 0.9677 0.1137
vn 0.0044 1.0000 0.0051
vn -0.0821 0.9865 -0.1420
vn 0.0182 0.9998 -0.0053
vn 0.2273 0.9719 -0.0613
vn 0.1422 0.9893 0.0324
vn -0.4258 0.8579 -0.2876
vn 0.0111 0.9999 -0.0016
vn -0.0711 0.9974 -0.0126
vn 0.3219 0.9271 0.1919
vn 0.4578 0.8847 0.0877
vn -0.2081 0.9755 -0.0708
vn -0.0346 0.9994 -0.0074
vn 0.1110 0.9904 -0.0827
vn 0.3183 0.9438 0.0894
vn 0.2622 0.9636 0.0527
vn -0.2761 0.8604 0.4284
vn -0.2778 0.8667 0.4143
vn -0.1736 0.9452 0.2765
vn -0.1136 0.9931 -0.0294
vn -0.0373 0.9992 0.0160
vn 0.1595 0.9644 0.2111
vn -0.0936 0.9954 0.0207
vn -0.0283 0.9133 0.4062
vn 0.6913 0.7223 0.0165
vn -0.1089 0.9714 0.2111
vn 0.0002 0.9904 0.1383
vn 0.1045 0.9589 -0.2638
vn -0.2727 0.9618 -0.0239
vn -0.3012 0.9436 0.1377
vn 0.4442 0.8383 -0.3162
vn 0.4066 0.8390 -0.3616
vn 0.5034 0.8524 -0.1418
vn -0.0067 1.0000 -0.0059
vn 0.3636 0.9239 0.1196
vn 0.3859 0.8972 -0.2146
vn 0.0047 1.0000 -0.0035
vn 0.1275 0.9918 0.0083
vn -0.2174 0.9756 -0.0312
vn -0.0544 0.9985 -0.0117
vn -0.7127 0.7006 0.0357
vn -0.4443 0.8847 0.1409
vn -0.0581 0.9553 0.2899
vn -0.2554 0.8915 -0.3742
vn -0.4362 0.8324 -0.3418
vn -0.4598 0.8726 -0.1650
vn 0.0118 0.9954 -0.0949
vn 0.4072 0.9090 0.0887
vn 0.1626 0.9657 0.2023
vn -0.1082 0.9899 -0.0916
vn 0.0037 1.0000 -0.0003
vn 0.0467 0.9989 0.0023
vn -0.5576 0.8298 0.0235
vn -0.4261 0.9040 -0.0334
vn -0.2797 0.9544 -0.1044
vn -0.3404 0.9378 -0.0681
vn -0.6031 0.7977 0.0068
vn -0.4367 0.8171 -0.3764
vn -0.1379 0.9901 0.0261
vn 0.0137 0.9995 0.0295
vn -0.0091 0.9987 -0.0500
vn -0.0056 1.0000 0.0031
vn 0.0018 1.0000 0.0001
vn 0.2573 0.9631 -0.0791
vn -0.2359 0.9696 0.0654
vn 0.2185 0.9733 -0.0709
vn 0.0064 1.0000 -0.0033
vn -0.2364 0.9697 0.0612
vn 0.0528 0.9876 -0.1481
vn -0.0241 0.8417 -0.5394
vn -0.4536 0.8294 -0.3262
vn -0.1134 0.9555 0.2724
vn -0.4953 0.8665 -0.0616
vn -0.5126 0.8510 0.1142
vn -0.0858 0.9917 -0.0955
vn 0.4227 0.8878 -0.1820
vn 0.5586 0.8293 -0.0159
vn 0.5384 0.8336 0.1232
vn 0.0547 0.9983 -0.0209
vn -0.1056 0.9440 0.3127
vn -0.4506 0.8238 0.3439
vn 0.0209 0.9998 0.0073
vn -0.3312 0.9399 -0.0829
vn 0.1140 0.9934 -0.0120
vn 0.0004 1.0000 -0.0021
vn 0.0838 0.9910 -0.1048
vn -0.0181 0.9996 0.0212
vn 0.3132 0.9486 -0.0458
vn 0.1622 0.9865 -0.0240
vn -0.0029 1.0000 0.0082
vn 0.1681 0.9414 0.2923
vn 0.0837 0.8958 0.4366
vn -0.0052 1.0000 -0.0001
vn -0.2296 0.9710 -0.0668
vn -0.1901 0.9748 -0.1166
vn -0.7691 0.6206 -0.1524
vn 0.1928 0.9732 0.1256
vn -0.0460 0.9989 -0.0063
vn -0.2551 0.9618 0.0992
vn -0.4854 0.8345 -0.2606
vn -0.0237 0.9997 -0.0015
vn 0.4458 0.8308 -0.3333
vn -0.2237 0.9742 0.0295
vn 0.6774 0.6920 -0.2497
vn 0.4237 0.9057 0.0126
vn 0.5200 0.8340 -0.1844
vn 0.0002 1.0000 -0.0014
vn 0.1397 0.9891 -0.0464
vn 0.4220 0.9012 -0.0993
vn 0.2113 0.9650 -0.1554
vn -0.1929 0.9811 -0.0134
vn -0.1837 0.9814 -0.0558
vn 0.0451 0.9902 -0.1323
vn -0.0684 0.8854 0.4598
vn -0.4462 0.8938 -0.0456
vn -0.6432 0.6904 0.3312
vn 0.2988 0.9536 0.0384
vn 0.4686 0.8762 0.1122
vn 0.5247 0.7824 0.3355
vn 0.0002 0.9947 0.1028
vn -0.0036 0.9999 0.0105
vt 0.609078 0.983932
vt 0.618921 0.984157
vt 0.618479 0.999921
vt 0.608628 0.999685
vt 0.300213 0.961431
vt 0.309726 0.960995
vt 0.309711 0.976805
vt 0.300375 0.977245
vt 0.300230 0.485725
vt 0.309659 0.485728
vt 0.309690 0.500756
vt 0.300276 0.500753
vt 0.608259 0.485012
vt 0.618162 0.484965
vt 0.617866 0.500603
vt 0.607961 0.500633
vt 0.451593 0.485392
vt 0.460957 0.485310
vt 0.460493 0.500280
vt 0.451255 0.500313
vt 0.448484 0.242269
vt 0.458106 0.241856
vt 0.458348 0.256898
vt 0.448712 0.257194
vt 0.606149 0.235625
vt 0.615998 0.235550
vt 0.615814 0.251106
vt 0.605967 0.251225
vt 0.149246 0.485692
vt 0.158655 0.485674
vt 0.159055 0.500847
vt 0.149652 0.500805
vt 0.152711 0.241241
vt 0.162436 0.241666
vt 0.162084 0.256762
vt 0.152411 0.256396
vt 0.301099 0.243498
vt 0.310961 0.243434
vt 0.310777 0.258929
vt 0.301059 0.258978
vt 0.147228 0.975434
vt 0.156888 0.974660
vt 0.157737 0.990383
vt 0.148066 0.991156
vt 0.150225 0.728041
vt 0.159806 0.727382
vt 0.159830 0.742624
vt 0.150296 0.743298
vt 0.300856 0.725802
vt 0.310012 0.725823
vt 0.310004 0.740863
vt 0.300904 0.740827
vt 0.453006 0.974498
vt 0.462661 0.975250
vt 0.461811 0.990988
vt 0.452127 0.990237
vt 0.450596 0.726878
vt 0.460160 0.727387
vt 0.460060 0.742600
vt 0.450570 0.742055
vt 0.605911 0.734347
vt 0.615770 0.734473
vt 0.615783 0.749986
vt 0.605932 0.749862
vt 0.527636 0.731532
vt 0.537370 0.732077
vt 0.537376 0.747477
vt 0.527653 0.746920
vt 0.527900 0.608846
vt 0.537652 0.609088
vt 0.537546 0.624484
vt 0.527817 0.624198
vt 0.606448 0.609887
vt 0.616343 0.609920
vt 0.616138 0.625521
vt 0.606245 0.625476
vt 0.374775 0.725036
vt 0.384175 0.725025
vt 0.383927 0.739924
vt 0.374508 0.739887
vt 0.375373 0.605359
vt 0.384775 0.605314
vt 0.384768 0.620388
vt 0.375366 0.620375
vt 0.451271 0.605175
vt 0.460772 0.605519
vt 0.460859 0.620834
vt 0.451351 0.620570
vt 0.376424 0.966335
vt 0.385956 0.967489
vt 0.384924 0.983231
vt 0.375461 0.982116
vt 0.373229 0.843831
vt 0.382943 0.844533
vt 0.383138 0.860125
vt 0.373384 0.859283
vt 0.451751 0.849482
vt 0.461468 0.850174
vt 0.461980 0.865772
vt 0.452171 0.865051
vt 0.226340 0.725031
vt 0.235779 0.725055
vt 0.236014 0.739937
vt 0.226557 0.739971
vt 0.225507 0.605524
vt 0.234928 0.605457
vt 0.234978 0.620480
vt 0.225565 0.620595
vt 0.300582 0.605348
vt 0.309901 0.605394
vt 0.309947 0.620407
vt 0.300615 0.620383
vt 0.072497 0.732208
vt 0.082269 0.731779
vt 0.082296 0.747240
vt 0.072522 0.747687
vt 0.072632 0.608825
vt 0.082385 0.608640
vt 0.082474 0.623989
vt 0.072731 0.624222
vt 0.149504 0.605904
vt 0.158985 0.605636
vt 0.159027 0.620880
vt 0.149504 0.621096
vt 0.069467 0.981110
vt 0.079239 0.980501
vt 0.079934 0.996219
vt 0.070126 0.996831
vt 0.070624 0.856139
vt 0.080376 0.855575
vt 0.079845 0.871102
vt 0.070102 0.871674
vt 0.148502 0.850484
vt 0.158263 0.849665
vt 0.157627 0.865214
vt 0.147894 0.866010
vt 0.228222 0.244473
vt 0.235539 0.243555
vt 0.234806 0.255533
vt 0.225430 0.254968
vt 0.225160 0.124040
vt 0.234768 0.124107
vt 0.234968 0.139742
vt 0.225363 0.139728
vt 0.300778 0.124541
vt 0.310132 0.124527
vt 0.310161 0.139644
vt 0.300842 0.139646
vt 0.073364 0.237010
vt 0.083325 0.237473
vt 0.083381 0.253245
vt 0.073417 0.252729
vt 0.069435 0.111568
vt 0.079232 0.112022
vt 0.079790 0.127629
vt 0.069961 0.127194
vt 0.147074 0.117849
vt 0.156588 0.119226
vt 0.157103 0.134735
vt 0.147755 0.133052
vt 0.070925 0.484934
vt 0.080775 0.484949
vt 0.081127 0.500462
vt 0.071261 0.500457
vt 0.071156 0.361402
vt 0.080934 0.361708
vt 0.080754 0.377057
vt 0.070964 0.376797
vt 0.148743 0.363149
vt 0.158324 0.363126
vt 0.158071 0.378477
vt 0.148650 0.378362
vt 0.526663 0.238027
vt 0.536670 0.237527
vt 0.536574 0.253307
vt 0.526660 0.253844
vt 0.531496 0.112782
vt 0.541280 0.112187
vt 0.540773 0.127798
vt 0.530967 0.128383
vt 0.609995 0.110444
vt 0.619827 0.110517
vt 0.619385 0.126240
vt 0.609553 0.126144
vt 0.378332 0.244099
vt 0.386925 0.245641
vt 0.385995 0.256994
vt 0.378053 0.257249
vt 0.376115 0.124223
vt 0.385712 0.124246
vt 0.385465 0.139906
vt 0.375898 0.139878
vt 0.453949 0.120230
vt 0.463553 0.119299
vt 0.463037 0.134733
vt 0.453407 0.136050
vt 0.376088 0.484913
vt 0.385628 0.484776
vt 0.385527 0.499937
vt 0.375949 0.500052
vt 0.375846 0.362027
vt 0.385633 0.361873
vt 0.385768 0.377664
vt 0.376040 0.377872
vt 0.452599 0.362999
vt 0.462025 0.363089
vt 0.462045 0.378215
vt 0.452618 0.378172
vt 0.529166 0.484968
vt 0.539051 0.485055
vt 0.538688 0.500586
vt 0.528766 0.500492
vt 0.529278 0.362099
vt 0.539043 0.361855
vt 0.539155 0.377198
vt 0.529378 0.377391
vt 0.607765 0.360186
vt 0.617626 0.359993
vt 0.617808 0.375591
vt 0.607938 0.375766
vt 0.224578 0.484933
vt 0.234084 0.485032
vt 0.234262 0.500171
vt 0.224720 0.500105
vt 0.224409 0.362916
vt 0.234074 0.363120
vt 0.233821 0.378722
vt 0.224199 0.378496
vt 0.300728 0.364268
vt 0.310066 0.364332
vt 0.309864 0.379471
vt 0.300449 0.379444
vt 0.224080 0.968494
vt 0.233617 0.967492
vt 0.234479 0.983246
vt 0.224967 0.984234
vt 0.226599 0.844279
vt 0.236244 0.843649
vt 0.235804 0.858991
vt 0.226073 0.859668
vt 0.300735 0.838269
vt 0.309737 0.838161
vt 0.309844 0.853075
vt 0.300636 0.853181
vt 0.530642 0.980151
vt 0.540405 0.980786
vt 0.539723 0.996512
vt 0.529933 0.995877
vt 0.529751 0.855128
vt 0.539494 0.855757
vt 0.539975 0.871303
vt 0.530233 0.870674
vt 0.607933 0.858540
vt 0.617757 0.858588
vt 0.618225 0.874167
vt 0.608402 0.874122
vt 0.568767 0.857352
vt 0.578542 0.857766
vt 0.579015 0.873331
vt 0.569241 0.872911
vt 0.567127 0.795271
vt 0.576925 0.795646
vt 0.577228 0.811161
vt 0.567437 0.810773
vt 0.606472 0.796370
vt 0.616516 0.796323
vt 0.616510 0.811963
vt 0.606667 0.811904
vt 0.490798 0.852346
vt 0.500540 0.853066
vt 0.501023 0.868621
vt 0.491281 0.867909
vt 0.489111 0.790455
vt 0.498840 0.791163
vt 0.499137 0.806586
vt 0.489395 0.805864
vt 0.528052 0.793180
vt 0.537805 0.793781
vt 0.538122 0.809248
vt 0.528367 0.808635
vt 0.491717 0.977414
vt 0.501429 0.978117
vt 0.500658 0.993846
vt 0.490929 0.993146
vt 0.492302 0.914716
vt 0.502042 0.915418
vt 0.502185 0.931055
vt 0.492460 0.930351
vt 0.531257 0.917452
vt 0.541001 0.918082
vt 0.541119 0.933722
vt 0.531377 0.933091
vt 0.264669 0.841121
vt 0.273646 0.839899
vt 0.272808 0.854419
vt 0.263756 0.855505
vt 0.264955 0.783387
vt 0.274209 0.783247
vt 0.274556 0.797271
vt 0.265295 0.797649
vt 0.301067 0.783086
vt 0.309953 0.783039
vt 0.310417 0.796982
vt 0.301339 0.797000
vt 0.187512 0.847288
vt 0.197341 0.846467
vt 0.196690 0.862055
vt 0.186873 0.862879
vt 0.188881 0.785883
vt 0.198498 0.785331
vt 0.198478 0.800370
vt 0.188790 0.800986
vt 0.227206 0.784272
vt 0.236711 0.784013
vt 0.236951 0.798729
vt 0.227386 0.799083
vt 0.185782 0.972223
vt 0.195382 0.971348
vt 0.196277 0.987074
vt 0.186667 0.987948
vt 0.185335 0.909548
vt 0.195019 0.908653
vt 0.194664 0.924270
vt 0.185026 0.925157
vt 0.223944 0.905704
vt 0.233162 0.904680
vt 0.233098 0.920147
vt 0.223422 0.921313
vt 0.263165 0.363930
vt 0.272772 0.364785
vt 0.272139 0.379875
vt 0.262700 0.379689
vt 0.263097 0.302830
vt 0.272731 0.303277
vt 0.272657 0.318532
vt 0.263206 0.318075
vt 0.301228 0.304156
vt 0.310789 0.304198
vt 0.310681 0.319154
vt 0.301210 0.319133
vt 0.186345 0.363177
vt 0.195772 0.362996
vt 0.195644 0.378384
vt 0.186230 0.378468
vt 0.188164 0.301769
vt 0.197495 0.301270
vt 0.196828 0.316557
vt 0.187440 0.317005
vt 0.225463 0.300064
vt 0.234869 0.300150
vt 0.234708 0.315687
vt 0.225148 0.315633
vt 0.186599 0.485236
vt 0.196036 0.485056
vt 0.196142 0.500183
vt 0.186744 0.500298
vt 0.186159 0.423870
vt 0.195597 0.423925
vt 0.195691 0.439126
vt 0.186238 0.439102
vt 0.224116 0.424323
vt 0.233661 0.424541
vt 0.233688 0.439601
vt 0.224184 0.439423
vt 0.568422 0.361081
vt 0.578241 0.360828
vt 0.578390 0.376340
vt 0.568564 0.376559
vt 0.566959 0.299008
vt 0.576801 0.298678
vt 0.577502 0.314239
vt 0.567674 0.314562
vt 0.606332 0.297945
vt 0.616170 0.297741
vt 0.616848 0.313278
vt 0.607007 0.313490
vt 0.490447 0.362654
vt 0.500103 0.362517
vt 0.500180 0.377728
vt 0.490517 0.377856
vt 0.489018 0.301585
vt 0.498679 0.301380
vt 0.499322 0.316637
vt 0.489796 0.316879
vt 0.527668 0.300724
vt 0.537473 0.300250
vt 0.538236 0.315706
vt 0.528451 0.316120
vt 0.489769 0.484564
vt 0.499542 0.484560
vt 0.498957 0.500015
vt 0.489327 0.499968
vt 0.490681 0.423428
vt 0.500392 0.423308
vt 0.500468 0.438549
vt 0.490712 0.438653
vt 0.529698 0.423305
vt 0.539509 0.423266
vt 0.539686 0.438660
vt 0.529857 0.438657
vt 0.414703 0.361937
vt 0.424246 0.362164
vt 0.424242 0.377651
vt 0.414707 0.377538
vt 0.413736 0.299769
vt 0.422895 0.300622
vt 0.423523 0.315769
vt 0.414233 0.315057
vt 0.450848 0.302081
vt 0.460307 0.302128
vt 0.461068 0.317329
vt 0.451605 0.317231
vt 0.337784 0.364718
vt 0.346801 0.364335
vt 0.347185 0.379193
vt 0.337874 0.379569
vt 0.339387 0.303896
vt 0.348779 0.303342
vt 0.348657 0.318502
vt 0.339125 0.318890
vt 0.376907 0.300222
vt 0.386213 0.299297
vt 0.386143 0.314451
vt 0.377019 0.315084
vt 0.338023 0.485711
vt 0.347598 0.485657
vt 0.347501 0.500693
vt 0.338027 0.500756
vt 0.338150 0.425017
vt 0.347755 0.425018
vt 0.347677 0.439933
vt 0.338144 0.440129
vt 0.376290 0.424269
vt 0.385863 0.424103
vt 0.385858 0.439315
vt 0.376313 0.439446
vt 0.414732 0.123478
vt 0.424466 0.122849
vt 0.424022 0.138645
vt 0.414337 0.139222
vt 0.415630 0.059904
vt 0.425299 0.059244
vt 0.425326 0.075069
vt 0.415626 0.075739
vt 0.454334 0.056838
vt 0.464017 0.055963
vt 0.464157 0.071731
vt 0.454459 0.072614
vt 0.338250 0.124403
vt 0.347646 0.124339
vt 0.347321 0.139530
vt 0.337957 0.139545
vt 0.338708 0.062208
vt 0.348250 0.062017
vt 0.348159 0.077672
vt 0.338628 0.077841
vt 0.377016 0.061441
vt 0.386653 0.061203
vt 0.386579 0.076980
vt 0.376926 0.077181
vt 0.340225 0.243370
vt 0.350022 0.243458
vt 0.350139 0.258805
vt 0.340373 0.258882
vt 0.338162 0.184009
vt 0.347468 0.184411
vt 0.347891 0.199096
vt 0.338571 0.198658
vt 0.375475 0.186110
vt 0.384843 0.186387
vt 0.384920 0.201681
vt 0.375706 0.201214
vt 0.570700 0.111000
vt 0.580519 0.110762
vt 0.580067 0.126426
vt 0.570239 0.126654
vt 0.571108 0.048234
vt 0.580925 0.047956
vt 0.581053 0.063679
vt 0.571240 0.063948
vt 0.610418 0.047474
vt 0.620251 0.047376
vt 0.620372 0.063182
vt 0.610536 0.063234
vt 0.492582 0.116019
vt 0.502215 0.115148
vt 0.501635 0.130742
vt 0.491956 0.131623
vt 0.493080 0.053269
vt 0.502783 0.052413
vt 0.502942 0.068109
vt 0.493239 0.068974
vt 0.531968 0.050144
vt 0.541729 0.049535
vt 0.541875 0.065223
vt 0.532118 0.065829
vt 0.487190 0.240513
vt 0.496947 0.240028
vt 0.496936 0.255357
vt 0.487283 0.255727
vt 0.489588 0.178450
vt 0.499417 0.177576
vt 0.498625 0.193242
vt 0.488792 0.194079
vt 0.528851 0.175134
vt 0.538772 0.174606
vt 0.538106 0.190256
vt 0.528174 0.190778
vt 0.110170 0.362558
vt 0.119869 0.362746
vt 0.119744 0.377976
vt 0.110032 0.377790
vt 0.111746 0.301388
vt 0.121398 0.301526
vt 0.120787 0.316861
vt 0.111075 0.316709
vt 0.150312 0.302080
vt 0.159864 0.302198
vt 0.159105 0.317455
vt 0.149562 0.317368
vt 0.031931 0.360235
vt 0.041751 0.360521
vt 0.041525 0.376021
vt 0.031696 0.375760
vt 0.033228 0.298107
vt 0.043054 0.298425
vt 0.042633 0.313976
vt 0.032824 0.313651
vt 0.072537 0.299592
vt 0.082352 0.300148
vt 0.081807 0.315576
vt 0.072033 0.315108
vt 0.031512 0.484680
vt 0.041371 0.484764
vt 0.041684 0.500326
vt 0.031822 0.500258
vt 0.031119 0.422386
vt 0.040977 0.422562
vt 0.040900 0.438101
vt 0.031048 0.437952
vt 0.070503 0.423026
vt 0.080325 0.423157
vt 0.080218 0.438563
vt 0.070401 0.438471
vt 0.108515 0.114039
vt 0.118223 0.114900
vt 0.119012 0.130467
vt 0.109222 0.129608
vt 0.107918 0.051385
vt 0.117633 0.052205
vt 0.117490 0.067896
vt 0.107780 0.067072
vt 0.146712 0.054953
vt 0.156389 0.055897
vt 0.156257 0.071682
vt 0.146574 0.070691
vt 0.030185 0.110528
vt 0.040003 0.110691
vt 0.040475 0.126349
vt 0.030650 0.126193
vt 0.029654 0.047693
vt 0.039479 0.047886
vt 0.039384 0.063612
vt 0.029567 0.063428
vt 0.068898 0.048870
vt 0.078678 0.049364
vt 0.078558 0.065056
vt 0.068784 0.064571
vt 0.033803 0.235723
vt 0.043777 0.235862
vt 0.043683 0.251607
vt 0.033853 0.251356
vt 0.032295 0.173138
vt 0.042145 0.173297
vt 0.042655 0.188955
vt 0.032797 0.188786
vt 0.071790 0.174094
vt 0.081708 0.174475
vt 0.082302 0.190152
vt 0.072347 0.189779
vt 0.263235 0.124387
vt 0.272623 0.124489
vt 0.272949 0.139639
vt 0.263580 0.139613
vt 0.262492 0.062108
vt 0.272042 0.062310
vt 0.272111 0.077945
vt 0.262574 0.077764
vt 0.300626 0.062663
vt 0.310144 0.062608
vt 0.310126 0.078205
vt 0.300630 0.078257
vt 0.186077 0.122233
vt 0.195918 0.122946
vt 0.196275 0.138808
vt 0.186450 0.138205
vt 0.185437 0.058422
vt 0.195115 0.059166
vt 0.195100 0.074963
vt 0.185386 0.074221
vt 0.224090 0.060906
vt 0.233721 0.061288
vt 0.233802 0.077042
vt 0.224160 0.076685
vt 0.191443 0.242909
vt 0.200976 0.243374
vt 0.200228 0.257461
vt 0.190886 0.257463
vt 0.188668 0.184365
vt 0.197909 0.185447
vt 0.199038 0.200220
vt 0.190176 0.198658
vt 0.226335 0.186143
vt 0.235746 0.185938
vt 0.235907 0.201043
vt 0.226669 0.201351
vt 0.109587 0.853606
vt 0.119313 0.852870
vt 0.118744 0.868374
vt 0.109028 0.869113
vt 0.111397 0.791861
vt 0.121154 0.791196
vt 0.120868 0.806570
vt 0.111109 0.807264
vt 0.150372 0.788952
vt 0.160002 0.788150
vt 0.159764 0.803392
vt 0.150115 0.804229
vt 0.031527 0.857814
vt 0.041315 0.857492
vt 0.040814 0.873054
vt 0.031030 0.873384
vt 0.033082 0.795627
vt 0.042897 0.795340
vt 0.042629 0.810872
vt 0.032818 0.811168
vt 0.072297 0.794142
vt 0.082083 0.793636
vt 0.081799 0.809106
vt 0.072017 0.809629
vt 0.030243 0.983018
vt 0.040069 0.982629
vt 0.040607 0.998368
vt 0.030742 0.998766
vt 0.029884 0.920219
vt 0.039668 0.919865
vt 0.039516 0.935518
vt 0.029727 0.935880
vt 0.068943 0.918423
vt 0.078676 0.917833
vt 0.078534 0.933463
vt 0.068800 0.934058
vt 0.111442 0.607776
vt 0.121025 0.607322
vt 0.121156 0.622428
vt 0.111540 0.622936
vt 0.111573 0.546915
vt 0.121310 0.546778
vt 0.121269 0.561930
vt 0.111593 0.562210
vt 0.149953 0.545178
vt 0.159215 0.544814
vt 0.159051 0.559838
vt 0.149615 0.560209
vt 0.033399 0.609215
vt 0.043236 0.609147
vt 0.043372 0.624657
vt 0.033541 0.624754
vt 0.032837 0.546984
vt 0.042696 0.547007
vt 0.043006 0.562555
vt 0.033160 0.562550
vt 0.072242 0.547035
vt 0.082088 0.547018
vt 0.082280 0.562479
vt 0.072479 0.562525
vt 0.033263 0.733457
vt 0.043093 0.733208
vt 0.043123 0.748739
vt 0.033298 0.748999
vt 0.033406 0.671342
vt 0.043244 0.671161
vt 0.043160 0.686662
vt 0.033323 0.686865
vt 0.072666 0.670412
vt 0.082440 0.670063
vt 0.082358 0.685461
vt 0.072583 0.685835
vt 0.263124 0.605292
vt 0.272501 0.605263
vt 0.272547 0.620323
vt 0.263169 0.620316
vt 0.262831 0.545525
vt 0.272214 0.545520
vt 0.272273 0.560516
vt 0.262907 0.560517
vt 0.300394 0.545653
vt 0.309759 0.545692
vt 0.309767 0.560667
vt 0.300440 0.560644
vt 0.187567 0.605589
vt 0.197095 0.605628
vt 0.197245 0.620931
vt 0.187747 0.620947
vt 0.187130 0.544859
vt 0.196548 0.545075
vt 0.196796 0.560083
vt 0.187351 0.559888
vt 0.224999 0.545484
vt 0.234502 0.545497
vt 0.234636 0.560509
vt 0.225180 0.560493
vt 0.188473 0.725534
vt 0.197959 0.725235
vt 0.198089 0.740355
vt 0.188566 0.740707
vt 0.188496 0.666259
vt 0.197785 0.666322
vt 0.197769 0.680325
vt 0.188695 0.680623
vt 0.225587 0.665433
vt 0.235027 0.665358
vt 0.235090 0.680240
vt 0.225630 0.680224
vt 0.412315 0.846459
vt 0.422187 0.847211
vt 0.422663 0.862893
vt 0.412767 0.862130
vt 0.411747 0.785182
vt 0.421378 0.785627
vt 0.421353 0.800779
vt 0.411645 0.800272
vt 0.450346 0.787546
vt 0.460014 0.788306
vt 0.460223 0.803647
vt 0.450516 0.802818
vt 0.336598 0.838835
vt 0.345284 0.840102
vt 0.346499 0.854155
vt 0.337474 0.853298
vt 0.336484 0.783092
vt 0.345585 0.783213
vt 0.345248 0.797273
vt 0.336163 0.796845
vt 0.373601 0.783928
vt 0.383072 0.784210
vt 0.382766 0.799046
vt 0.373240 0.798633
vt 0.338253 0.962817
vt 0.347782 0.963608
vt 0.347153 0.979429
vt 0.337762 0.978622
vt 0.338749 0.899094
vt 0.348504 0.899531
vt 0.348816 0.915510
vt 0.338887 0.914922
vt 0.377482 0.903212
vt 0.386402 0.905525
vt 0.387678 0.920058
vt 0.378409 0.918610
vt 0.413144 0.605065
vt 0.422652 0.604989
vt 0.422642 0.620392
vt 0.413129 0.620399
vt 0.413662 0.544602
vt 0.423041 0.544371
vt 0.422846 0.559339
vt 0.413436 0.559561
vt 0.450831 0.544354
vt 0.460127 0.544617
vt 0.460251 0.559660
vt 0.450901 0.559327
vt 0.337884 0.605304
vt 0.347267 0.605369
vt 0.347270 0.620390
vt 0.337909 0.620387
vt 0.337923 0.545674
vt 0.347379 0.545624
vt 0.347325 0.560709
vt 0.337955 0.560771
vt 0.375790 0.545432
vt 0.385293 0.545293
vt 0.385104 0.560323
vt 0.375631 0.560475
vt 0.337563 0.725421
vt 0.346807 0.725266
vt 0.346540 0.740055
vt 0.337336 0.740242
vt 0.337817 0.665267
vt 0.347199 0.665349
vt 0.347171 0.680299
vt 0.337839 0.680284
vt 0.375363 0.665379
vt 0.384793 0.665447
vt 0.384754 0.680313
vt 0.375319 0.680290
vt 0.567034 0.609601
vt 0.576863 0.609699
vt 0.576684 0.625221
vt 0.566870 0.625096
vt 0.567295 0.547428
vt 0.577176 0.547453
vt 0.577040 0.563036
vt 0.567178 0.562999
vt 0.606836 0.547472
vt 0.616738 0.547477
vt 0.616589 0.563098
vt 0.606684 0.563086
vt 0.489244 0.607237
vt 0.498806 0.607765
vt 0.498838 0.622979
vt 0.489292 0.622428
vt 0.488757 0.546158
vt 0.498198 0.546539
vt 0.498366 0.561951
vt 0.488829 0.561457
vt 0.527778 0.547119
vt 0.537654 0.547228
vt 0.537639 0.562745
vt 0.527804 0.562615
vt 0.488955 0.729085
vt 0.498593 0.729714
vt 0.498582 0.745049
vt 0.488924 0.744403
vt 0.488823 0.668111
vt 0.498537 0.668595
vt 0.498572 0.683826
vt 0.488952 0.683233
vt 0.527584 0.670170
vt 0.537310 0.670580
vt 0.537294 0.685942
vt 0.527572 0.685497
vt 0.566683 0.733343
vt 0.576447 0.733640
vt 0.576424 0.749140
vt 0.566529 0.748905
vt 0.566618 0.671501
vt 0.576428 0.671718
vt 0.576410 0.687198
vt 0.566601 0.686954
vt 0.605961 0.672200
vt 0.615840 0.672294
vt 0.615811 0.687856
vt 0.605938 0.687752
vt 0.412494 0.725188
vt 0.421983 0.725411
vt 0.421857 0.740517
vt 0.412329 0.740254
vt 0.412980 0.665898
vt 0.422338 0.665936
vt 0.422126 0.680690
vt 0.412839 0.680679
vt 0.450817 0.666195
vt 0.460374 0.666453
vt 0.460238 0.681629
vt 0.450634 0.681307
vt 0.414558 0.971088
vt 0.424142 0.972043
vt 0.423144 0.987775
vt 0.413519 0.986805
vt 0.414271 0.908873
vt 0.424005 0.909601
vt 0.424575 0.925113
vt 0.415052 0.924280
vt 0.453281 0.911878
vt 0.463045 0.912594
vt 0.463296 0.928208
vt 0.453585 0.927475
vt 0.263915 0.725276
vt 0.273209 0.725402
vt 0.273442 0.740197
vt 0.264170 0.740057
vt 0.263357 0.665338
vt 0.272754 0.665342
vt 0.272805 0.680346
vt 0.263421 0.680336
vt 0.300702 0.665399
vt 0.309997 0.665389
vt 0.310005 0.680411
vt 0.300732 0.680402
vt 0.111506 0.730270
vt 0.121241 0.729734
vt 0.121264 0.745113
vt 0.111539 0.745676
vt 0.111666 0.668653
vt 0.121390 0.668080
vt 0.121370 0.683469
vt 0.111610 0.684017
vt 0.150272 0.666605
vt 0.159992 0.666369
vt 0.160207 0.681604
vt 0.150459 0.681994
vt 0.108462 0.978452
vt 0.118174 0.977715
vt 0.118971 0.993429
vt 0.109240 0.994165
vt 0.107814 0.915809
vt 0.117510 0.915069
vt 0.117358 0.930692
vt 0.107667 0.931431
vt 0.146574 0.912753
vt 0.156262 0.911970
vt 0.156055 0.927600
vt 0.146387 0.928382
vt 0.262263 0.243118
vt 0.271859 0.243184
vt 0.271682 0.258482
vt 0.261905 0.258121
vt 0.263852 0.184636
vt 0.273173 0.184216
vt 0.273009 0.198880
vt 0.263702 0.199347
vt 0.301060 0.183559
vt 0.310334 0.183530
vt 0.310498 0.198184
vt 0.301104 0.198215
vt 0.113526 0.239334
vt 0.123560 0.239779
vt 0.123112 0.255363
vt 0.113157 0.255208
vt 0.111449 0.176327
vt 0.121302 0.177208
vt 0.122000 0.192899
vt 0.112083 0.191974
vt 0.150983 0.179511
vt 0.160840 0.180120
vt 0.161454 0.195738
vt 0.151646 0.195137
vt 0.110326 0.484887
vt 0.120154 0.484888
vt 0.120753 0.500318
vt 0.110838 0.500364
vt 0.109700 0.423496
vt 0.119450 0.423648
vt 0.119367 0.438926
vt 0.109605 0.438788
vt 0.148484 0.423985
vt 0.158016 0.423975
vt 0.157842 0.439216
vt 0.148403 0.439400
vt 0.566610 0.236385
vt 0.576522 0.236114
vt 0.576355 0.251796
vt 0.566453 0.252091
vt 0.568446 0.173598
vt 0.578313 0.173386
vt 0.577730 0.189051
vt 0.567846 0.189267
vt 0.607862 0.173133
vt 0.617701 0.173220
vt 0.617150 0.188826
vt 0.607307 0.188768
vt 0.411272 0.243694
vt 0.420236 0.243397
vt 0.420085 0.257344
vt 0.410899 0.256913
vt 0.413008 0.185711
vt 0.422367 0.184976
vt 0.421820 0.200003
vt 0.412574 0.200832
vt 0.450624 0.181904
vt 0.460207 0.180846
vt 0.459561 0.196326
vt 0.449930 0.197153
vt 0.414193 0.484832
vt 0.423635 0.484973
vt 0.423524 0.499934
vt 0.414109 0.499861
vt 0.414496 0.423796
vt 0.424024 0.423757
vt 0.423912 0.439141
vt 0.414391 0.439117
vt 0.452549 0.423646
vt 0.462036 0.423560
vt 0.462019 0.439027
vt 0.452458 0.439108
vt 0.568702 0.485144
vt 0.578586 0.485128
vt 0.578279 0.500709
vt 0.568390 0.500711
vt 0.569023 0.423015
vt 0.578885 0.422898
vt 0.579101 0.438436
vt 0.569235 0.438522
vt 0.608510 0.422553
vt 0.618397 0.422447
vt 0.618620 0.438063
vt 0.608733 0.438156
vt 0.262458 0.485556
vt 0.271899 0.485731
vt 0.272165 0.500791
vt 0.262653 0.500601
vt 0.262276 0.425051
vt 0.271470 0.425278
vt 0.271570 0.439983
vt 0.262150 0.439908
vt 0.300041 0.425152
vt 0.309546 0.425131
vt 0.309554 0.440308
vt 0.300049 0.440304
vt 0.262204 0.964685
vt 0.271723 0.963785
vt 0.272303 0.979569
vt 0.262886 0.980465
vt 0.262472 0.901090
vt 0.272150 0.900199
vt 0.271613 0.915955
vt 0.261795 0.916819
vt 0.300753 0.898785
vt 0.310249 0.898663
vt 0.310011 0.913391
vt 0.300941 0.914130
vt 0.569770 0.982464
vt 0.579582 0.982924
vt 0.579041 0.998665
vt 0.569190 0.998199
vt 0.570278 0.919717
vt 0.580057 0.920154
vt 0.580181 0.935810
vt 0.570399 0.935368
vt 0.609464 0.921034
vt 0.619292 0.921124
vt 0.619433 0.936849
vt 0.609601 0.936726
vt 0.589847 0.920525
vt 0.599649 0.920824
vt 0.599782 0.936497
vt 0.589975 0.936189
vt 0.589231 0.889273
vt 0.599027 0.889551
vt 0.599389 0.905175
vt 0.589590 0.904887
vt 0.608835 0.889731
vt 0.618659 0.889781
vt 0.619025 0.905433
vt 0.609200 0.905369
vt 0.550751 0.918674
vt 0.560510 0.919222
vt 0.560628 0.934868
vt 0.550869 0.934317
vt 0.550152 0.887461
vt 0.559908 0.888002
vt 0.560261 0.903600
vt 0.550504 0.903056
vt 0.569672 0.888490
vt 0.579446 0.888916
vt 0.579803 0.904523
vt 0.570027 0.904091
vt 0.550180 0.981388
vt 0.559969 0.981950
vt 0.559353 0.997681
vt 0.549530 0.997116
vt 0.550829 0.949985
vt 0.560591 0.950540
vt 0.560376 0.966235
vt 0.550605 0.965676
vt 0.570365 0.951044
vt 0.580151 0.951492
vt 0.579953 0.967198
vt 0.570158 0.966744
vt 0.281795 0.899419
vt 0.291286 0.898971
vt 0.291214 0.914438
vt 0.281404 0.915062
vt 0.281854 0.868866
vt 0.291279 0.868506
vt 0.291287 0.883730
vt 0.281819 0.884114
vt 0.300655 0.868304
vt 0.309989 0.868195
vt 0.310138 0.883440
vt 0.300715 0.883537
vt 0.242927 0.903296
vt 0.252793 0.902277
vt 0.252069 0.918014
vt 0.242785 0.918948
vt 0.244657 0.873159
vt 0.253645 0.871472
vt 0.252909 0.886500
vt 0.243427 0.887863
vt 0.262851 0.870179
vt 0.272421 0.869438
vt 0.272268 0.884694
vt 0.262708 0.885587
vt 0.243146 0.966508
vt 0.252675 0.965578
vt 0.253438 0.981365
vt 0.243968 0.982283
vt 0.242366 0.934815
vt 0.251999 0.933727
vt 0.252201 0.949689
vt 0.242629 0.950658
vt 0.261623 0.932813
vt 0.271345 0.931756
vt 0.271416 0.947868
vt 0.261797 0.948801
vt 0.281063 0.425217
vt 0.290541 0.425178
vt 0.290552 0.440267
vt 0.281080 0.440185
vt 0.281360 0.394905
vt 0.290799 0.394737
vt 0.290587 0.410001
vt 0.281093 0.410119
vt 0.300238 0.394698
vt 0.309685 0.394676
vt 0.309577 0.409913
vt 0.300085 0.409949
vt 0.243163 0.424764
vt 0.252623 0.424983
vt 0.252658 0.439875
vt 0.243181 0.439759
vt 0.243216 0.394488
vt 0.252827 0.394788
vt 0.252593 0.410089
vt 0.243130 0.409769
vt 0.262440 0.395101
vt 0.271949 0.395082
vt 0.271600 0.410239
vt 0.262038 0.410297
vt 0.243567 0.485178
vt 0.253023 0.485355
vt 0.253237 0.500421
vt 0.243770 0.500279
vt 0.243245 0.454851
vt 0.252724 0.454959
vt 0.252829 0.470165
vt 0.243371 0.470021
vt 0.262198 0.455015
vt 0.271679 0.455073
vt 0.271776 0.470405
vt 0.262295 0.470292
vt 0.588753 0.422779
vt 0.598628 0.422664
vt 0.598850 0.438249
vt 0.588972 0.438343
vt 0.588378 0.391676
vt 0.598239 0.391512
vt 0.598411 0.407085
vt 0.588540 0.407224
vt 0.608110 0.391355
vt 0.617990 0.391202
vt 0.618179 0.406825
vt 0.608291 0.406953
vt 0.549335 0.423201
vt 0.559174 0.423117
vt 0.559377 0.438589
vt 0.549527 0.438636
vt 0.549038 0.392385
vt 0.558855 0.392217
vt 0.558982 0.407662
vt 0.549152 0.407787
vt 0.568685 0.392039
vt 0.578526 0.391853
vt 0.578676 0.407371
vt 0.568825 0.407523
vt 0.548936 0.485110
vt 0.558819 0.485139
vt 0.558497 0.500692
vt 0.548598 0.500648
vt 0.549472 0.454100
vt 0.559320 0.454085
vt 0.559102 0.469602
vt 0.549237 0.469592
vt 0.569175 0.454048
vt 0.579037 0.453991
vt 0.578843 0.469555
vt 0.568970 0.469589
vt 0.433552 0.423732
vt 0.443063 0.423699
vt 0.442945 0.439155
vt 0.433432 0.439164
vt 0.433721 0.393122
vt 0.443180 0.393214
vt 0.443135 0.408398
vt 0.433647 0.408396
vt 0.452596 0.393281
vt 0.461989 0.393272
vt 0.461964 0.408331
vt 0.452576 0.408389
vt 0.395427 0.423967
vt 0.404970 0.423867
vt 0.404883 0.439136
vt 0.395368 0.439203
vt 0.395514 0.393156
vt 0.405115 0.393071
vt 0.405059 0.408530
vt 0.395485 0.408636
vt 0.414674 0.393035
vt 0.424211 0.393055
vt 0.424135 0.408408
vt 0.414604 0.408452
vt 0.395177 0.484746
vt 0.404701 0.484761
vt 0.404622 0.499852
vt 0.395096 0.499885
vt 0.395311 0.454400
vt 0.404815 0.454382
vt 0.404765 0.469600
vt 0.395255 0.469582
vt 0.414320 0.454428
vt 0.423814 0.454523
vt 0.423728 0.469824
vt 0.414260 0.469683
vt 0.431701 0.184058
vt 0.441155 0.183046
vt 0.440493 0.198168
vt 0.431144 0.199113
vt 0.433328 0.153655
vt 0.442981 0.152716
vt 0.441953 0.167894
vt 0.432561 0.168986
vt 0.452460 0.151463
vt 0.461998 0.150078
vt 0.461007 0.165425
vt 0.451448 0.166655
vt 0.394222 0.186408
vt 0.403619 0.186216
vt 0.403354 0.201463
vt 0.394124 0.201692
vt 0.394760 0.155451
vt 0.404344 0.155243
vt 0.403977 0.170790
vt 0.394463 0.170984
vt 0.413951 0.154830
vt 0.423604 0.154291
vt 0.423069 0.169772
vt 0.413510 0.170359
vt 0.395622 0.245720
vt 0.403351 0.244152
vt 0.402053 0.255107
vt 0.393716 0.255141
vt 0.394232 0.216752
vt 0.403199 0.216403
vt 0.403114 0.230817
vt 0.394534 0.231332
vt 0.412236 0.215664
vt 0.421348 0.214817
vt 0.420789 0.229278
vt 0.411834 0.230011
vt 0.588170 0.173232
vt 0.598019 0.173143
vt 0.597457 0.188793
vt 0.587599 0.188891
vt 0.589359 0.141922
vt 0.599193 0.141832
vt 0.598611 0.157491
vt 0.588771 0.157578
vt 0.609025 0.141824
vt 0.618859 0.141930
vt 0.618285 0.157589
vt 0.608448 0.157486
vt 0.548677 0.174195
vt 0.558568 0.173865
vt 0.557948 0.189536
vt 0.548033 0.189861
vt 0.550004 0.142944
vt 0.559845 0.142584
vt 0.559217 0.158219
vt 0.549354 0.158563
vt 0.569686 0.142299
vt 0.579524 0.142080
vt 0.578926 0.157731
vt 0.569074 0.157945
vt 0.546697 0.237089
vt 0.556672 0.236710
vt 0.556528 0.252442
vt 0.546572 0.252848
vt 0.547438 0.205559
vt 0.557391 0.205233
vt 0.556964 0.220963
vt 0.546994 0.221310
vt 0.567315 0.204956
vt 0.577216 0.204729
vt 0.576810 0.220420
vt 0.566900 0.220667
vt 0.129168 0.423803
vt 0.138854 0.423917
vt 0.138788 0.439266
vt 0.129096 0.439102
vt 0.129325 0.393338
vt 0.138967 0.393443
vt 0.138918 0.408650
vt 0.129251 0.408552
vt 0.148540 0.393538
vt 0.158021 0.393618
vt 0.157979 0.408755
vt 0.148535 0.408727
vt 0.090134 0.423274
vt 0.099927 0.423381
vt 0.099822 0.438704
vt 0.090026 0.438639
vt 0.090385 0.392619
vt 0.100160 0.392821
vt 0.100048 0.408090
vt 0.090263 0.407938
vt 0.109914 0.393013
vt 0.119638 0.393190
vt 0.119548 0.408406
vt 0.109811 0.408242
vt 0.090627 0.484942
vt 0.100479 0.484917
vt 0.100905 0.500408
vt 0.091006 0.500444
vt 0.090075 0.454039
vt 0.099875 0.454068
vt 0.100131 0.469469
vt 0.090306 0.469473
vt 0.109663 0.454116
vt 0.119427 0.454228
vt 0.119773 0.469531
vt 0.109952 0.469471
vt 0.131178 0.178056
vt 0.141088 0.178834
vt 0.141796 0.194486
vt 0.131910 0.193753
vt 0.129623 0.146833
vt 0.139391 0.147532
vt 0.140317 0.163150
vt 0.130409 0.162376
vt 0.149228 0.148254
vt 0.158761 0.149518
vt 0.160107 0.164512
vt 0.150216 0.163827
vt 0.091641 0.174944
vt 0.101574 0.175564
vt 0.102208 0.191157
vt 0.092297 0.190597
vt 0.090293 0.143744
vt 0.100156 0.144384
vt 0.100924 0.159948
vt 0.090996 0.159327
vt 0.110009 0.145165
vt 0.119779 0.145971
vt 0.120610 0.161572
vt 0.110736 0.160689
vt 0.093327 0.237969
vt 0.103377 0.238550
vt 0.103389 0.254322
vt 0.093396 0.253754
vt 0.092797 0.206348
vt 0.102816 0.206913
vt 0.103216 0.222759
vt 0.093140 0.222159
vt 0.112679 0.207698
vt 0.122671 0.208643
vt 0.123253 0.224343
vt 0.113324 0.223499
vt 0.282478 0.183887
vt 0.291773 0.183667
vt 0.291706 0.198308
vt 0.282340 0.198533
vt 0.282451 0.154492
vt 0.291721 0.154480
vt 0.291768 0.169077
vt 0.282507 0.169234
vt 0.300933 0.154442
vt 0.310117 0.154407
vt 0.310209 0.168960
vt 0.300999 0.168986
vt 0.245140 0.185585
vt 0.254509 0.185116
vt 0.254417 0.199916
vt 0.245154 0.200526
vt 0.244744 0.155147
vt 0.254251 0.154991
vt 0.254432 0.170132
vt 0.244975 0.170428
vt 0.263700 0.154789
vt 0.273100 0.154593
vt 0.273201 0.169477
vt 0.263841 0.169793
vt 0.243857 0.243137
vt 0.252835 0.243073
vt 0.252320 0.257543
vt 0.243216 0.256559
vt 0.244942 0.215174
vt 0.254089 0.214507
vt 0.253495 0.228863
vt 0.244444 0.229405
vt 0.263347 0.213949
vt 0.272691 0.213526
vt 0.272224 0.228236
vt 0.262779 0.228482
vt 0.127201 0.914308
vt 0.136888 0.913533
vt 0.136716 0.929161
vt 0.127040 0.929932
vt 0.127940 0.883143
vt 0.137648 0.882360
vt 0.137211 0.897933
vt 0.127513 0.898712
vt 0.147359 0.881569
vt 0.157082 0.880781
vt 0.156621 0.896366
vt 0.146913 0.897149
vt 0.088398 0.917197
vt 0.098111 0.916521
vt 0.097967 0.932144
vt 0.088256 0.932824
vt 0.089091 0.886026
vt 0.098811 0.885357
vt 0.098403 0.900925
vt 0.088687 0.901598
vt 0.108525 0.884649
vt 0.118234 0.883909
vt 0.117813 0.899475
vt 0.108111 0.900215
vt 0.088995 0.979851
vt 0.098736 0.979166
vt 0.099490 0.994879
vt 0.089722 0.995566
vt 0.088291 0.948476
vt 0.098004 0.947795
vt 0.098251 0.963470
vt 0.088529 0.964153
vt 0.107705 0.947081
vt 0.117395 0.946342
vt 0.117657 0.962018
vt 0.107960 0.962756
vt 0.131014 0.667516
vt 0.140527 0.666980
vt 0.140712 0.682410
vt 0.131047 0.682953
vt 0.130799 0.637030
vt 0.140156 0.636553
vt 0.140377 0.651700
vt 0.130934 0.652211
vt 0.149715 0.636255
vt 0.159277 0.636127
vt 0.159655 0.651239
vt 0.150027 0.651376
vt 0.092197 0.669655
vt 0.101938 0.669184
vt 0.101865 0.684547
vt 0.092118 0.685031
vt 0.092251 0.639002
vt 0.101958 0.638602
vt 0.101977 0.653871
vt 0.092251 0.654314
vt 0.111637 0.638127
vt 0.121284 0.637586
vt 0.121369 0.652788
vt 0.111683 0.653357
vt 0.092026 0.731307
vt 0.101771 0.730799
vt 0.101803 0.746225
vt 0.092056 0.746750
vt 0.092041 0.700438
vt 0.101780 0.699948
vt 0.101752 0.715370
vt 0.092012 0.715867
vt 0.111505 0.699425
vt 0.121218 0.698896
vt 0.121210 0.714324
vt 0.111483 0.714849
vt 0.282082 0.665261
vt 0.291372 0.665330
vt 0.291445 0.680350
vt 0.282135 0.680336
vt 0.281972 0.635469
vt 0.291329 0.635477
vt 0.291348 0.650487
vt 0.282113 0.650448
vt 0.300650 0.635464
vt 0.309894 0.635489
vt 0.309989 0.650454
vt 0.300689 0.650465
vt 0.244478 0.665329
vt 0.253926 0.665327
vt 0.253997 0.680304
vt 0.244549 0.680266
vt 0.244423 0.635401
vt 0.253833 0.635346
vt 0.253879 0.650346
vt 0.244446 0.650383
vt 0.263236 0.635348
vt 0.272613 0.635398
vt 0.272694 0.650388
vt 0.263305 0.650348
vt 0.245194 0.725096
vt 0.254576 0.725169
vt 0.254836 0.739968
vt 0.245446 0.739931
vt 0.244706 0.695220
vt 0.254129 0.695291
vt 0.254336 0.710260
vt 0.244943 0.710176
vt 0.263533 0.695355
vt 0.272900 0.695403
vt 0.273035 0.710440
vt 0.263702 0.710355
vt 0.433752 0.910392
vt 0.443513 0.911146
vt 0.443886 0.926720
vt 0.434210 0.925934
vt 0.432992 0.879282
vt 0.442761 0.879974
vt 0.443144 0.895573
vt 0.433313 0.894838
vt 0.452595 0.880677
vt 0.462396 0.881377
vt 0.462746 0.896986
vt 0.452954 0.896282
vt 0.395041 0.907265
vt 0.404562 0.908193
vt 0.405598 0.923334
vt 0.396522 0.922053
vt 0.393393 0.876528
vt 0.403324 0.877112
vt 0.403875 0.892745
vt 0.393992 0.892234
vt 0.413242 0.877832
vt 0.423125 0.878533
vt 0.423567 0.894108
vt 0.413697 0.893388
vt 0.395470 0.968760
vt 0.405000 0.969992
vt 0.403936 0.985695
vt 0.394407 0.984468
vt 0.396749 0.937287
vt 0.406136 0.938669
vt 0.405733 0.954300
vt 0.396221 0.953033
vt 0.415496 0.939745
vt 0.424960 0.940662
vt 0.424795 0.956332
vt 0.415254 0.955386
vt 0.431760 0.665952
vt 0.441278 0.666034
vt 0.441072 0.681049
vt 0.431552 0.680834
vt 0.432126 0.635794
vt 0.441678 0.635821
vt 0.441482 0.650995
vt 0.431993 0.650968
vt 0.451233 0.635911
vt 0.460757 0.636106
vt 0.460568 0.651291
vt 0.451026 0.651087
vt 0.394212 0.665574
vt 0.403585 0.665768
vt 0.403644 0.680531
vt 0.394176 0.680373
vt 0.394211 0.635556
vt 0.403647 0.635642
vt 0.403625 0.650776
vt 0.394216 0.650628
vt 0.413104 0.635704
vt 0.422594 0.635740
vt 0.422499 0.650946
vt 0.413051 0.650886
vt 0.393598 0.725035
vt 0.403036 0.725078
vt 0.402836 0.740092
vt 0.393371 0.739990
vt 0.394031 0.695157
vt 0.403355 0.695139
vt 0.403210 0.710031
vt 0.393811 0.710055
vt 0.412630 0.695190
vt 0.422025 0.695419
vt 0.422042 0.710319
vt 0.412610 0.710094
vt 0.586255 0.671903
vt 0.596100 0.672065
vt 0.596080 0.687597
vt 0.586238 0.687412
vt 0.586367 0.640859
vt 0.596217 0.640968
vt 0.596139 0.656522
vt 0.586292 0.656385
vt 0.606087 0.641060
vt 0.615980 0.641123
vt 0.615890 0.656717
vt 0.606005 0.656636
vt 0.547056 0.670936
vt 0.556827 0.671242
vt 0.556812 0.686659
vt 0.547042 0.686324
vt 0.547178 0.640149
vt 0.556944 0.640385
vt 0.556869 0.655819
vt 0.547101 0.655546
vt 0.566732 0.640575
vt 0.576540 0.640730
vt 0.576465 0.656229
vt 0.566657 0.656042
vt 0.547150 0.732526
vt 0.557060 0.732784
vt 0.556858 0.748377
vt 0.547114 0.747968
vt 0.547036 0.701717
vt 0.556810 0.702075
vt 0.556828 0.717479
vt 0.547048 0.717120
vt 0.566595 0.702410
vt 0.576401 0.702679
vt 0.576407 0.718157
vt 0.566605 0.717869
vt 0.508201 0.669165
vt 0.517881 0.669698
vt 0.517882 0.684981
vt 0.508230 0.684406
vt 0.508353 0.638695
vt 0.518017 0.639147
vt 0.517935 0.654422
vt 0.508267 0.653927
vt 0.527712 0.639532
vt 0.537434 0.639861
vt 0.537354 0.655223
vt 0.527632 0.654852
vt 0.469895 0.666852
vt 0.479405 0.667385
vt 0.479373 0.682593
vt 0.469801 0.682032
vt 0.470284 0.636473
vt 0.479644 0.636990
vt 0.479628 0.652106
vt 0.470075 0.651661
vt 0.489127 0.637600
vt 0.498723 0.638174
vt 0.498630 0.653375
vt 0.489023 0.652808
vt 0.469753 0.727926
vt 0.479338 0.728487
vt 0.479275 0.743779
vt 0.469632 0.743178
vt 0.469711 0.697331
vt 0.479297 0.697865
vt 0.479283 0.713191
vt 0.469721 0.712692
vt 0.488931 0.698479
vt 0.498568 0.699095
vt 0.498576 0.714396
vt 0.488931 0.713779
vt 0.508032 0.546803
vt 0.517906 0.546979
vt 0.517969 0.562453
vt 0.508129 0.562246
vt 0.508718 0.515755
vt 0.518620 0.515915
vt 0.518231 0.531464
vt 0.508346 0.531305
vt 0.528512 0.516046
vt 0.538398 0.516141
vt 0.538013 0.531691
vt 0.528121 0.531595
vt 0.469520 0.545058
vt 0.479058 0.545582
vt 0.479245 0.560795
vt 0.469694 0.560166
vt 0.469549 0.515187
vt 0.479061 0.515297
vt 0.478940 0.530443
vt 0.469408 0.530100
vt 0.488842 0.515433
vt 0.498796 0.515558
vt 0.498493 0.531103
vt 0.488631 0.530849
vt 0.470267 0.606009
vt 0.479804 0.606608
vt 0.479793 0.621820
vt 0.470340 0.621262
vt 0.469911 0.575391
vt 0.479461 0.576068
vt 0.479641 0.591345
vt 0.470101 0.590693
vt 0.489013 0.576753
vt 0.498575 0.577308
vt 0.498827 0.592539
vt 0.489196 0.592011
vt 0.587059 0.547464
vt 0.596944 0.547469
vt 0.596792 0.563073
vt 0.586911 0.563058
vt 0.587823 0.516286
vt 0.597715 0.516270
vt 0.597334 0.531871
vt 0.587443 0.531877
vt 0.607613 0.516251
vt 0.617518 0.516235
vt 0.617136 0.531859
vt 0.607231 0.531864
vt 0.547533 0.547320
vt 0.557415 0.547386
vt 0.557324 0.562944
vt 0.547478 0.562862
vt 0.548283 0.516211
vt 0.558168 0.516260
vt 0.557788 0.531826
vt 0.547902 0.531769
vt 0.568051 0.516286
vt 0.577936 0.516293
vt 0.577556 0.531875
vt 0.567671 0.531860
vt 0.547428 0.609311
vt 0.557222 0.609475
vt 0.557074 0.624938
vt 0.547299 0.624739
vt 0.547526 0.578375
vt 0.557364 0.578480
vt 0.557321 0.593990
vt 0.547508 0.593857
vt 0.567212 0.578553
vt 0.577072 0.578606
vt 0.576992 0.594161
vt 0.567149 0.594087
vt 0.356558 0.665351
vt 0.365949 0.665353
vt 0.365906 0.680287
vt 0.356521 0.680295
vt 0.356603 0.635419
vt 0.365980 0.635404
vt 0.365965 0.650400
vt 0.356573 0.650407
vt 0.375375 0.635420
vt 0.384786 0.635473
vt 0.384794 0.650504
vt 0.375374 0.650429
vt 0.319278 0.665370
vt 0.328553 0.665317
vt 0.328555 0.680333
vt 0.319279 0.680390
vt 0.319250 0.635494
vt 0.328559 0.635530
vt 0.328633 0.650492
vt 0.319279 0.650474
vt 0.337907 0.635524
vt 0.347246 0.635465
vt 0.347208 0.650443
vt 0.337855 0.650493
vt 0.319174 0.725738
vt 0.328354 0.725588
vt 0.328186 0.740465
vt 0.319074 0.740684
vt 0.319265 0.695517
vt 0.328525 0.695451
vt 0.328459 0.710552
vt 0.319233 0.710649
vt 0.337801 0.695376
vt 0.347099 0.695322
vt 0.346981 0.710329
vt 0.337705 0.710437
vt 0.356824 0.545572
vt 0.366289 0.545505
vt 0.366157 0.560550
vt 0.356726 0.560599
vt 0.356902 0.515409
vt 0.366360 0.515312
vt 0.366349 0.530400
vt 0.356863 0.530423
vt 0.375908 0.515203
vt 0.385482 0.515099
vt 0.385418 0.530220
vt 0.375878 0.530337
vt 0.319132 0.545719
vt 0.328511 0.545714
vt 0.328526 0.560739
vt 0.319164 0.560699
vt 0.319120 0.515713
vt 0.328539 0.515665
vt 0.328525 0.530638
vt 0.319124 0.530689
vt 0.337963 0.515620
vt 0.347429 0.515577
vt 0.347384 0.530402
vt 0.337946 0.530532
vt 0.319220 0.605391
vt 0.328574 0.605342
vt 0.328556 0.620382
vt 0.319232 0.620414
vt 0.319196 0.575614
vt 0.328557 0.575680
vt 0.328593 0.590465
vt 0.319203 0.590476
vt 0.337926 0.575608
vt 0.347220 0.575552
vt 0.347268 0.590432
vt 0.337863 0.590460
vt 0.432353 0.544254
vt 0.441630 0.544222
vt 0.441560 0.559180
vt 0.432238 0.559227
vt 0.432725 0.514722
vt 0.441858 0.514766
vt 0.441720 0.529463
vt 0.432448 0.529525
vt 0.450971 0.515151
vt 0.460100 0.515283
vt 0.460073 0.529879
vt 0.450871 0.529698
vt 0.394779 0.545092
vt 0.404240 0.544853
vt 0.404007 0.559827
vt 0.394562 0.560094
vt 0.395040 0.514997
vt 0.404557 0.514892
vt 0.404434 0.529886
vt 0.394943 0.530064
vt 0.414021 0.514796
vt 0.423411 0.514738
vt 0.423243 0.529523
vt 0.413873 0.529696
vt 0.394206 0.605244
vt 0.403663 0.605156
vt 0.403649 0.620408
vt 0.394196 0.620404
vt 0.394356 0.575096
vt 0.403806 0.574850
vt 0.403688 0.589957
vt 0.394231 0.590135
vt 0.413264 0.574615
vt 0.422720 0.574435
vt 0.422671 0.589654
vt 0.413171 0.589787
vt 0.358363 0.900179
vt 0.368069 0.901277
vt 0.368654 0.917089
vt 0.358763 0.916212
vt 0.356625 0.870017
vt 0.365082 0.872299
vt 0.366925 0.886407
vt 0.357774 0.884617
vt 0.373915 0.874468
vt 0.383504 0.875771
vt 0.384386 0.891039
vt 0.375487 0.888815
vt 0.319583 0.898676
vt 0.329118 0.898766
vt 0.329043 0.914469
vt 0.319288 0.914116
vt 0.319326 0.868115
vt 0.328711 0.868126
vt 0.329029 0.883415
vt 0.319533 0.883386
vt 0.338119 0.868292
vt 0.347563 0.868673
vt 0.348194 0.883914
vt 0.338592 0.883593
vt 0.319238 0.961464
vt 0.328738 0.962093
vt 0.328395 0.977902
vt 0.319048 0.977276
vt 0.319384 0.929537
vt 0.329034 0.930153
vt 0.328955 0.946151
vt 0.319381 0.945485
vt 0.338807 0.930756
vt 0.348597 0.931522
vt 0.348238 0.947641
vt 0.338591 0.946855
vt 0.354834 0.783410
vt 0.364178 0.783657
vt 0.363789 0.798196
vt 0.354444 0.797738
vt 0.355478 0.754578
vt 0.364820 0.754584
vt 0.364509 0.769160
vt 0.355164 0.769062
vt 0.374219 0.754647
vt 0.383656 0.754742
vt 0.383369 0.769476
vt 0.373913 0.769301
vt 0.318727 0.782972
vt 0.327534 0.783014
vt 0.327260 0.796495
vt 0.318757 0.796892
vt 0.319011 0.755297
vt 0.327964 0.755046
vt 0.327690 0.769171
vt 0.318715 0.769117
vt 0.337037 0.754810
vt 0.346210 0.754650
vt 0.345891 0.769025
vt 0.336724 0.769070
vt 0.318716 0.838164
vt 0.327695 0.838304
vt 0.328254 0.853045
vt 0.319039 0.853011
vt 0.318367 0.809746
vt 0.327109 0.809985
vt 0.327230 0.823937
vt 0.318432 0.823699
vt 0.335827 0.810646
vt 0.344862 0.811413
vt 0.345001 0.825772
vt 0.336053 0.824632
vt 0.431031 0.786184
vt 0.440702 0.786837
vt 0.440826 0.802092
vt 0.431084 0.801394
vt 0.431251 0.756036
vt 0.440837 0.756598
vt 0.440716 0.771696
vt 0.431101 0.771095
vt 0.450440 0.757215
vt 0.459977 0.757831
vt 0.459946 0.773047
vt 0.450351 0.772357
vt 0.392589 0.784509
vt 0.402148 0.784824
vt 0.401976 0.799843
vt 0.392349 0.799445
vt 0.393118 0.754869
vt 0.402613 0.755034
vt 0.402375 0.769919
vt 0.392860 0.769679
vt 0.412134 0.755256
vt 0.421684 0.755577
vt 0.421502 0.770592
vt 0.411924 0.770209
vt 0.392684 0.845163
vt 0.402479 0.845775
vt 0.402867 0.861412
vt 0.392990 0.860770
vt 0.392277 0.814524
vt 0.401960 0.815003
vt 0.402150 0.830305
vt 0.392433 0.829749
vt 0.411687 0.815515
vt 0.421462 0.816106
vt 0.421746 0.831594
vt 0.411919 0.830908
vt 0.206999 0.665825
vt 0.216201 0.665588
vt 0.216194 0.680220
vt 0.206743 0.680108
vt 0.206807 0.636078
vt 0.216206 0.635860
vt 0.216215 0.650844
vt 0.206885 0.651145
vt 0.225606 0.635648
vt 0.235014 0.635499
vt 0.235015 0.650465
vt 0.225595 0.650603
vt 0.169615 0.666269
vt 0.179106 0.666251
vt 0.179306 0.680988
vt 0.169825 0.681289
vt 0.168830 0.636186
vt 0.178393 0.636289
vt 0.178707 0.651437
vt 0.169226 0.651306
vt 0.187929 0.636310
vt 0.197391 0.636236
vt 0.197550 0.651414
vt 0.188158 0.651480
vt 0.169414 0.726690
vt 0.178967 0.726049
vt 0.179024 0.741240
vt 0.169449 0.741901
vt 0.169670 0.696328
vt 0.179144 0.695812
vt 0.179000 0.710870
vt 0.169479 0.711476
vt 0.188490 0.695291
vt 0.197800 0.695043
vt 0.197866 0.710089
vt 0.188451 0.710359
vt 0.206010 0.545263
vt 0.215498 0.545411
vt 0.215717 0.560420
vt 0.206255 0.560269
vt 0.205718 0.515211
vt 0.215243 0.515243
vt 0.215327 0.530355
vt 0.205813 0.530258
vt 0.224793 0.515270
vt 0.234333 0.515307
vt 0.234399 0.530422
vt 0.224865 0.530406
vt 0.168491 0.544614
vt 0.177774 0.544685
vt 0.177914 0.559742
vt 0.168477 0.559705
vt 0.168285 0.515313
vt 0.177369 0.515185
vt 0.177696 0.529871
vt 0.168353 0.530066
vt 0.186823 0.515174
vt 0.196240 0.515182
vt 0.196347 0.530132
vt 0.186962 0.529988
vt 0.168471 0.605488
vt 0.178025 0.605508
vt 0.178204 0.620885
vt 0.168626 0.620827
vt 0.168483 0.575058
vt 0.177976 0.575032
vt 0.177972 0.590272
vt 0.168500 0.590331
vt 0.187467 0.575075
vt 0.196947 0.575191
vt 0.197006 0.590382
vt 0.187498 0.590309
vt 0.281644 0.545518
vt 0.291030 0.545585
vt 0.291081 0.560619
vt 0.281667 0.560602
vt 0.281376 0.515450
vt 0.290897 0.515612
vt 0.290956 0.530525
vt 0.281541 0.530377
vt 0.300287 0.515680
vt 0.309700 0.515714
vt 0.309733 0.530683
vt 0.300341 0.530630
vt 0.243978 0.545493
vt 0.253419 0.545496
vt 0.253513 0.560469
vt 0.244083 0.560492
vt 0.243836 0.515358
vt 0.253286 0.515416
vt 0.253342 0.530434
vt 0.243893 0.530431
vt 0.262679 0.515465
vt 0.272136 0.515609
vt 0.272158 0.530385
vt 0.262749 0.530421
vt 0.244335 0.605394
vt 0.253735 0.605338
vt 0.253780 0.620335
vt 0.244382 0.620394
vt 0.244185 0.575460
vt 0.253607 0.575417
vt 0.253685 0.590374
vt 0.244277 0.590420
vt 0.263024 0.575388
vt 0.272393 0.575395
vt 0.272451 0.590299
vt 0.263078 0.590325
vt 0.053068 0.670953
vt 0.062875 0.670707
vt 0.062792 0.686156
vt 0.052984 0.686429
vt 0.053208 0.640016
vt 0.062995 0.639838
vt 0.062952 0.655270
vt 0.053150 0.655485
vt 0.072767 0.639614
vt 0.082520 0.639336
vt 0.082503 0.654690
vt 0.072737 0.655008
vt 0.013687 0.671675
vt 0.023553 0.671508
vt 0.023471 0.687051
vt 0.013608 0.687238
vt 0.013868 0.640520
vt 0.023734 0.640404
vt 0.023652 0.655959
vt 0.013787 0.656102
vt 0.033579 0.640288
vt 0.043403 0.640161
vt 0.043332 0.655663
vt 0.033500 0.655818
vt 0.013564 0.733901
vt 0.023419 0.733683
vt 0.023460 0.749228
vt 0.013611 0.749442
vt 0.013553 0.702797
vt 0.023414 0.702593
vt 0.023395 0.718137
vt 0.013535 0.718353
vt 0.033263 0.702390
vt 0.043099 0.702168
vt 0.043077 0.717684
vt 0.033243 0.717921
vt 0.052548 0.547025
vt 0.062395 0.547035
vt 0.062666 0.562548
vt 0.052841 0.562554
vt 0.051884 0.515937
vt 0.061742 0.515973
vt 0.062078 0.531512
vt 0.052226 0.531485
vt 0.071601 0.515992
vt 0.081467 0.515992
vt 0.081780 0.531521
vt 0.071929 0.531524
vt 0.013086 0.546937
vt 0.022968 0.546960
vt 0.023300 0.562545
vt 0.013425 0.562540
vt 0.012412 0.515728
vt 0.022291 0.515780
vt 0.022636 0.531371
vt 0.012755 0.531333
vt 0.032162 0.515836
vt 0.042025 0.515890
vt 0.042369 0.531451
vt 0.032507 0.531412
vt 0.013667 0.609340
vt 0.023542 0.609280
vt 0.023691 0.624844
vt 0.013820 0.624931
vt 0.013535 0.578143
vt 0.023412 0.578130
vt 0.023440 0.593709
vt 0.013564 0.593745
vt 0.033271 0.578115
vt 0.043112 0.578098
vt 0.043139 0.593629
vt 0.033299 0.593670
vt 0.130992 0.546324
vt 0.140524 0.545702
vt 0.140174 0.560773
vt 0.130619 0.561446
vt 0.130934 0.515798
vt 0.140608 0.515774
vt 0.140683 0.530728
vt 0.131115 0.531134
vt 0.149977 0.515664
vt 0.159184 0.515508
vt 0.159215 0.530088
vt 0.150085 0.530410
vt 0.091930 0.546988
vt 0.101761 0.546959
vt 0.101839 0.562340
vt 0.092067 0.562415
vt 0.091344 0.515974
vt 0.101241 0.515950
vt 0.101490 0.531496
vt 0.091633 0.531507
vt 0.111156 0.515911
vt 0.121035 0.515799
vt 0.121218 0.531386
vt 0.111349 0.531474
vt 0.092109 0.608414
vt 0.101798 0.608134
vt 0.101884 0.623360
vt 0.092194 0.623706
vt 0.092074 0.577787
vt 0.101813 0.577650
vt 0.101760 0.592900
vt 0.092057 0.593112
vt 0.111536 0.577442
vt 0.121123 0.577116
vt 0.120994 0.592210
vt 0.111414 0.592610
vt 0.049439 0.919444
vt 0.059197 0.918961
vt 0.059052 0.934602
vt 0.049291 0.935090
vt 0.050118 0.888227
vt 0.059876 0.887758
vt 0.059482 0.903347
vt 0.049724 0.903823
vt 0.069624 0.887232
vt 0.079362 0.886653
vt 0.078962 0.902230
vt 0.069227 0.902814
vt 0.010276 0.920695
vt 0.020086 0.920501
vt 0.019925 0.936172
vt 0.010109 0.936384
vt 0.010967 0.889398
vt 0.020773 0.889234
vt 0.020379 0.904855
vt 0.010572 0.905032
vt 0.030566 0.888973
vt 0.040348 0.888634
vt 0.039955 0.904237
vt 0.030173 0.904584
vt 0.010552 0.983607
vt 0.020405 0.983342
vt 0.020867 0.999100
vt 0.010983 0.999376
vt 0.010094 0.952099
vt 0.019917 0.951869
vt 0.020078 0.967592
vt 0.010243 0.967836
vt 0.029728 0.951567
vt 0.039524 0.951197
vt 0.039707 0.966902
vt 0.029900 0.967280
vt 0.052705 0.794997
vt 0.062505 0.794596
vt 0.062228 0.810100
vt 0.052432 0.810516
vt 0.052936 0.763957
vt 0.062735 0.763589
vt 0.062669 0.779093
vt 0.052868 0.779477
vt 0.072524 0.763171
vt 0.082303 0.762705
vt 0.082244 0.778170
vt 0.072461 0.778656
vt 0.013424 0.796032
vt 0.023258 0.795857
vt 0.022999 0.811399
vt 0.013170 0.811563
vt 0.013630 0.764977
vt 0.023473 0.764772
vt 0.023413 0.780315
vt 0.013575 0.780505
vt 0.033305 0.764542
vt 0.043126 0.764273
vt 0.043059 0.779807
vt 0.033241 0.780085
vt 0.011918 0.858209
vt 0.021729 0.858058
vt 0.021236 0.873636
vt 0.011429 0.873791
vt 0.012824 0.827101
vt 0.022646 0.826944
vt 0.022212 0.842495
vt 0.012396 0.842647
vt 0.032458 0.826710
vt 0.042261 0.826406
vt 0.041811 0.841944
vt 0.032016 0.842257
vt 0.130903 0.790492
vt 0.140643 0.789744
vt 0.140370 0.805052
vt 0.130621 0.805834
vt 0.131045 0.759861
vt 0.140771 0.759207
vt 0.140746 0.774466
vt 0.131026 0.775170
vt 0.150375 0.758541
vt 0.159957 0.757782
vt 0.160061 0.772945
vt 0.150438 0.773702
vt 0.091861 0.793084
vt 0.101632 0.792491
vt 0.101345 0.807919
vt 0.091575 0.808534
vt 0.092070 0.762195
vt 0.101826 0.761648
vt 0.101784 0.777069
vt 0.092018 0.777639
vt 0.111574 0.761075
vt 0.121312 0.760480
vt 0.121290 0.775836
vt 0.111541 0.776467
vt 0.090120 0.854962
vt 0.099857 0.854305
vt 0.099307 0.869817
vt 0.089580 0.870481
vt 0.091167 0.823993
vt 0.100928 0.823360
vt 0.100414 0.838821
vt 0.090665 0.839468
vt 0.110684 0.822686
vt 0.120437 0.821970
vt 0.119895 0.837402
vt 0.110157 0.838131
vt 0.207421 0.185939
vt 0.216887 0.186228
vt 0.217426 0.201491
vt 0.208200 0.201057
vt 0.206332 0.154917
vt 0.216001 0.155203
vt 0.216402 0.170767
vt 0.206795 0.170506
vt 0.225632 0.155282
vt 0.235207 0.155246
vt 0.235487 0.170639
vt 0.225972 0.170768
vt 0.170673 0.180858
vt 0.179951 0.182381
vt 0.180932 0.197176
vt 0.171197 0.196363
vt 0.167668 0.151564
vt 0.177003 0.153279
vt 0.178188 0.168142
vt 0.169475 0.165983
vt 0.186839 0.154001
vt 0.196605 0.154504
vt 0.197155 0.170092
vt 0.187440 0.169559
vt 0.172142 0.242066
vt 0.181811 0.242472
vt 0.181356 0.257331
vt 0.171735 0.257083
vt 0.171678 0.211785
vt 0.181273 0.212488
vt 0.181714 0.227564
vt 0.172092 0.226990
vt 0.190841 0.213368
vt 0.200043 0.214655
vt 0.200564 0.229105
vt 0.191201 0.228274
vt 0.204785 0.059839
vt 0.214445 0.060423
vt 0.214492 0.076213
vt 0.204805 0.075633
vt 0.205228 0.028368
vt 0.214803 0.028944
vt 0.214544 0.044669
vt 0.204919 0.044088
vt 0.224370 0.029431
vt 0.233931 0.029829
vt 0.233765 0.045552
vt 0.224159 0.045157
vt 0.166070 0.056787
vt 0.175754 0.057627
vt 0.175667 0.073429
vt 0.165956 0.072586
vt 0.166825 0.025331
vt 0.176444 0.026170
vt 0.175997 0.041881
vt 0.166342 0.041041
vt 0.186050 0.026965
vt 0.195644 0.027703
vt 0.195286 0.043418
vt 0.185646 0.042677
vt 0.166388 0.120489
vt 0.176223 0.121399
vt 0.176548 0.137482
vt 0.166620 0.136478
vt 0.165970 0.088467
vt 0.175706 0.089314
vt 0.175866 0.105329
vt 0.166100 0.104388
vt 0.185468 0.090105
vt 0.195229 0.090839
vt 0.195510 0.106860
vt 0.185677 0.106136
vt 0.281578 0.062470
vt 0.291104 0.062582
vt 0.291132 0.078191
vt 0.281628 0.078091
vt 0.281605 0.031128
vt 0.291134 0.031252
vt 0.291103 0.046933
vt 0.281573 0.046813
vt 0.300662 0.031349
vt 0.310190 0.031297
vt 0.310159 0.046969
vt 0.300631 0.047023
vt 0.243332 0.061603
vt 0.252923 0.061871
vt 0.253012 0.077549
vt 0.243420 0.077316
vt 0.243481 0.030186
vt 0.253020 0.030477
vt 0.252932 0.046178
vt 0.243355 0.045892
vt 0.262551 0.030734
vt 0.272078 0.030951
vt 0.272038 0.046643
vt 0.262491 0.046429
vt 0.244338 0.124168
vt 0.253843 0.124314
vt 0.254097 0.139664
vt 0.244539 0.139711
vt 0.243611 0.093030
vt 0.253195 0.093210
vt 0.253414 0.108839
vt 0.243947 0.108626
vt 0.262737 0.093387
vt 0.272249 0.093534
vt 0.272440 0.109057
vt 0.262956 0.108964
vt 0.052010 0.173511
vt 0.061891 0.173776
vt 0.062425 0.189456
vt 0.052528 0.189185
vt 0.050860 0.142208
vt 0.060709 0.142478
vt 0.061311 0.158119
vt 0.051444 0.157854
vt 0.070565 0.142813
vt 0.080427 0.143228
vt 0.081085 0.158836
vt 0.071191 0.158442
vt 0.012632 0.173015
vt 0.022458 0.173046
vt 0.022956 0.188686
vt 0.013132 0.188615
vt 0.011537 0.141751
vt 0.021359 0.141758
vt 0.021915 0.157404
vt 0.012091 0.157392
vt 0.031186 0.141845
vt 0.041019 0.141998
vt 0.041590 0.157645
vt 0.031748 0.157491
vt 0.014086 0.235391
vt 0.023925 0.235570
vt 0.024020 0.251145
vt 0.014196 0.250958
vt 0.013684 0.204138
vt 0.023409 0.204335
vt 0.023518 0.220083
vt 0.013809 0.219813
vt 0.033235 0.204437
vt 0.043091 0.204621
vt 0.043394 0.220285
vt 0.033493 0.220097
vt 0.049296 0.048142
vt 0.059103 0.048466
vt 0.058995 0.064176
vt 0.049194 0.063860
vt 0.049924 0.016676
vt 0.059765 0.017014
vt 0.059362 0.032745
vt 0.049544 0.032413
vt 0.069596 0.017438
vt 0.079413 0.017952
vt 0.078959 0.033662
vt 0.069168 0.033158
vt 0.009990 0.047463
vt 0.019822 0.047558
vt 0.019741 0.063301
vt 0.009911 0.063220
vt 0.010547 0.015965
vt 0.020386 0.016074
vt 0.020049 0.031810
vt 0.010216 0.031708
vt 0.030230 0.016207
vt 0.040077 0.016401
vt 0.039716 0.032146
vt 0.029883 0.031947
vt 0.010547 0.110404
vt 0.020367 0.110429
vt 0.020828 0.126101
vt 0.011008 0.126088
vt 0.009977 0.078967
vt 0.019803 0.079029
vt 0.020016 0.094739
vt 0.010194 0.094696
vt 0.029624 0.079147
vt 0.039438 0.079323
vt 0.039648 0.095016
vt 0.029834 0.094847
vt 0.127337 0.053078
vt 0.137030 0.053999
vt 0.136887 0.069704
vt 0.127192 0.068773
vt 0.128191 0.021708
vt 0.137878 0.022618
vt 0.137343 0.038303
vt 0.127654 0.037390
vt 0.147544 0.023543
vt 0.157192 0.024454
vt 0.156682 0.040159
vt 0.147018 0.039237
vt 0.088442 0.049951
vt 0.098188 0.050629
vt 0.098057 0.066313
vt 0.088316 0.065637
vt 0.089212 0.018556
vt 0.098991 0.019245
vt 0.098490 0.034939
vt 0.088734 0.034257
vt 0.108747 0.020009
vt 0.118481 0.020833
vt 0.117949 0.036518
vt 0.108228 0.035697
vt 0.089015 0.112581
vt 0.098778 0.113256
vt 0.099427 0.128831
vt 0.089614 0.128169
vt 0.088359 0.081310
vt 0.098096 0.081986
vt 0.098328 0.097638
vt 0.088588 0.096960
vt 0.107813 0.082752
vt 0.117514 0.083586
vt 0.117738 0.099261
vt 0.108044 0.098413
vt 0.050827 0.422729
vt 0.060670 0.422884
vt 0.060575 0.438362
vt 0.050742 0.438238
vt 0.051150 0.391754
vt 0.060975 0.391977
vt 0.060815 0.407423
vt 0.050976 0.407236
vt 0.070790 0.392194
vt 0.080594 0.392410
vt 0.080461 0.407776
vt 0.070644 0.407603
vt 0.011386 0.422043
vt 0.021255 0.422209
vt 0.021186 0.437800
vt 0.011312 0.437653
vt 0.011774 0.390862
vt 0.021627 0.391069
vt 0.021418 0.406632
vt 0.011555 0.406446
vt 0.031474 0.391292
vt 0.041315 0.391525
vt 0.041129 0.407038
vt 0.031276 0.406833
vt 0.011767 0.484509
vt 0.021644 0.484593
vt 0.021952 0.500187
vt 0.012074 0.500120
vt 0.011366 0.453273
vt 0.021240 0.453398
vt 0.021397 0.468997
vt 0.011522 0.468893
vt 0.031102 0.453526
vt 0.040953 0.453650
vt 0.041117 0.469205
vt 0.031261 0.469103
vt 0.052883 0.298787
vt 0.062711 0.299174
vt 0.062241 0.314704
vt 0.052440 0.314328
vt 0.053577 0.267621
vt 0.063481 0.267971
vt 0.063167 0.283598
vt 0.053358 0.283215
vt 0.073482 0.268321
vt 0.083296 0.268967
vt 0.082647 0.284733
vt 0.072963 0.284011
vt 0.013584 0.297582
vt 0.023404 0.297827
vt 0.023012 0.313368
vt 0.013198 0.313113
vt 0.014231 0.266508
vt 0.024047 0.266717
vt 0.023946 0.282281
vt 0.014142 0.282051
vt 0.033876 0.266959
vt 0.043719 0.267244
vt 0.043553 0.282851
vt 0.033751 0.282545
vt 0.012273 0.359734
vt 0.022105 0.359974
vt 0.021860 0.375517
vt 0.012018 0.375292
vt 0.012844 0.328646
vt 0.022661 0.328903
vt 0.022367 0.344437
vt 0.012542 0.344186
vt 0.032476 0.329185
vt 0.042286 0.329506
vt 0.042000 0.345018
vt 0.032186 0.344712
vt 0.131025 0.301715
vt 0.140696 0.301911
vt 0.139954 0.317239
vt 0.130399 0.317000
vt 0.132478 0.271026
vt 0.142191 0.271299
vt 0.141510 0.286594
vt 0.131830 0.286364
vt 0.151882 0.271600
vt 0.161526 0.271871
vt 0.160726 0.287005
vt 0.151146 0.286826
vt 0.092161 0.300574
vt 0.101956 0.300996
vt 0.101330 0.316412
vt 0.091575 0.315996
vt 0.093244 0.269459
vt 0.103215 0.270049
vt 0.102559 0.285614
vt 0.092670 0.285079
vt 0.113138 0.270635
vt 0.122775 0.270920
vt 0.122130 0.286224
vt 0.112385 0.286061
vt 0.090697 0.362017
vt 0.100443 0.362312
vt 0.100292 0.377566
vt 0.090532 0.377316
vt 0.091168 0.331373
vt 0.100896 0.331752
vt 0.100626 0.347045
vt 0.090895 0.346707
vt 0.110608 0.332016
vt 0.120297 0.332176
vt 0.120029 0.347483
vt 0.110341 0.347305
vt 0.509236 0.176663
vt 0.519048 0.175795
vt 0.518278 0.191444
vt 0.508498 0.192307
vt 0.510700 0.145470
vt 0.520514 0.144667
vt 0.519774 0.160256
vt 0.510012 0.161042
vt 0.530333 0.143968
vt 0.540165 0.143397
vt 0.539488 0.158996
vt 0.529625 0.159547
vt 0.469970 0.180043
vt 0.479768 0.179265
vt 0.479000 0.194851
vt 0.469252 0.195587
vt 0.471617 0.148926
vt 0.481398 0.148016
vt 0.480551 0.163631
vt 0.470728 0.164432
vt 0.491191 0.147178
vt 0.500968 0.146299
vt 0.500212 0.161932
vt 0.490384 0.162794
vt 0.467782 0.241427
vt 0.477482 0.240977
vt 0.477638 0.256136
vt 0.467992 0.256542
vt 0.468553 0.210991
vt 0.478266 0.210332
vt 0.477692 0.225703
vt 0.467993 0.226253
vt 0.488037 0.209652
vt 0.497864 0.208905
vt 0.497262 0.224533
vt 0.487443 0.225145
vt 0.512497 0.051598
vt 0.522225 0.050837
vt 0.522378 0.066522
vt 0.512653 0.067287
vt 0.511621 0.020230
vt 0.521370 0.019464
vt 0.521897 0.035150
vt 0.512163 0.035912
vt 0.531141 0.018763
vt 0.540932 0.018137
vt 0.541418 0.033838
vt 0.531648 0.034455
vt 0.473699 0.055062
vt 0.483386 0.054156
vt 0.483541 0.069871
vt 0.473848 0.070801
vt 0.472838 0.023669
vt 0.482503 0.022780
vt 0.483053 0.038459
vt 0.473377 0.039352
vt 0.492187 0.021901
vt 0.501893 0.021047
vt 0.502445 0.036725
vt 0.492742 0.037578
vt 0.473273 0.118033
vt 0.482936 0.116987
vt 0.482303 0.132488
vt 0.472645 0.133556
vt 0.473827 0.086562
vt 0.483525 0.085599
vt 0.483312 0.101319
vt 0.473603 0.102322
vt 0.493223 0.084689
vt 0.502923 0.083809
vt 0.502707 0.099500
vt 0.493017 0.100410
vt 0.590752 0.047742
vt 0.600585 0.047589
vt 0.600702 0.063333
vt 0.590874 0.063477
vt 0.590094 0.016265
vt 0.599936 0.016113
vt 0.600315 0.031844
vt 0.590483 0.031999
vt 0.609773 0.015984
vt 0.619607 0.015826
vt 0.619977 0.031588
vt 0.610147 0.031723
vt 0.551507 0.049015
vt 0.561301 0.048584
vt 0.561438 0.064288
vt 0.551649 0.064710
vt 0.550743 0.017597
vt 0.560568 0.017145
vt 0.561007 0.032868
vt 0.551205 0.033309
vt 0.570405 0.016779
vt 0.580249 0.016480
vt 0.580651 0.032220
vt 0.570824 0.032510
vt 0.551078 0.111700
vt 0.560885 0.111309
vt 0.560413 0.126950
vt 0.550590 0.127326
vt 0.551627 0.080392
vt 0.561416 0.079979
vt 0.561229 0.095653
vt 0.551434 0.096056
vt 0.571218 0.079648
vt 0.581029 0.079390
vt 0.580848 0.095084
vt 0.571034 0.095333
vt 0.356792 0.184942
vt 0.366128 0.185558
vt 0.366474 0.200447
vt 0.357198 0.199701
vt 0.356676 0.154933
vt 0.366153 0.155198
vt 0.366043 0.170463
vt 0.356631 0.170023
vt 0.375667 0.155386
vt 0.385203 0.155470
vt 0.384973 0.170959
vt 0.375497 0.170800
vt 0.319606 0.183568
vt 0.328878 0.183728
vt 0.329240 0.198368
vt 0.319884 0.198212
vt 0.319340 0.154386
vt 0.328596 0.154404
vt 0.328651 0.169085
vt 0.319415 0.168979
vt 0.337879 0.154460
vt 0.347253 0.154663
vt 0.347259 0.169614
vt 0.337928 0.169298
vt 0.320709 0.243221
vt 0.330435 0.243274
vt 0.330538 0.258835
vt 0.320624 0.258775
vt 0.320199 0.212977
vt 0.329692 0.213075
vt 0.330159 0.227978
vt 0.320483 0.227972
vt 0.339135 0.213310
vt 0.348539 0.213719
vt 0.349367 0.228400
vt 0.339782 0.228113
vt 0.357812 0.061827
vt 0.367401 0.061639
vt 0.367306 0.077349
vt 0.357719 0.077511
vt 0.357826 0.030443
vt 0.367375 0.030223
vt 0.367415 0.045934
vt 0.357844 0.046135
vt 0.376932 0.030001
vt 0.386487 0.029743
vt 0.386621 0.045459
vt 0.377011 0.045715
vt 0.319661 0.062510
vt 0.329181 0.062378
vt 0.329118 0.077998
vt 0.319620 0.078120
vt 0.319715 0.031191
vt 0.329240 0.031053
vt 0.329217 0.046726
vt 0.319687 0.046863
vt 0.338764 0.030878
vt 0.348291 0.030664
vt 0.348290 0.046345
vt 0.338750 0.046550
vt 0.319484 0.124516
vt 0.328828 0.124465
vt 0.328742 0.139603
vt 0.319418 0.139607
vt 0.319566 0.093677
vt 0.329027 0.093570
vt 0.328929 0.109072
vt 0.319516 0.109153
vt 0.338506 0.093433
vt 0.348018 0.093303
vt 0.347873 0.108893
vt 0.338372 0.108964
vt 0.434975 0.058497
vt 0.444654 0.057695
vt 0.444756 0.073512
vt 0.435039 0.074313
vt 0.434350 0.027048
vt 0.443949 0.026254
vt 0.444400 0.041951
vt 0.434757 0.042749
vt 0.453562 0.025416
vt 0.463191 0.024551
vt 0.463710 0.040240
vt 0.454051 0.041108
vt 0.396302 0.060876
vt 0.405965 0.060449
vt 0.405943 0.076275
vt 0.396246 0.076675
vt 0.396048 0.029406
vt 0.405613 0.028966
vt 0.405862 0.044685
vt 0.396239 0.045124
vt 0.415185 0.028424
vt 0.424763 0.027779
vt 0.425120 0.043487
vt 0.415489 0.044140
vt 0.395350 0.124171
vt 0.405017 0.123893
vt 0.404699 0.139638
vt 0.395073 0.139862
vt 0.396097 0.092526
vt 0.405726 0.092081
vt 0.405329 0.107895
vt 0.395648 0.108339
vt 0.415452 0.091570
vt 0.425208 0.090916
vt 0.424926 0.106816
vt 0.415119 0.107441
vt 0.357232 0.424747
vt 0.366755 0.424483
vt 0.366780 0.439587
vt 0.357130 0.439739
vt 0.356928 0.394066
vt 0.366606 0.393824
vt 0.366755 0.409294
vt 0.357217 0.409569
vt 0.376221 0.393537
vt 0.385872 0.393308
vt 0.385890 0.408793
vt 0.376300 0.409009
vt 0.319065 0.425102
vt 0.328604 0.425064
vt 0.328605 0.440236
vt 0.319070 0.440287
vt 0.319117 0.394624
vt 0.328528 0.394566
vt 0.328562 0.409814
vt 0.319063 0.409864
vt 0.337926 0.394518
vt 0.347380 0.394462
vt 0.347631 0.409794
vt 0.338099 0.409765
vt 0.319098 0.485732
vt 0.328551 0.485727
vt 0.328549 0.500746
vt 0.319116 0.500754
vt 0.319069 0.455447
vt 0.328572 0.455393
vt 0.328559 0.470576
vt 0.319081 0.470606
vt 0.338089 0.455282
vt 0.347640 0.455092
vt 0.347631 0.470382
vt 0.338054 0.470507
vt 0.358231 0.302678
vt 0.367662 0.301773
vt 0.367953 0.316764
vt 0.358415 0.318153
vt 0.359178 0.273194
vt 0.368360 0.272117
vt 0.367907 0.286837
vt 0.358458 0.287770
vt 0.377486 0.270986
vt 0.386332 0.269957
vt 0.386178 0.284383
vt 0.377164 0.285449
vt 0.320350 0.304204
vt 0.329895 0.304155
vt 0.329654 0.319135
vt 0.320165 0.319164
vt 0.320565 0.274271
vt 0.330316 0.274265
vt 0.330123 0.289283
vt 0.320489 0.289306
vt 0.340026 0.274148
vt 0.349649 0.273826
vt 0.349169 0.288613
vt 0.339680 0.289074
vt 0.319383 0.364379
vt 0.328579 0.364420
vt 0.328589 0.379422
vt 0.319244 0.379444
vt 0.319960 0.334225
vt 0.329422 0.334270
vt 0.329036 0.349422
vt 0.319676 0.349321
vt 0.338876 0.334147
vt 0.348590 0.334180
vt 0.348071 0.349652
vt 0.338475 0.349582
vt 0.432134 0.301338
vt 0.441454 0.301829
vt 0.442197 0.316939
vt 0.432838 0.316438
vt 0.430256 0.271889
vt 0.439665 0.272122
vt 0.440558 0.286890
vt 0.431239 0.286478
vt 0.449192 0.272119
vt 0.458784 0.271939
vt 0.459477 0.287007
vt 0.449980 0.287051
vt 0.395443 0.299072
vt 0.404616 0.299105
vt 0.404920 0.314574
vt 0.395544 0.314484
vt 0.394907 0.269535
vt 0.403527 0.269277
vt 0.404120 0.283944
vt 0.395195 0.283975
vt 0.412060 0.270572
vt 0.421030 0.271388
vt 0.422051 0.285802
vt 0.413015 0.284871
vt 0.395409 0.361810
vt 0.405094 0.361829
vt 0.405117 0.377505
vt 0.395465 0.377543
vt 0.395514 0.330117
vt 0.405043 0.330251
vt 0.405072 0.346042
vt 0.395408 0.345948
vt 0.414517 0.330590
vt 0.423929 0.331140
vt 0.424157 0.346637
vt 0.414658 0.346256
vt 0.510138 0.423252
vt 0.519905 0.423292
vt 0.520039 0.438596
vt 0.510242 0.438520
vt 0.509942 0.392801
vt 0.519686 0.392778
vt 0.519762 0.408024
vt 0.510014 0.408016
vt 0.529450 0.392684
vt 0.539236 0.392543
vt 0.539336 0.407897
vt 0.529539 0.407985
vt 0.471441 0.423645
vt 0.481019 0.423543
vt 0.481100 0.438815
vt 0.471612 0.438970
vt 0.471427 0.393195
vt 0.480962 0.393114
vt 0.480987 0.408300
vt 0.471440 0.408364
vt 0.490574 0.393030
vt 0.500236 0.392913
vt 0.500290 0.408099
vt 0.490613 0.408212
vt 0.470404 0.485116
vt 0.480023 0.484869
vt 0.479518 0.500124
vt 0.469902 0.500213
vt 0.471341 0.454385
vt 0.480976 0.454093
vt 0.480616 0.469515
vt 0.470935 0.469818
vt 0.490652 0.453911
vt 0.500373 0.453842
vt 0.499959 0.469167
vt 0.490168 0.469252
vt 0.508242 0.301234
vt 0.517877 0.301089
vt 0.518675 0.316393
vt 0.508950 0.316515
vt 0.507024 0.270738
vt 0.516705 0.270175
vt 0.517172 0.285733
vt 0.507438 0.285882
vt 0.526659 0.269566
vt 0.536653 0.269051
vt 0.536910 0.284700
vt 0.527026 0.285226
vt 0.469827 0.302025
vt 0.479403 0.301823
vt 0.480177 0.317133
vt 0.470592 0.317279
vt 0.468418 0.271652
vt 0.478068 0.271301
vt 0.478656 0.286554
vt 0.469041 0.286824
vt 0.487726 0.270959
vt 0.497394 0.270693
vt 0.498007 0.286042
vt 0.488309 0.286263
vt 0.471324 0.362918
vt 0.480829 0.362783
vt 0.480894 0.377962
vt 0.471428 0.378100
vt 0.471136 0.332571
vt 0.480667 0.332422
vt 0.480743 0.347552
vt 0.471376 0.347813
vt 0.490117 0.332094
vt 0.499709 0.331937
vt 0.499968 0.347251
vt 0.490299 0.347390
vt 0.586646 0.298401
vt 0.596490 0.298162
vt 0.597170 0.313715
vt 0.587335 0.313961
vt 0.586159 0.267195
vt 0.596017 0.266986
vt 0.595972 0.282583
vt 0.586150 0.282809
vt 0.605865 0.266812
vt 0.615706 0.266658
vt 0.615622 0.282204
vt 0.605796 0.282385
vt 0.547291 0.299795
vt 0.557122 0.299380
vt 0.557851 0.314915
vt 0.548038 0.315298
vt 0.546601 0.268568
vt 0.556517 0.268139
vt 0.556646 0.283782
vt 0.546785 0.284213
vt 0.566412 0.267768
vt 0.576291 0.267453
vt 0.576324 0.283079
vt 0.566491 0.283405
vt 0.548822 0.361596
vt 0.558615 0.361337
vt 0.558748 0.376777
vt 0.548945 0.376991
vt 0.548417 0.330764
vt 0.558211 0.330419
vt 0.558445 0.345888
vt 0.548658 0.346192
vt 0.568021 0.330092
vt 0.577843 0.329784
vt 0.578062 0.345312
vt 0.568247 0.345596
vt 0.205072 0.424015
vt 0.214584 0.424138
vt 0.214674 0.439278
vt 0.205171 0.439187
vt 0.205010 0.393670
vt 0.214511 0.393756
vt 0.214527 0.408998
vt 0.205014 0.408874
vt 0.224051 0.393939
vt 0.233616 0.394225
vt 0.233618 0.409482
vt 0.224079 0.409196
vt 0.167340 0.423837
vt 0.176747 0.423849
vt 0.176784 0.439141
vt 0.167310 0.439176
vt 0.167447 0.393668
vt 0.176794 0.393665
vt 0.176752 0.408733
vt 0.167376 0.408733
vt 0.186155 0.393647
vt 0.195560 0.393640
vt 0.195553 0.408793
vt 0.186137 0.408750
vt 0.168255 0.485670
vt 0.177223 0.485531
vt 0.177410 0.500474
vt 0.168267 0.500680
vt 0.167412 0.454748
vt 0.176880 0.454648
vt 0.177040 0.470172
vt 0.167631 0.470326
vt 0.186346 0.454521
vt 0.195823 0.454439
vt 0.195927 0.469786
vt 0.186464 0.469945
vt 0.206793 0.300676
vt 0.216090 0.300179
vt 0.215646 0.315712
vt 0.206218 0.316068
vt 0.208244 0.271031
vt 0.217020 0.270206
vt 0.216555 0.284929
vt 0.207451 0.285594
vt 0.225801 0.269699
vt 0.234667 0.269894
vt 0.234937 0.284831
vt 0.225695 0.284704
vt 0.169353 0.302218
vt 0.178784 0.302087
vt 0.178032 0.317310
vt 0.168592 0.317453
vt 0.171108 0.272068
vt 0.180616 0.272123
vt 0.179677 0.287017
vt 0.170237 0.287089
vt 0.190011 0.271989
vt 0.199236 0.271643
vt 0.198294 0.286259
vt 0.189035 0.286743
vt 0.167530 0.363390
vt 0.176941 0.363321
vt 0.176844 0.378538
vt 0.167454 0.378564
vt 0.168034 0.332760
vt 0.177475 0.332635
vt 0.177120 0.347998
vt 0.167686 0.348097
vt 0.186896 0.332371
vt 0.196315 0.332004
vt 0.195971 0.347509
vt 0.186539 0.347788
vt 0.282179 0.303759
vt 0.291675 0.304065
vt 0.291734 0.319062
vt 0.282283 0.318764
vt 0.281684 0.273993
vt 0.291390 0.274135
vt 0.291543 0.289150
vt 0.281955 0.288925
vt 0.301127 0.274183
vt 0.310856 0.274216
vt 0.310837 0.289272
vt 0.301187 0.289221
vt 0.244453 0.300615
vt 0.253771 0.301853
vt 0.253610 0.316975
vt 0.244127 0.315860
vt 0.243789 0.270907
vt 0.253175 0.271982
vt 0.253443 0.286941
vt 0.244097 0.285646
vt 0.262467 0.273003
vt 0.272020 0.273651
vt 0.272466 0.288434
vt 0.263090 0.287714
vt 0.243794 0.363339
vt 0.253434 0.363519
vt 0.253169 0.379173
vt 0.243466 0.378950
vt 0.244150 0.331240
vt 0.253518 0.332363
vt 0.254398 0.347871
vt 0.244366 0.347353
vt 0.263116 0.333760
vt 0.272868 0.333864
vt 0.272543 0.349309
vt 0.263443 0.348879
vt 0.204712 0.907775
vt 0.214327 0.906885
vt 0.213899 0.922359
vt 0.204292 0.923354
vt 0.205849 0.876797
vt 0.215659 0.875939
vt 0.214963 0.891425
vt 0.205246 0.892269
vt 0.225460 0.875186
vt 0.235217 0.874348
vt 0.234156 0.889464
vt 0.224672 0.890620
vt 0.165953 0.911184
vt 0.175646 0.910383
vt 0.175376 0.926001
vt 0.165718 0.926811
vt 0.166819 0.880002
vt 0.176584 0.879228
vt 0.176072 0.894801
vt 0.166340 0.895586
vt 0.186282 0.878458
vt 0.196060 0.877616
vt 0.195478 0.893144
vt 0.185822 0.893982
vt 0.166534 0.973872
vt 0.176166 0.973062
vt 0.177039 0.988787
vt 0.167395 0.989596
vt 0.165705 0.942470
vt 0.175340 0.941658
vt 0.175599 0.957349
vt 0.165971 0.958160
vt 0.184962 0.940813
vt 0.194569 0.939929
vt 0.194811 0.955629
vt 0.185213 0.956507
vt 0.208097 0.784903
vt 0.217667 0.784563
vt 0.217786 0.799460
vt 0.208149 0.799874
vt 0.207783 0.755138
vt 0.217287 0.754944
vt 0.217486 0.769761
vt 0.207959 0.770029
vt 0.226775 0.754812
vt 0.236240 0.754717
vt 0.236472 0.769380
vt 0.226988 0.769547
vt 0.169608 0.787337
vt 0.179251 0.786560
vt 0.179097 0.801710
vt 0.169411 0.802510
vt 0.169554 0.757060
vt 0.179138 0.756384
vt 0.179236 0.771478
vt 0.169617 0.772196
vt 0.188702 0.755819
vt 0.198251 0.755408
vt 0.198404 0.770382
vt 0.188829 0.770863
vt 0.167944 0.848900
vt 0.177707 0.848087
vt 0.177085 0.863676
vt 0.167381 0.864418
vt 0.169111 0.817851
vt 0.178748 0.817042
vt 0.178276 0.832542
vt 0.168559 0.833342
vt 0.188538 0.816271
vt 0.198309 0.815582
vt 0.197931 0.830958
vt 0.188107 0.831729
vt 0.283295 0.783176
vt 0.292237 0.783151
vt 0.292726 0.796971
vt 0.283693 0.797012
vt 0.282883 0.754920
vt 0.291942 0.755142
vt 0.292019 0.769198
vt 0.283059 0.769134
vt 0.300979 0.755355
vt 0.310125 0.755542
vt 0.309320 0.769904
vt 0.301024 0.769297
vt 0.246179 0.783784
vt 0.255604 0.783574
vt 0.255922 0.798024
vt 0.246467 0.798382
vt 0.245686 0.754653
vt 0.255093 0.754630
vt 0.255331 0.769149
vt 0.245926 0.769247
vt 0.264443 0.754661
vt 0.273713 0.754755
vt 0.273931 0.769084
vt 0.264675 0.769090
vt 0.245840 0.842988
vt 0.255345 0.842193
vt 0.254851 0.857028
vt 0.245459 0.858199
vt 0.246504 0.813082
vt 0.255973 0.812561
vt 0.255668 0.827264
vt 0.246198 0.827917
vt 0.265348 0.811978
vt 0.274576 0.811314
vt 0.274219 0.825574
vt 0.265011 0.826468
vt 0.511780 0.916112
vt 0.521518 0.916793
vt 0.521642 0.932431
vt 0.511912 0.931750
vt 0.511185 0.884899
vt 0.520923 0.885583
vt 0.521270 0.901177
vt 0.511530 0.900496
vt 0.530662 0.886243
vt 0.540404 0.886872
vt 0.540755 0.902465
vt 0.531011 0.901836
vt 0.472804 0.913303
vt 0.482557 0.914010
vt 0.482736 0.929642
vt 0.473014 0.928928
vt 0.472179 0.882080
vt 0.481946 0.882786
vt 0.482288 0.898393
vt 0.472523 0.897689
vt 0.491700 0.883495
vt 0.501445 0.884201
vt 0.501789 0.899800
vt 0.492042 0.899098
vt 0.472332 0.975983
vt 0.482017 0.976703
vt 0.481211 0.992437
vt 0.471506 0.991719
vt 0.473076 0.944579
vt 0.482763 0.945298
vt 0.482538 0.960986
vt 0.472864 0.960265
vt 0.492461 0.946011
vt 0.502168 0.946716
vt 0.501929 0.962404
vt 0.492227 0.961699
vt 0.508572 0.791860
vt 0.518308 0.792536
vt 0.518620 0.807981
vt 0.508877 0.807295
vt 0.508286 0.761064
vt 0.517994 0.761710
vt 0.518103 0.777113
vt 0.508380 0.776451
vt 0.527716 0.762323
vt 0.537452 0.762896
vt 0.537584 0.778331
vt 0.527837 0.777743
vt 0.469645 0.789021
vt 0.479381 0.789740
vt 0.479646 0.805131
vt 0.469881 0.804389
vt 0.469555 0.758446
vt 0.479230 0.759082
vt 0.479250 0.774397
vt 0.469545 0.773716
vt 0.488908 0.759735
vt 0.498592 0.760400
vt 0.498665 0.775770
vt 0.488956 0.775082
vt 0.471273 0.850894
vt 0.481046 0.851621
vt 0.481529 0.867193
vt 0.471764 0.866478
vt 0.470311 0.819823
vt 0.480064 0.820574
vt 0.480543 0.836078
vt 0.470777 0.835334
vt 0.489810 0.821315
vt 0.499551 0.822044
vt 0.500034 0.837538
vt 0.490293 0.836812
vt 0.586741 0.795945
vt 0.596577 0.796223
vt 0.596839 0.811739
vt 0.587029 0.811478
vt 0.586539 0.764772
vt 0.596225 0.765184
vt 0.596164 0.780796
vt 0.586459 0.780412
vt 0.606034 0.765371
vt 0.615873 0.765481
vt 0.615944 0.780952
vt 0.606087 0.780881
vt 0.547569 0.794334
vt 0.557344 0.794829
vt 0.557655 0.810322
vt 0.547884 0.809812
vt 0.547206 0.763413
vt 0.556977 0.763861
vt 0.557112 0.779343
vt 0.547343 0.778868
vt 0.566764 0.764301
vt 0.576595 0.764624
vt 0.576673 0.780138
vt 0.566887 0.779780
vt 0.549243 0.856341
vt 0.559001 0.856875
vt 0.559477 0.872428
vt 0.549722 0.871890
vt 0.548287 0.825305
vt 0.558054 0.825826
vt 0.558514 0.841342
vt 0.548752 0.840814
vt 0.567829 0.826287
vt 0.577614 0.826686
vt 0.578063 0.842219
vt 0.568284 0.841812
vt 0.588327 0.858110
vt 0.598124 0.858373
vt 0.598594 0.873952
vt 0.588799 0.873682
vt 0.587409 0.827013
vt 0.597213 0.827271
vt 0.597652 0.842813
vt 0.587852 0.842556
vt 0.607030 0.827436
vt 0.616862 0.827501
vt 0.617291 0.843036
vt 0.607463 0.842979
vt 0.510277 0.853774
vt 0.520013 0.854465
vt 0.520496 0.870011
vt 0.510760 0.869325
vt 0.509290 0.822758
vt 0.519032 0.823449
vt 0.519510 0.838944
vt 0.509772 0.838251
vt 0.528777 0.824110
vt 0.538528 0.824731
vt 0.538998 0.840233
vt 0.529252 0.839607
vt 0.511154 0.978810
vt 0.520891 0.979490
vt 0.520159 0.995216
vt 0.510401 0.994538
vt 0.511883 0.947412
vt 0.521606 0.948094
vt 0.521366 0.963781
vt 0.511642 0.963100
vt 0.531337 0.948754
vt 0.541078 0.949387
vt 0.540847 0.965076
vt 0.531101 0.964442
vt 0.282623 0.839070
vt 0.291690 0.838526
vt 0.291387 0.853389
vt 0.282128 0.853820
vt 0.283639 0.810683
vt 0.292431 0.810113
vt 0.292077 0.824025
vt 0.283207 0.824695
vt 0.301044 0.809807
vt 0.309578 0.809578
vt 0.309693 0.823633
vt 0.300933 0.823725
vt 0.207142 0.845663
vt 0.216895 0.844933
vt 0.216306 0.860400
vt 0.206503 0.861206
vt 0.208038 0.814994
vt 0.217717 0.814486
vt 0.217401 0.829632
vt 0.207698 0.830252
vt 0.227354 0.814017
vt 0.236954 0.813557
vt 0.236657 0.828512
vt 0.227051 0.829067
vt 0.204964 0.970435
vt 0.214530 0.969481
vt 0.215429 0.985212
vt 0.205865 0.986162
vt 0.204162 0.939006
vt 0.213744 0.938019
vt 0.213967 0.953743
vt 0.204396 0.954710
vt 0.223320 0.936971
vt 0.232889 0.935867
vt 0.233075 0.951694
vt 0.223525 0.952732
vt 0.282124 0.364490
vt 0.291444 0.364255
vt 0.290979 0.379408
vt 0.281620 0.379715
vt 0.282371 0.333898
vt 0.291764 0.334109
vt 0.291635 0.349186
vt 0.282162 0.349152
vt 0.301127 0.334159
vt 0.310525 0.334177
vt 0.310302 0.349241
vt 0.300952 0.349197
vt 0.205250 0.362863
vt 0.214796 0.362838
vt 0.214613 0.378373
vt 0.205101 0.378340
vt 0.205763 0.331633
vt 0.215274 0.331393
vt 0.215004 0.347139
vt 0.205448 0.347259
vt 0.224847 0.331330
vt 0.234487 0.331345
vt 0.234421 0.347228
vt 0.224641 0.347141
vt 0.205528 0.484951
vt 0.215052 0.484912
vt 0.215166 0.500094
vt 0.205635 0.500116
vt 0.205297 0.454434
vt 0.214790 0.454475
vt 0.214915 0.469700
vt 0.205420 0.469706
vt 0.224289 0.454566
vt 0.233774 0.454713
vt 0.233904 0.469869
vt 0.224415 0.469750
vt 0.588072 0.360595
vt 0.597914 0.360384
vt 0.598078 0.375945
vt 0.588229 0.376134
vt 0.587675 0.329513
vt 0.597512 0.329272
vt 0.597728 0.344828
vt 0.587891 0.345057
vt 0.607355 0.329050
vt 0.617200 0.328836
vt 0.617426 0.344408
vt 0.607573 0.344614
vt 0.509798 0.362374
vt 0.519527 0.362287
vt 0.519618 0.377538
vt 0.509881 0.377597
vt 0.509409 0.331817
vt 0.519135 0.331712
vt 0.519390 0.347015
vt 0.509669 0.347114
vt 0.528879 0.331478
vt 0.538640 0.331122
vt 0.538887 0.346501
vt 0.529132 0.346800
vt 0.509405 0.484663
vt 0.519283 0.484833
vt 0.518827 0.500355
vt 0.508871 0.500178
vt 0.510159 0.453846
vt 0.519969 0.453953
vt 0.519662 0.469366
vt 0.509811 0.469220
vt 0.529793 0.454046
vt 0.539630 0.454089
vt 0.539376 0.469554
vt 0.529517 0.469485
vt 0.433734 0.362474
vt 0.443179 0.362782
vt 0.443193 0.378033
vt 0.433738 0.377834
vt 0.433323 0.331713
vt 0.442725 0.332178
vt 0.443038 0.347482
vt 0.433608 0.347083
vt 0.452153 0.332472
vt 0.461622 0.332589
vt 0.461923 0.347861
vt 0.452469 0.347751
vt 0.356068 0.363099
vt 0.365979 0.362189
vt 0.366288 0.378093
vt 0.356730 0.378662
vt 0.358347 0.333635
vt 0.367258 0.331554
vt 0.365738 0.346436
vt 0.356860 0.348188
vt 0.376223 0.329964
vt 0.385881 0.330005
vt 0.385634 0.345912
vt 0.375655 0.345810
vt 0.357067 0.485414
vt 0.366572 0.485145
vt 0.366406 0.500246
vt 0.356931 0.500481
vt 0.357158 0.454867
vt 0.366771 0.454742
vt 0.366723 0.469962
vt 0.357165 0.470165
vt 0.376288 0.454596
vt 0.385803 0.454478
vt 0.385742 0.469629
vt 0.376235 0.469765
vt 0.434250 0.122061
vt 0.444088 0.121199
vt 0.443619 0.137149
vt 0.433777 0.137943
vt 0.434971 0.090143
vt 0.444733 0.089311
vt 0.444476 0.105226
vt 0.434724 0.106033
vt 0.454379 0.088440
vt 0.464125 0.087553
vt 0.463977 0.103363
vt 0.454228 0.104334
vt 0.357004 0.124221
vt 0.366543 0.124259
vt 0.366337 0.139786
vt 0.356809 0.139629
vt 0.357563 0.093188
vt 0.367131 0.093061
vt 0.366873 0.108695
vt 0.357322 0.108742
vt 0.376739 0.092936
vt 0.386412 0.092788
vt 0.386060 0.108529
vt 0.376482 0.108669
vt 0.359767 0.243582
vt 0.369290 0.243708
vt 0.369180 0.257933
vt 0.359771 0.258496
vt 0.357889 0.214321
vt 0.367150 0.215106
vt 0.368206 0.229495
vt 0.358871 0.228859
vt 0.376279 0.216025
vt 0.385283 0.216770
vt 0.385949 0.231391
vt 0.377285 0.230352
vt 0.590342 0.110588
vt 0.600167 0.110479
vt 0.599723 0.126162
vt 0.589895 0.126261
vt 0.590849 0.079197
vt 0.600675 0.079064
vt 0.600493 0.094779
vt 0.590668 0.094901
vt 0.610507 0.078986
vt 0.620342 0.078982
vt 0.620154 0.094763
vt 0.610322 0.094724
vt 0.511970 0.114283
vt 0.521727 0.113486
vt 0.521176 0.129084
vt 0.511402 0.129879
vt 0.512633 0.082974
vt 0.522355 0.082199
vt 0.522140 0.097858
vt 0.512415 0.098647
vt 0.532094 0.081502
vt 0.541852 0.080898
vt 0.541652 0.096555
vt 0.531886 0.097156
vt 0.506757 0.239373
vt 0.516741 0.238668
vt 0.516852 0.254538
vt 0.506869 0.255117
vt 0.507739 0.208009
vt 0.517665 0.207106
vt 0.517136 0.222808
vt 0.507141 0.223715
vt 0.527536 0.206400
vt 0.537446 0.205941
vt 0.536979 0.221707
vt 0.526990 0.222160
vt 0.129530 0.362895
vt 0.139153 0.363034
vt 0.139056 0.378249
vt 0.129418 0.378128
vt 0.129951 0.332273
vt 0.139519 0.332525
vt 0.139225 0.347832
vt 0.129666 0.347626
vt 0.149049 0.332682
vt 0.158566 0.332751
vt 0.158242 0.348037
vt 0.148779 0.347938
vt 0.051563 0.360810
vt 0.061366 0.361102
vt 0.061161 0.376538
vt 0.051347 0.376280
vt 0.052089 0.329842
vt 0.061880 0.330198
vt 0.061598 0.345659
vt 0.051804 0.345333
vt 0.071658 0.330572
vt 0.081419 0.330978
vt 0.081144 0.346352
vt 0.071378 0.345998
vt 0.051225 0.484838
vt 0.061076 0.484896
vt 0.061401 0.500431
vt 0.051543 0.500386
vt 0.050795 0.453762
vt 0.060628 0.453860
vt 0.060806 0.469371
vt 0.050965 0.469296
vt 0.070452 0.453939
vt 0.080267 0.453998
vt 0.080476 0.469461
vt 0.070644 0.469427
vt 0.127898 0.115823
vt 0.137487 0.116695
vt 0.138438 0.132189
vt 0.128693 0.131305
vt 0.127205 0.084470
vt 0.136893 0.085414
vt 0.137089 0.101090
vt 0.127416 0.100157
vt 0.146574 0.086445
vt 0.156250 0.087539
vt 0.156362 0.103355
vt 0.146780 0.102153
vt 0.049818 0.110915
vt 0.059629 0.111204
vt 0.060130 0.126844
vt 0.050301 0.126566
vt 0.049246 0.079563
vt 0.059044 0.079870
vt 0.059257 0.095547
vt 0.049456 0.095248
vt 0.068830 0.080257
vt 0.078603 0.080733
vt 0.078826 0.096391
vt 0.069048 0.095924
vt 0.053548 0.236299
vt 0.063436 0.236616
vt 0.063455 0.252327
vt 0.053420 0.252099
vt 0.052967 0.204879
vt 0.062871 0.205167
vt 0.063206 0.220892
vt 0.053289 0.220587
vt 0.072806 0.205507
vt 0.082779 0.205895
vt 0.083122 0.221681
vt 0.073148 0.221259
vt 0.282046 0.124526
vt 0.291421 0.124537
vt 0.291503 0.139678
vt 0.282198 0.139679
vt 0.281732 0.093658
vt 0.291197 0.093741
vt 0.291305 0.109205
vt 0.281883 0.109148
vt 0.300653 0.093786
vt 0.310111 0.093745
vt 0.310113 0.109198
vt 0.300710 0.109232
vt 0.205709 0.123485
vt 0.215501 0.123794
vt 0.215706 0.139593
vt 0.206020 0.139286
vt 0.204971 0.091489
vt 0.214676 0.092049
vt 0.215042 0.107897
vt 0.205325 0.107439
vt 0.224370 0.092503
vt 0.234003 0.092821
vt 0.234347 0.108520
vt 0.224677 0.108353
vt 0.210206 0.244006
vt 0.219340 0.245647
vt 0.217139 0.256729
vt 0.209212 0.257293
vt 0.209025 0.215759
vt 0.217985 0.216480
vt 0.218368 0.231111
vt 0.209646 0.230065
vt 0.226909 0.216303
vt 0.235901 0.215866
vt 0.235644 0.230111
vt 0.227119 0.230644
vt 0.129038 0.852100
vt 0.138764 0.851302
vt 0.138173 0.866813
vt 0.128458 0.867605
vt 0.130187 0.821212
vt 0.139940 0.820412
vt 0.139364 0.835829
vt 0.129630 0.836633
vt 0.149708 0.819579
vt 0.159371 0.818740
vt 0.158843 0.834134
vt 0.149099 0.835001
vt 0.051094 0.857101
vt 0.060863 0.856649
vt 0.060349 0.872193
vt 0.050587 0.872655
vt 0.052056 0.826037
vt 0.061844 0.825608
vt 0.061376 0.841122
vt 0.051598 0.841564
vt 0.071625 0.825121
vt 0.081399 0.824582
vt 0.080910 0.840070
vt 0.071147 0.840623
vt 0.049882 0.982179
vt 0.059682 0.981671
vt 0.060301 0.997397
vt 0.050461 0.997910
vt 0.049306 0.950763
vt 0.059073 0.950269
vt 0.059278 0.965959
vt 0.049500 0.966461
vt 0.068826 0.949719
vt 0.078565 0.949120
vt 0.078793 0.964800
vt 0.069043 0.965404
vt 0.130535 0.606781
vt 0.140005 0.606286
vt 0.139973 0.621429
vt 0.130656 0.621873
vt 0.130490 0.576565
vt 0.140004 0.575946
vt 0.140027 0.591140
vt 0.130523 0.591703
vt 0.149468 0.575453
vt 0.158987 0.575181
vt 0.159053 0.590488
vt 0.149515 0.590719
vt 0.053055 0.609065
vt 0.062854 0.608961
vt 0.062966 0.624401
vt 0.053179 0.624542
vt 0.052938 0.578075
vt 0.062749 0.578042
vt 0.062771 0.593511
vt 0.052965 0.593577
vt 0.072543 0.577987
vt 0.082317 0.577901
vt 0.082319 0.593283
vt 0.072556 0.593416
vt 0.052909 0.732921
vt 0.062711 0.732588
vt 0.062736 0.748087
vt 0.052936 0.748437
vt 0.052920 0.701915
vt 0.062726 0.701620
vt 0.062699 0.717098
vt 0.052896 0.717412
vt 0.072514 0.701277
vt 0.082286 0.700883
vt 0.082257 0.716325
vt 0.072486 0.716736
vt 0.281870 0.605243
vt 0.291219 0.605288
vt 0.291300 0.620326
vt 0.281917 0.620330
vt 0.281732 0.575448
vt 0.291135 0.575531
vt 0.291158 0.590386
vt 0.281857 0.590300
vt 0.300497 0.575568
vt 0.309862 0.575576
vt 0.309874 0.590465
vt 0.300543 0.590432
vt 0.206591 0.605636
vt 0.216063 0.605594
vt 0.216142 0.620738
vt 0.206709 0.620863
vt 0.206421 0.575323
vt 0.215879 0.575431
vt 0.215978 0.590486
vt 0.206502 0.590451
vt 0.225324 0.575477
vt 0.234758 0.575482
vt 0.234857 0.590459
vt 0.225428 0.590481
vt 0.207428 0.725094
vt 0.216886 0.725032
vt 0.217085 0.740039
vt 0.207596 0.740157
vt 0.207107 0.694921
vt 0.216433 0.695019
vt 0.216674 0.709985
vt 0.207265 0.709983
vt 0.225835 0.695095
vt 0.235270 0.695160
vt 0.235527 0.710113
vt 0.226099 0.710050
vt 0.432074 0.847981
vt 0.441929 0.848730
vt 0.442412 0.864380
vt 0.432552 0.863643
vt 0.431278 0.816788
vt 0.441115 0.817534
vt 0.441490 0.833118
vt 0.431618 0.832340
vt 0.450810 0.818289
vt 0.460552 0.819031
vt 0.460988 0.834584
vt 0.451249 0.833869
vt 0.354254 0.841650
vt 0.363670 0.842882
vt 0.363893 0.857942
vt 0.355008 0.856052
vt 0.354103 0.812178
vt 0.363522 0.812865
vt 0.363589 0.827762
vt 0.354242 0.826784
vt 0.373035 0.813479
vt 0.382631 0.814024
vt 0.382758 0.829171
vt 0.373145 0.828515
vt 0.357329 0.964426
vt 0.366882 0.965313
vt 0.366011 0.981131
vt 0.356572 0.980251
vt 0.358399 0.932283
vt 0.368187 0.933269
vt 0.367548 0.949357
vt 0.357898 0.948445
vt 0.377782 0.934459
vt 0.387321 0.935824
vt 0.386713 0.951679
vt 0.377146 0.950459
vt 0.432192 0.604941
vt 0.441749 0.604976
vt 0.441791 0.620428
vt 0.432204 0.620397
vt 0.432172 0.574355
vt 0.441599 0.574359
vt 0.441655 0.589641
vt 0.432180 0.589585
vt 0.451030 0.574500
vt 0.460444 0.574849
vt 0.460619 0.590176
vt 0.451129 0.589812
vt 0.356624 0.605387
vt 0.365993 0.605382
vt 0.365986 0.620373
vt 0.356624 0.620382
vt 0.356650 0.575542
vt 0.366065 0.575521
vt 0.366012 0.590444
vt 0.356632 0.590452
vt 0.375488 0.575458
vt 0.384919 0.575314
vt 0.384807 0.590295
vt 0.375403 0.590398
vt 0.356088 0.725143
vt 0.365411 0.725070
vt 0.365130 0.739882
vt 0.355805 0.739934
vt 0.356433 0.695272
vt 0.365801 0.695230
vt 0.365637 0.710172
vt 0.356291 0.710237
vt 0.375203 0.695204
vt 0.384622 0.695183
vt 0.384409 0.710092
vt 0.375014 0.710130
vt 0.586709 0.609775
vt 0.596570 0.609836
vt 0.596373 0.625406
vt 0.586520 0.625322
vt 0.586939 0.578643
vt 0.596816 0.578671
vt 0.596716 0.594258
vt 0.586847 0.594215
vt 0.606705 0.578694
vt 0.616604 0.578712
vt 0.616495 0.594317
vt 0.606599 0.594294
vt 0.508477 0.608208
vt 0.518175 0.608560
vt 0.518116 0.623862
vt 0.508452 0.623460
vt 0.508268 0.577629
vt 0.518074 0.577871
vt 0.518185 0.593232
vt 0.508474 0.592935
vt 0.527883 0.578064
vt 0.537699 0.578225
vt 0.537710 0.593671
vt 0.527934 0.593471
vt 0.508250 0.730345
vt 0.517930 0.730958
vt 0.517946 0.746325
vt 0.508255 0.745696
vt 0.508220 0.699699
vt 0.517914 0.700269
vt 0.517902 0.715609
vt 0.508231 0.715014
vt 0.527626 0.700788
vt 0.537280 0.701320
vt 0.537256 0.716741
vt 0.527601 0.716160
vt 0.586248 0.733900
vt 0.596069 0.734149
vt 0.596090 0.749665
vt 0.586263 0.749385
vt 0.586224 0.702912
vt 0.596064 0.703120
vt 0.596061 0.718637
vt 0.586227 0.718406
vt 0.605917 0.703294
vt 0.615784 0.703406
vt 0.615772 0.718946
vt 0.605911 0.718824
vt 0.431493 0.725822
vt 0.441030 0.726337
vt 0.440970 0.741482
vt 0.431401 0.740946
vt 0.431436 0.695738
vt 0.440951 0.696100
vt 0.441010 0.711198
vt 0.431496 0.710723
vt 0.450554 0.696490
vt 0.460229 0.696904
vt 0.460200 0.712184
vt 0.450587 0.711699
vt 0.433746 0.972907
vt 0.443367 0.973720
vt 0.442454 0.989460
vt 0.432792 0.988646
vt 0.434514 0.941521
vt 0.444113 0.942328
vt 0.443949 0.958002
vt 0.434358 0.957189
vt 0.453746 0.943101
vt 0.463403 0.943849
vt 0.463205 0.959532
vt 0.453566 0.958780
vt 0.282460 0.725540
vt 0.291671 0.725682
vt 0.291799 0.740603
vt 0.282648 0.740385
vt 0.282216 0.695447
vt 0.291500 0.695493
vt 0.291574 0.710615
vt 0.282324 0.710527
vt 0.300765 0.695539
vt 0.310015 0.695547
vt 0.310018 0.710694
vt 0.300805 0.710682
vt 0.130985 0.729203
vt 0.140609 0.728674
vt 0.140668 0.743918
vt 0.130976 0.744539
vt 0.130925 0.698377
vt 0.140686 0.697905
vt 0.140630 0.713320
vt 0.130947 0.713811
vt 0.150368 0.697418
vt 0.160066 0.696844
vt 0.159874 0.712116
vt 0.150191 0.712781
vt 0.127872 0.976963
vt 0.137556 0.976202
vt 0.138382 0.991921
vt 0.128684 0.992679
vt 0.127074 0.945585
vt 0.136744 0.944816
vt 0.137015 0.960499
vt 0.127342 0.961264
vt 0.146406 0.944041
vt 0.156060 0.943261
vt 0.156330 0.958950
vt 0.146678 0.959727
vt 0.281534 0.243287
vt 0.291274 0.243394
vt 0.291323 0.258835
vt 0.281516 0.258694
vt 0.282107 0.213240
vt 0.291589 0.213069
vt 0.291417 0.228054
vt 0.281779 0.228107
vt 0.301127 0.213005
vt 0.310670 0.212975
vt 0.310811 0.228013
vt 0.301109 0.228035
vt 0.133269 0.240309
vt 0.142983 0.240791
vt 0.142730 0.256005
vt 0.132998 0.255629
vt 0.132587 0.209416
vt 0.142441 0.210060
vt 0.142916 0.225507
vt 0.133126 0.224969
vt 0.152242 0.210643
vt 0.161989 0.211202
vt 0.162406 0.226494
vt 0.152675 0.226010
vt 0.129926 0.485032
vt 0.139642 0.485472
vt 0.140124 0.500755
vt 0.130376 0.500456
vt 0.129145 0.454412
vt 0.138768 0.454683
vt 0.139053 0.470048
vt 0.129487 0.469739
vt 0.148231 0.454863
vt 0.157842 0.454833
vt 0.158255 0.470389
vt 0.148725 0.470331
vt 0.586414 0.235897
vt 0.596289 0.235736
vt 0.596110 0.251369
vt 0.586239 0.251556
vt 0.587098 0.204556
vt 0.596966 0.204442
vt 0.596572 0.220092
vt 0.586700 0.220227
vt 0.606821 0.204395
vt 0.616668 0.204414
vt 0.616280 0.219987
vt 0.606432 0.220014
vt 0.429495 0.243048
vt 0.438936 0.242671
vt 0.439096 0.257398
vt 0.429532 0.257459
vt 0.430558 0.213987
vt 0.439881 0.213137
vt 0.439322 0.227976
vt 0.429969 0.228613
vt 0.449350 0.212360
vt 0.458904 0.211651
vt 0.458352 0.226803
vt 0.448789 0.227368
vt 0.432998 0.485183
vt 0.442312 0.485314
vt 0.442058 0.500188
vt 0.432893 0.500115
vt 0.433300 0.454620
vt 0.442773 0.454673
vt 0.442551 0.470098
vt 0.433156 0.470002
vt 0.452255 0.454663
vt 0.461772 0.454585
vt 0.461404 0.470042
vt 0.451969 0.470133
vt 0.588472 0.485097
vt 0.598363 0.485057
vt 0.598063 0.500665
vt 0.588170 0.500691
vt 0.588907 0.453921
vt 0.598787 0.453847
vt 0.598606 0.469451
vt 0.588721 0.469506
vt 0.608674 0.453769
vt 0.618567 0.453690
vt 0.618398 0.469325
vt 0.608498 0.469389
vt 0.281401 0.485727
vt 0.290813 0.485724
vt 0.290888 0.500760
vt 0.281543 0.500765
vt 0.281170 0.455260
vt 0.290630 0.455380
vt 0.290722 0.470562
vt 0.281274 0.470497
vt 0.300101 0.455442
vt 0.309579 0.455461
vt 0.309618 0.470613
vt 0.300167 0.470599
vt 0.281228 0.962918
vt 0.290724 0.962100
vt 0.291039 0.977894
vt 0.281685 0.978690
vt 0.281085 0.931067
vt 0.290745 0.930142
vt 0.290627 0.946175
vt 0.281006 0.947024
vt 0.300397 0.929475
vt 0.309884 0.928865
vt 0.309772 0.945061
vt 0.300171 0.945445
vt 0.589405 0.983323
vt 0.599238 0.983658
vt 0.598765 0.999412
vt 0.588900 0.999071
vt 0.589951 0.951877
vt 0.599764 0.952196
vt 0.599582 0.967917
vt 0.589761 0.967590
vt 0.609589 0.952442
vt 0.619426 0.952603
vt 0.619256 0.968376
vt 0.609414 0.968179
vt 0.405210 0.013281
vt 0.414698 0.012747
vt 0.424194 0.012109
vt 0.386237 0.014049
vt 0.395725 0.013714
vt 0.443237 0.010590
vt 0.452795 0.009753
vt 0.462381 0.008888
vt 0.433705 0.011382
vt 0.329275 0.015364
vt 0.338769 0.015196
vt 0.348261 0.014979
vt 0.310271 0.015599
vt 0.319775 0.015497
vt 0.367251 0.014525
vt 0.376746 0.014314
vt 0.357754 0.014750
vt 0.559986 0.001420
vt 0.569885 0.001047
vt 0.579787 0.000748
vt 0.540232 0.002435
vt 0.550100 0.001884
vt 0.599549 0.000387
vt 0.609404 0.000250
vt 0.619245 0.000079
vt 0.589676 0.000539
vt 0.481645 0.007116
vt 0.491326 0.006235
vt 0.501041 0.005377
vt 0.471997 0.008005
vt 0.520574 0.003782
vt 0.530388 0.003071
vt 0.510791 0.004555
vt 0.003024 0.328416
vt 0.002715 0.343959
vt 0.003384 0.312886
vt 0.002436 0.359516
vt 0.002171 0.375087
vt 0.004425 0.266332
vt 0.004341 0.281847
vt 0.004383 0.250817
vt 0.003768 0.297362
vt 0.001481 0.453157
vt 0.001635 0.468800
vt 0.001431 0.437517
vt 0.001879 0.484437
vt 0.002184 0.500066
vt 0.001916 0.390673
vt 0.001688 0.406274
vt 0.001511 0.421889
vt 0.099767 0.003550
vt 0.109563 0.004321
vt 0.119324 0.005151
vt 0.080083 0.002238
vt 0.089939 0.002852
vt 0.138736 0.006941
vt 0.148387 0.007863
vt 0.158005 0.008770
vt 0.129048 0.006030
vt 0.000148 0.078981
vt 0.000370 0.094749
vt 0.000079 0.063189
vt 0.000726 0.110487
vt 0.001187 0.126189
vt 0.020734 0.000344
vt 0.030609 0.000476
vt 0.040500 0.000664
vt 0.000712 0.015829
vt 0.000385 0.031596
vt 0.001035 0.000079
vt 0.010878 0.000228
vt 0.000159 0.047387
vt 0.060309 0.001279
vt 0.070205 0.001714
vt 0.050404 0.000936
vt 0.003783 0.204218
vt 0.004011 0.219769
vt 0.003308 0.188668
vt 0.004266 0.235297
vt 0.001715 0.141856
vt 0.002268 0.157488
vt 0.002807 0.173091
vt 0.253215 0.014764
vt 0.262720 0.015024
vt 0.272227 0.015243
vt 0.234215 0.014110
vt 0.243713 0.014472
vt 0.291248 0.015546
vt 0.300761 0.015645
vt 0.281736 0.015423
vt 0.177160 0.010484
vt 0.186701 0.011277
vt 0.196222 0.012013
vt 0.167595 0.009646
vt 0.215228 0.013239
vt 0.224721 0.013722
vt 0.205729 0.012672
vt 0.002988 0.827175
vt 0.002567 0.842701
vt 0.003327 0.811658
vt 0.002093 0.858247
vt 0.001606 0.873823
vt 0.003777 0.765082
vt 0.003725 0.780614
vt 0.003753 0.749543
vt 0.003577 0.796140
vt 0.000262 0.952242
vt 0.000406 0.968013
vt 0.000281 0.936491
vt 0.000696 0.983797
vt 0.001235 0.999493
vt 0.001145 0.889433
vt 0.000749 0.905081
vt 0.000451 0.920768
vt 0.003641 0.578124
vt 0.003669 0.593736
vt 0.003532 0.562511
vt 0.003774 0.609342
vt 0.003929 0.624949
vt 0.002521 0.515685
vt 0.002863 0.531296
vt 0.003192 0.546903
vt 0.003679 0.702883
vt 0.003667 0.718443
vt 0.003732 0.687315
vt 0.003700 0.733996
vt 0.003977 0.640556
vt 0.003903 0.656154
vt 0.003807 0.671740
s 1
usemtl Material.001
f 4225/1/2 1092/2/2 4/3/2 1837/4/2
f 4224/5/3806 1098/6/990 8/7/5 1833/8/1647
f 4223/9/3805 1099/10/991 9/11/6 1840/12/1651
f 4222/13/2 1096/14/2 7/15/2 1841/16/2
f 4221/17/3804 1114/18/1006 21/19/17 1829/20/1645
f 4220/21/3803 1115/22/1007 22/23/18 1844/24/1654
f 4219/25/3802 1108/26/1000 16/27/12 1845/28/1655
f 4218/29/3801 1118/30/1010 20/31/16 1828/32/1644
f 4217/33/3800 1119/34/1011 23/35/19 1848/36/1658
f 4216/37/3799 1111/38/1003 19/39/15 1849/40/1659
f 4215/41/3798 1122/42/1014 13/43/9 1821/44/1637
f 4214/45/3797 1123/46/1015 24/47/20 1852/48/1662
f 4213/49/3796 1110/50/1002 18/51/14 1853/52/1663
f 4212/53/3795 1126/54/1018 17/55/13 1825/56/1641
f 4211/57/3794 1127/58/1019 25/59/21 1856/60/1666
f 4210/61/3793 1104/62/996 12/63/8 1857/64/1667
f 4209/65/3792 1170/66/1057 65/67/2 1817/68/580
f 4208/69/2823 1171/70/2 66/71/2 1860/72/333
f 4207/73/2 1144/74/2 40/75/2 1861/76/2
f 4206/77/3791 1174/78/1059 64/79/57 1816/80/1633
f 4205/81/3790 1175/82/1060 67/83/58 1864/84/1670
f 4204/85/3789 1167/86/1054 63/87/56 1865/88/1671
f 4203/89/3788 1178/90/1063 33/91/27 1785/92/1602
f 4202/93/3787 1179/94/1064 68/95/59 1868/96/1674
f 4201/97/3786 1166/98/1053 62/99/55 1869/100/1675
f 4200/101/3785 1182/102/1067 61/103/54 1813/104/1630
f 4199/105/3784 1183/106/1068 69/107/60 1872/108/1678
f 4198/109/3783 1150/110/1038 46/111/39 1873/112/1679
f 4197/113/3782 1186/114/1071 60/115/53 1812/116/1629
f 4196/117/2 1187/118/2 70/119/2 1876/120/2
f 4195/121/3781 1163/122/1050 59/123/52 1877/124/1681
f 4194/125/3780 1190/126/1072 29/127/24 1781/128/1599
f 4193/129/3779 1191/130/1073 71/131/61 1880/132/1684
f 4192/133/3778 1162/134/1049 58/135/51 1881/136/1685
f 4191/137/3777 1194/138/1076 57/139/50 1809/140/1626
f 4190/141/3776 1195/142/1077 72/143/62 1884/144/1688
f 4189/145/3775 1151/146/1039 47/147/40 1885/148/1689
f 4188/149/3774 1198/150/1080 56/151/49 1808/152/1625
f 4187/153/3773 1199/154/1081 73/155/63 1888/156/1692
f 4186/157/3772 1159/158/1046 55/159/48 1889/160/1693
f 4185/161/3771 1202/162/1084 36/163/30 1788/164/1605
f 4184/165/3213 1203/166/2 74/167/64 1892/168/1696
f 4183/169/3770 1158/170/1045 54/171/47 1893/172/1697
f 4182/173/3769 1206/174/1086 53/175/46 1805/176/1622
f 4181/177/3768 1207/178/1087 75/179/65 1896/180/1700
f 4180/181/3767 1148/182/700 44/183/37 1897/184/1701
f 4179/185/3766 1210/186/1090 52/187/45 1804/188/1621
f 4178/189/3765 1211/190/1091 76/191/66 1900/192/1704
f 4177/193/3764 1155/194/1042 51/195/44 1901/196/1705
f 4176/197/3763 1214/198/1094 37/199/31 1789/200/1606
f 4175/201/3762 1215/202/1095 77/203/67 1904/204/1708
f 4174/205/3761 1154/206/1041 50/207/43 1905/208/1709
f 4173/209/601 1218/210/348 49/211/42 1801/212/1618
f 4172/213/401 1219/214/2 78/215/2 1908/216/2
f 4171/217/3760 1136/218/1026 32/219/26 1909/220/1711
f 4170/221/3759 1222/222/1099 48/223/41 1800/224/1617
f 4169/225/3758 1223/226/1100 79/227/68 1912/228/1714
f 4168/229/3757 1139/230/1029 35/231/29 1913/232/1715
f 4167/233/3450 1226/234/1103 41/235/34 1793/236/1610
f 4166/237/3756 1227/238/1104 80/239/69 1916/240/1718
f 4165/241/3755 1138/242/1028 34/243/28 1917/244/1719
f 4164/245/3754 1230/246/1107 45/247/38 1797/248/1614
f 4163/249/3753 1231/250/1108 81/251/70 1920/252/1722
f 4162/253/3752 1132/254/2 28/255/2 1921/256/254
f 4161/257/3751 1378/258/1237 225/259/200 1777/260/1596
f 4160/261/3750 1379/262/1238 226/263/201 1924/264/1725
f 4159/265/3749 1276/266/1149 124/267/110 1925/268/1726
f 4158/269/1412 1382/270/2 224/271/199 1776/272/107
f 4157/273/3748 1383/274/2 227/275/2 1928/276/1413
f 4156/277/3747 1375/278/1234 223/279/198 1929/280/1727
f 4155/281/3746 1386/282/1242 101/283/87 1653/284/1487
f 4154/285/3745 1387/286/1243 228/287/202 1932/288/1730
f 4153/289/3744 1374/290/1233 222/291/197 1933/292/1731
f 4152/293/3743 1390/294/1246 221/295/196 1773/296/1593
f 4151/297/3742 1391/298/1247 229/299/203 1936/300/1734
f 4150/301/3741 1282/302/1155 130/303/116 1937/304/1735
f 4149/305/3740 1394/306/1250 220/307/195 1772/308/1592
f 4148/309/3739 1395/310/1251 230/311/204 1940/312/1738
f 4147/313/3738 1371/314/1230 219/315/194 1941/316/1739
f 4146/317/3737 1398/318/1254 97/319/83 1649/320/1484
f 4145/321/3736 1399/322/1255 231/323/205 1944/324/1742
f 4144/325/3735 1370/326/1229 218/327/193 1945/328/1743
f 4143/329/3734 1402/330/1258 217/331/192 1769/332/1589
f 4142/333/3733 1403/334/1259 232/335/206 1948/336/1746
f 4141/337/3732 1283/338/1156 131/339/117 1949/340/1747
f 4140/341/3731 1406/342/1262 216/343/191 1768/344/1588
f 4139/345/3730 1407/346/1263 233/347/207 1952/348/1750
f 4138/349/3729 1367/350/1226 215/351/190 1953/352/1751
f 4137/353/3728 1410/354/1266 104/355/90 1656/356/1490
f 4136/357/3727 1411/358/1267 234/359/208 1956/360/1754
f 4135/361/3726 1366/362/1225 214/363/189 1957/364/1755
f 4134/365/3725 1414/366/1270 213/367/188 1765/368/1585
f 4133/369/3724 1415/370/1271 235/371/209 1960/372/1758
f 4132/373/3723 1280/374/1153 128/375/114 1961/376/1759
f 4131/377/3722 1418/378/1274 212/379/187 1764/380/1584
f 4130/381/3721 1419/382/1275 236/383/210 1964/384/1762
f 4129/385/1274 1363/386/561 211/387/186 1965/388/1763
f 4128/389/3720 1422/390/1278 105/391/91 1657/392/1491
f 4127/393/3719 1423/394/1279 237/395/211 1968/396/1766
f 4126/397/2 1362/398/2 210/399/2 1969/400/2
f 4125/401/3718 1426/402/1281 209/403/185 1761/404/1583
f 4124/405/3717 1427/406/1282 238/407/212 1972/408/1769
f 4123/409/3716 1298/410/1164 146/411/126 1973/412/1770
f 4122/413/3715 1430/414/1285 208/415/184 1760/416/1582
f 4121/417/3714 1431/418/1286 239/419/213 1976/420/1773
f 4120/421/3713 1359/422/1220 207/423/183 1977/424/1774
f 4119/425/3712 1434/426/1289 93/427/79 1645/428/1480
f 4118/429/3711 1435/430/1290 240/431/214 1980/432/1777
f 4117/433/3710 1358/434/1219 206/435/182 1981/436/1778
f 4116/437/3709 1438/438/1293 205/439/181 1757/440/1579
f 4115/441/3708 1439/442/1294 241/443/215 1984/444/1781
f 4114/445/3707 1299/446/1165 147/447/127 1985/448/1782
f 4113/449/3706 1442/450/1297 204/451/180 1756/452/1578
f 4112/453/1299 1443/454/1298 242/455/216 1988/456/1784
f 4111/457/3705 1355/458/1216 203/459/179 1989/460/1785
f 4110/461/3704 1446/462/1301 108/463/94 1660/464/1494
f 4109/465/3703 1447/466/1302 243/467/217 1992/468/1788
f 4108/469/3702 1354/470/1215 202/471/178 1993/472/1789
f 4107/473/3701 1450/474/1305 201/475/177 1753/476/1575
f 4106/477/3700 1451/478/1306 244/479/218 1996/480/1792
f 4105/481/2 1292/482/2 140/483/2 1997/484/2
f 4104/485/3699 1454/486/1309 200/487/176 1752/488/1574
f 4103/489/3698 1455/490/1310 245/491/219 2000/492/1795
f 4102/493/3697 1351/494/1212 199/495/175 2001/496/1796
f 4101/497/3696 1458/498/1313 109/499/95 1661/500/1495
f 4100/501/3695 1459/502/1314 246/503/220 2004/504/1799
f 4099/505/3694 1350/506/1211 198/507/174 2005/508/1800
f 4098/509/172 1462/510/837 197/511/172 1749/512/837
f 4097/513/3693 1463/514/1317 247/515/221 2008/516/1803
f 4096/517/3692 1302/518/1168 150/519/130 2009/520/1804
f 4095/521/3691 1466/522/1320 196/523/173 1748/524/1571
f 4094/525/3690 1467/526/1321 248/527/222 2012/528/1807
f 4093/529/3689 1347/530/1208 195/531/172 2013/532/1808
f 4092/533/3688 1470/534/1324 92/535/78 1644/536/1479
f 4091/537/3687 1471/538/1325 249/539/223 2016/540/1811
f 4090/541/3686 1346/542/1207 194/543/171 2017/544/1812
f 4089/545/3685 1474/546/1328 193/547/170 1745/548/1569
f 4088/549/3684 1475/550/1329 250/551/224 2020/552/1815
f 4087/553/3683 1303/554/1169 151/555/131 2021/556/1816
f 4086/557/3682 1478/558/1332 192/559/169 1744/560/1568
f 4085/561/3681 1479/562/1333 251/563/225 2024/564/1819
f 4084/565/3680 1343/566/1204 191/567/168 2025/568/1820
f 4083/569/3679 1482/570/1336 112/571/98 1664/572/1498
f 4082/573/3678 1483/574/1337 252/575/226 2028/576/1823
f 4081/577/3677 1342/578/1203 190/579/167 2029/580/1824
f 4080/581/3676 1486/582/1340 189/583/166 1741/584/1565
f 4079/585/3675 1487/586/1341 253/587/227 2032/588/1827
f 4078/589/2 1295/590/2 143/591/2 2033/592/2
f 4077/593/3674 1490/594/1344 188/595/165 1740/596/1564
f 4076/597/3673 1491/598/1345 254/599/228 2036/600/1830
f 4075/601/3672 1339/602/1200 187/603/164 2037/604/1831
f 4074/605/3671 1494/606/1348 113/607/99 1665/608/1499
f 4073/609/3670 1495/610/1349 255/611/229 2040/612/1834
f 4072/613/3669 1338/614/1199 186/615/163 2041/616/1835
f 4071/617/3668 1498/618/1352 185/619/162 1737/620/1561
f 4070/621/3667 1499/622/1353 256/623/230 2044/624/1838
f 4069/625/3666 1306/626/1172 154/627/134 2045/628/1839
f 4068/629/3665 1502/630/1356 184/631/161 1736/632/1560
f 4067/633/3664 1503/634/1357 257/635/231 2048/636/1842
f 4066/637/3663 1335/638/1196 183/639/160 2049/640/1843
f 4065/641/107 1506/642/1360 85/643/2 1637/644/107
f 4064/645/3662 1507/646/1361 258/647/232 2052/648/1846
f 4063/649/3661 1334/650/1195 182/651/159 2053/652/1847
f 4062/653/3660 1510/654/1364 181/655/158 1733/656/1557
f 4061/657/3659 1511/658/1365 259/659/233 2056/660/1850
f 4060/661/3658 1307/662/1173 155/663/135 2057/664/1851
f 4059/665/2 1514/666/2 180/667/2 1732/668/2
f 4058/669/2 1515/670/2 260/671/2 2060/672/2
f 4057/673/2 1331/674/1193 179/675/157 2061/676/2
f 4056/677/3657 1518/678/1368 116/679/102 1668/680/1502
f 4055/681/3656 1519/682/1369 261/683/234 2064/684/1854
f 4054/685/2 1330/686/2 178/687/2 2065/688/2
f 4053/689/3655 1522/690/1372 177/691/156 1729/692/1556
f 4052/693/3654 1523/694/1373 262/695/235 2068/696/1857
f 4051/697/3653 1294/698/1162 142/699/124 2069/700/1858
f 4050/701/3652 1526/702/1376 176/703/155 1728/704/1555
f 4049/705/3651 1527/706/1377 263/707/236 2072/708/1861
f 4048/709/3650 1327/710/1190 175/711/154 2073/712/1862
f 4047/713/3649 1530/714/1380 117/715/103 1669/716/1503
f 4046/717/3648 1531/718/1381 264/719/237 2076/720/1865
f 4045/721/3647 1326/722/1189 174/723/153 2077/724/1866
f 4044/725/3646 1534/726/1384 173/727/152 1725/728/1552
f 4043/729/3645 1535/730/1385 265/731/238 2080/732/1869
f 4042/733/3644 1310/734/1176 158/735/138 2081/736/1870
f 4041/737/3643 1538/738/1388 172/739/151 1724/740/1551
f 4040/741/3642 1539/742/1389 266/743/239 2084/744/1873
f 4039/745/3641 1323/746/1186 171/747/150 2085/748/1874
f 4038/749/3640 1542/750/1392 89/751/75 1641/752/1476
f 4037/753/3639 1543/754/1393 267/755/240 2088/756/1877
f 4036/757/3638 1322/758/1185 170/759/149 2089/760/1878
f 4035/761/3637 1546/762/1396 169/763/148 1721/764/1548
f 4034/765/3636 1547/766/1397 268/767/241 2092/768/1881
f 4033/769/3635 1311/770/1177 159/771/139 2093/772/1882
f 4032/773/3634 1550/774/1400 168/775/147 1720/776/1547
f 4031/777/3633 1551/778/1401 269/779/242 2096/780/1885
f 4030/781/3632 1319/782/1182 167/783/146 2097/784/1886
f 4029/785/3631 1554/786/1404 120/787/106 1672/788/1506
f 4028/789/3630 1555/790/1405 270/791/243 2100/792/1889
f 4027/793/3629 1318/794/1181 166/795/145 2101/796/1890
f 4026/797/2 1558/798/2 165/799/2 1717/800/2
f 4025/801/2 1559/802/2 271/803/2 2104/804/2
f 4024/805/2 1288/806/2 136/807/2 2105/808/2
f 4023/809/3628 1562/810/1408 164/811/144 1716/812/1544
f 4022/813/3627 1563/814/1409 272/815/244 2108/816/1893
f 4021/817/3626 1315/818/773 163/819/143 2109/820/1894
f 4020/821/3625 1566/822/1412 121/823/107 1673/824/1507
f 4019/825/3624 1567/826/1413 273/827/245 2112/828/1897
f 4018/829/2978 1314/830/580 162/831/142 2113/832/1898
f 4017/833/3623 1570/834/1416 161/835/141 1713/836/1542
f 4016/837/3622 1571/838/1417 274/839/246 2116/840/1900
f 4015/841/3621 1248/842/1123 96/843/82 2117/844/1901
f 4014/845/3620 1574/846/1420 160/847/140 1712/848/1541
f 4013/849/3619 1575/850/1421 275/851/247 2120/852/1904
f 4012/853/3618 1271/854/1145 119/855/105 2121/856/1905
f 4011/857/3617 1578/858/1424 129/859/115 1681/860/1515
f 4010/861/3616 1579/862/1425 276/863/248 2124/864/1908
f 4009/865/3615 1270/866/1144 118/867/104 2125/868/1909
f 4008/869/3614 1582/870/1428 157/871/137 1709/872/1538
f 4007/873/3613 1583/874/1429 277/875/249 2128/876/1912
f 4006/877/3612 1254/878/1128 102/879/88 2129/880/1913
f 4005/881/3611 1586/882/1432 156/883/136 1708/884/42
f 4004/885/3610 1587/886/1433 278/887/250 2132/888/1916
f 4003/889/3609 1267/890/1141 115/891/101 2133/892/1917
f 4002/893/3608 1590/894/1435 125/895/111 1677/896/1511
f 4001/897/3607 1591/898/1436 279/899/251 2136/900/1920
f 4000/901/3606 1266/902/1140 114/903/100 2137/904/1921
f 3999/905/3605 1594/906/1439 153/907/133 1705/908/1535
f 3998/909/3604 1595/910/1440 280/911/252 2140/912/1924
f 3997/913/3603 1255/914/1129 103/915/89 2141/916/1925
f 3996/917/3602 1598/918/1443 152/919/132 1704/920/1534
f 3995/921/3601 1599/922/1444 281/923/253 2144/924/1928
f 3994/925/3600 1263/926/1137 111/927/97 2145/928/1929
f 3993/929/3599 1602/930/1447 132/931/118 1684/932/1518
f 3992/933/3598 1603/934/1448 282/935/254 2148/936/1931
f 3991/937/3597 1262/938/1136 110/939/96 2149/940/1932
f 3990/941/3596 1606/942/1451 149/943/129 1701/944/1531
f 3989/945/3595 1607/946/1452 283/947/255 2152/948/1935
f 3988/949/3594 1252/950/1126 100/951/86 2153/952/1936
f 3987/953/3593 1610/954/1455 148/955/128 1700/956/1530
f 3986/957/3592 1611/958/1456 284/959/256 2156/960/1939
f 3985/961/3591 1259/962/1133 107/963/93 2157/964/1940
f 3984/965/3590 1614/966/1459 133/967/119 1685/968/1519
f 3983/969/3589 1615/970/1460 285/971/257 2160/972/1943
f 3982/973/3588 1258/974/1132 106/975/92 2161/976/1944
f 3981/977/2 1618/978/2 145/979/2 1697/980/2
f 3980/981/2 1619/982/1463 286/983/2 2164/984/2
f 3979/985/3587 1240/986/1115 88/987/74 2165/988/1946
f 3978/989/3586 1622/990/1464 144/991/125 1696/992/1527
f 3977/993/3585 1623/994/1465 287/995/258 2168/996/1949
f 3976/997/3584 1243/998/1118 91/999/77 2169/1000/1950
f 3975/1001/3583 1626/1002/1468 137/1003/121 1689/1004/1522
f 3974/1005/3582 1627/1006/1469 288/1007/259 2172/1008/1953
f 3973/1009/3581 1242/1010/1117 90/1011/76 2173/1012/1954
f 3972/1013/3338 1630/1014/2 141/1015/2 1693/1016/2
f 3971/1017/3580 1631/1018/1472 289/1019/260 2176/1020/1957
f 3970/1021/2 1236/1022/2 84/1023/2 2177/1024/2
f 3969/1025/3579 2178/1026/2 833/1027/2 1633/1028/2
f 3968/1029/3578 2179/1030/1958 834/1031/2 2180/1032/1959
f 3967/1033/2 1780/1034/2 436/1035/2 2181/1036/2
f 3966/1037/3577 2182/1038/1960 832/1039/754 1632/1040/1473
f 3965/1041/3576 2183/1042/1961 835/1043/755 2184/1044/1962
f 3964/1045/3575 2175/1046/1956 831/1047/753 2185/1048/1963
f 3963/1049/3574 2186/1050/1964 349/1051/312 1149/1052/1037
f 3962/1053/3573 2187/1054/1965 836/1055/756 2188/1056/1966
f 3961/1057/3572 2174/1058/1955 830/1059/2 2189/1060/1967
f 3960/1061/3571 2190/1062/1968 829/1063/752 1629/1064/1471
f 3959/1065/3570 2191/1066/1969 837/1067/757 2192/1068/1970
f 3958/1069/3569 1786/1070/1603 442/1071/394 2193/1072/1971
f 3957/1073/3568 2194/1074/1972 828/1075/751 1628/1076/1470
f 3956/1077/3567 2195/1078/1973 838/1079/758 2196/1080/1974
f 3955/1081/3566 2171/1082/1952 827/1083/750 2197/1084/1975
f 3954/1085/3565 2198/1086/1976 345/1087/309 1145/1088/1034
f 3953/1089/3564 2199/1090/1977 839/1091/759 2200/1092/1978
f 3952/1093/3563 2170/1094/1951 826/1095/749 2201/1096/1979
f 3951/1097/3562 2202/1098/1980 825/1099/748 1625/1100/1467
f 3950/1101/3561 2203/1102/1981 840/1103/760 2204/1104/1982
f 3949/1105/3560 1787/1106/1604 443/1107/395 2205/1108/1983
f 3948/1109/3559 2206/1110/1984 824/1111/747 1624/1112/1466
f 3947/1113/3558 2207/1114/1985 841/1115/761 2208/1116/1986
f 3946/1117/3557 2167/1118/1948 823/1119/746 2209/1120/1987
f 3945/1121/3556 2210/1122/1988 352/1123/315 1152/1124/1040
f 3944/1125/3555 2211/1126/1989 842/1127/762 2212/1128/1990
f 3943/1129/3554 2166/1130/1947 822/1131/745 2213/1132/1991
f 3942/1133/3553 2214/1134/1992 821/1135/333 1621/1136/2
f 3941/1137/3552 2215/1138/1993 843/1139/763 2216/1140/1994
f 3940/1141/3551 1784/1142/1601 440/1143/392 2217/1144/1995
f 3939/1145/2 2218/1146/2 820/1147/2 1620/1148/2
f 3938/1149/2 2219/1150/2 844/1151/2 2220/1152/2
f 3937/1153/3550 2163/1154/1945 819/1155/744 2221/1156/1996
f 3936/1157/2 2222/1158/2 353/1159/2 1153/1160/2
f 3935/1161/2 2223/1162/2 845/1163/2 2224/1164/2
f 3934/1165/2 2162/1166/2 818/1167/2 2225/1168/2
f 3933/1169/3549 2226/1170/1997 817/1171/743 1617/1172/1462
f 3932/1173/3548 2227/1174/1998 846/1175/764 2228/1176/1999
f 3931/1177/3547 1802/1178/1619 458/1179/410 2229/1180/2000
f 3930/1181/3546 2230/1182/2001 816/1183/742 1616/1184/1461
f 3929/1185/3545 2231/1186/2002 847/1187/765 2232/1188/2003
f 3928/1189/3544 2159/1190/1942 815/1191/741 2233/1192/2004
f 3927/1193/3543 2234/1194/2005 341/1195/306 1141/1196/1031
f 3926/1197/3542 2235/1198/2006 848/1199/766 2236/1200/2007
f 3925/1201/3541 2158/1202/1941 814/1203/740 2237/1204/2008
f 3924/1205/3540 2238/1206/2009 813/1207/739 1613/1208/1458
f 3923/1209/3539 2239/1210/2010 849/1211/767 2240/1212/2011
f 3922/1213/3538 1803/1214/1620 459/1215/411 2241/1216/2012
f 3921/1217/3537 2242/1218/2013 812/1219/738 1612/1220/1457
f 3920/1221/3536 2243/1222/2014 850/1223/768 2244/1224/2015
f 3919/1225/3535 2155/1226/1938 811/1227/737 2245/1228/2016
f 3918/1229/3534 2246/1230/2017 356/1231/318 1156/1232/1043
f 3917/1233/3533 2247/1234/2018 851/1235/769 2248/1236/2019
f 3916/1237/3532 2154/1238/1937 810/1239/736 2249/1240/2020
f 3915/1241/3531 2250/1242/2021 809/1243/735 1609/1244/1454
f 3914/1245/3530 2251/1246/2022 852/1247/770 2252/1248/2023
f 3913/1249/3529 1796/1250/1613 452/1251/404 2253/1252/2024
f 3912/1253/3528 2254/1254/2025 808/1255/734 1608/1256/1453
f 3911/1257/3527 2255/1258/2026 853/1259/771 2256/1260/2027
f 3910/1261/3526 2151/1262/1934 807/1263/733 2257/1264/2028
f 3909/1265/3525 2258/1266/2029 357/1267/319 1157/1268/1044
f 3908/1269/3524 2259/1270/2030 854/1271/772 2260/1272/2031
f 3907/1273/3523 2150/1274/1933 806/1275/732 2261/1276/2032
f 3906/1277/3522 2262/1278/2033 805/1279/731 1605/1280/1450
f 3905/1281/3521 2263/1282/2034 855/1283/773 2264/1284/2035
f 3904/1285/3520 1806/1286/1623 462/1287/414 2265/1288/2036
f 3903/1289/3519 2266/1290/2037 804/1291/730 1604/1292/1449
f 3902/1293/3518 2267/1294/2 856/1295/774 2268/1296/2038
f 3901/1297/2 2147/1298/107 803/1299/700 2269/1300/700
f 3900/1301/3517 2270/1302/2039 340/1303/305 1140/1304/1030
f 3899/1305/3516 2271/1306/2040 857/1307/775 2272/1308/2041
f 3898/1309/3515 2146/1310/1930 802/1311/729 2273/1312/2042
f 3897/1313/3514 2274/1314/2043 801/1315/728 1601/1316/1446
f 3896/1317/3513 2275/1318/2044 858/1319/776 2276/1320/2045
f 3895/1321/3512 1807/1322/1624 463/1323/415 2277/1324/2046
f 3894/1325/3511 2278/1326/2047 800/1327/727 1600/1328/1445
f 3893/1329/3510 2279/1330/2048 859/1331/777 2280/1332/2049
f 3892/1333/3509 2143/1334/1927 799/1335/726 2281/1336/2050
f 3891/1337/3508 2282/1338/2051 360/1339/322 1160/1340/1047
f 3890/1341/3507 2283/1342/2052 860/1343/778 2284/1344/2053
f 3889/1345/3506 2142/1346/1926 798/1347/725 2285/1348/2054
f 3888/1349/3505 2286/1350/2055 797/1351/724 1597/1352/1442
f 3887/1353/3504 2287/1354/2056 861/1355/779 2288/1356/2057
f 3886/1357/3503 1799/1358/1616 455/1359/407 2289/1360/2058
f 3885/1361/3502 2290/1362/2059 796/1363/723 1596/1364/1441
f 3884/1365/3501 2291/1366/2060 862/1367/780 2292/1368/2061
f 3883/1369/3500 2139/1370/1923 795/1371/722 2293/1372/2062
f 3882/1373/3499 2294/1374/2063 361/1375/323 1161/1376/1048
f 3881/1377/3498 2295/1378/2064 863/1379/781 2296/1380/2065
f 3880/1381/3497 2138/1382/1922 794/1383/721 2297/1384/2066
f 3879/1385/3496 2298/1386/2067 793/1387/720 1593/1388/1438
f 3878/1389/3495 2299/1390/2068 864/1391/782 2300/1392/2069
f 3877/1393/3494 1810/1394/1627 466/1395/418 2301/1396/2070
f 3876/1397/3493 2302/1398/2071 792/1399/719 1592/1400/1437
f 3875/1401/3492 2303/1402/2072 865/1403/783 2304/1404/2073
f 3874/1405/3491 2135/1406/1919 791/1407/718 2305/1408/2074
f 3873/1409/3490 2306/1410/2075 333/1411/298 1133/1412/1024
f 3872/1413/3489 2307/1414/2076 866/1415/784 2308/1416/2077
f 3871/1417/3488 2134/1418/1918 790/1419/717 2309/1420/2078
f 3870/1421/3487 2310/1422/2079 789/1423/716 1589/1424/1434
f 3869/1425/3486 2311/1426/2080 867/1427/785 2312/1428/2081
f 3868/1429/3485 1811/1430/1628 467/1431/419 2313/1432/2082
f 3867/1433/107 2314/1434/461 788/1435/461 1588/1436/107
f 3866/1437/107 2315/1438/254 868/1439/461 2316/1440/107
f 3865/1441/3484 2131/1442/1915 787/1443/715 2317/1444/2083
f 3864/1445/3483 2318/1446/2084 364/1447/326 1164/1448/1051
f 3863/1449/107 2319/1450/461 869/1451/786 2320/1452/1763
f 3862/1453/3482 2130/1454/1914 786/1455/714 2321/1456/2085
f 3861/1457/3481 2322/1458/2086 785/1459/713 1585/1460/1431
f 3860/1461/3480 2323/1462/2087 870/1463/787 2324/1464/2088
f 3859/1465/3479 1798/1466/1615 454/1467/406 2325/1468/2089
f 3858/1469/3478 2326/1470/2090 784/1471/712 1584/1472/1430
f 3857/1473/3477 2327/1474/2091 871/1475/788 2328/1476/2092
f 3856/1477/3476 2127/1478/1911 783/1479/711 2329/1480/2093
f 3855/1481/3475 2330/1482/2094 365/1483/327 1165/1484/1052
f 3854/1485/3474 2331/1486/2095 872/1487/789 2332/1488/2096
f 3853/1489/3473 2126/1490/1910 782/1491/710 2333/1492/2097
f 3852/1493/3472 2334/1494/2098 781/1495/709 1581/1496/1427
f 3851/1497/3471 2335/1498/2099 873/1499/790 2336/1500/2100
f 3850/1501/3470 1814/1502/1631 470/1503/422 2337/1504/2101
f 3849/1505/3469 2338/1506/2102 780/1507/708 1580/1508/1426
f 3848/1509/3468 2339/1510/2103 874/1511/791 2340/1512/2104
f 3847/1513/3467 2123/1514/1907 779/1515/707 2341/1516/2105
f 3846/1517/3466 2342/1518/2106 337/1519/302 1137/1520/1027
f 3845/1521/3465 2343/1522/2107 875/1523/792 2344/1524/2108
f 3844/1525/3464 2122/1526/1906 778/1527/706 2345/1528/2109
f 3843/1529/3463 2346/1530/2110 777/1531/705 1577/1532/1423
f 3842/1533/3462 2347/1534/2111 876/1535/793 2348/1536/2112
f 3841/1537/3461 1815/1538/1632 471/1539/423 2349/1540/2113
f 3840/1541/3460 2350/1542/2114 776/1543/704 1576/1544/1422
f 3839/1545/3459 2351/1546/2115 877/1547/794 2352/1548/2116
f 3838/1549/3458 2119/1550/1903 775/1551/703 2353/1552/2117
f 3837/1553/3457 2354/1554/2118 368/1555/330 1168/1556/1055
f 3836/1557/3456 2355/1558/2119 878/1559/795 2356/1560/2120
f 3835/1561/3455 2118/1562/1902 774/1563/702 2357/1564/2121
f 3834/1565/3454 2358/1566/2122 773/1567/701 1573/1568/1419
f 3833/1569/3453 2359/1570/2123 879/1571/796 2360/1572/2124
f 3832/1573/3452 1792/1574/1609 448/1575/400 2361/1576/2125
f 3831/1577/2 2362/1578/2 772/1579/700 1572/1580/1418
f 3830/1581/2 2363/1582/2 880/1583/2 2364/1584/2
f 3829/1585/2 2115/1586/401 771/1587/699 2365/1588/2
f 3828/1589/3451 2366/1590/2126 369/1591/331 1169/1592/1056
f 3827/1593/3450 2367/1594/2127 881/1595/797 2368/1596/2128
f 3826/1597/3449 2114/1598/1899 770/1599/698 2369/1600/2129
f 3825/1601/107 2370/1602/1299 769/1603/697 1569/1604/1415
f 3824/1605/3448 2371/1606/700 882/1607/401 2372/1608/2130
f 3823/1609/2 1858/1610/2 514/1611/459 2373/1612/459
f 3822/1613/3447 2374/1614/2131 768/1615/696 1568/1616/1414
f 3821/1617/3446 2375/1618/2132 883/1619/798 2376/1620/2133
f 3820/1621/3445 2111/1622/1896 767/1623/695 2377/1624/2134
f 3819/1625/3444 2378/1626/2135 329/1627/294 1129/1628/1021
f 3818/1629/3443 2379/1630/2136 884/1631/799 2380/1632/2137
f 3817/1633/3442 2110/1634/1895 766/1635/694 2381/1636/2138
f 3816/1637/3441 2382/1638/2139 765/1639/693 1565/1640/1411
f 3815/1641/3440 2383/1642/2140 885/1643/800 2384/1644/2141
f 3814/1645/3439 1859/1646/460 515/1647/460 2385/1648/1210
f 3813/1649/3438 2386/1650/2142 764/1651/692 1564/1652/1410
f 3812/1653/3437 2387/1654/2143 886/1655/801 2388/1656/2144
f 3811/1657/3436 2107/1658/1892 763/1659/691 2389/1660/2145
f 3810/1661/3435 2390/1662/2146 372/1663/334 1172/1664/1058
f 3809/1665/3434 2391/1666/2147 887/1667/802 2392/1668/2148
f 3808/1669/3433 2106/1670/1891 762/1671/690 2393/1672/2149
f 3807/1673/2 2394/1674/2 761/1675/2 1561/1676/2
f 3806/1677/2 2395/1678/2 888/1679/2 2396/1680/2
f 3805/1681/2 1832/1682/2 488/1683/2 2397/1684/2
f 3804/1685/2 2398/1686/2 760/1687/2 1560/1688/2
f 3803/1689/2 2399/1690/2 889/1691/2 2400/1692/2
f 3802/1693/2 2103/1694/2 759/1695/2 2401/1696/2
f 3801/1697/2 2402/1698/2 373/1699/2 1173/1700/2
f 3800/1701/2 2403/1702/2 890/1703/2 2404/1704/2
f 3799/1705/2 2102/1706/2 758/1707/2 2405/1708/2
f 3798/1709/3432 2406/1710/2150 757/1711/689 1557/1712/1407
f 3797/1713/3431 2407/1714/2151 891/1715/803 2408/1716/2152
f 3796/1717/3430 1862/1718/1668 518/1719/462 2409/1720/2153
f 3795/1721/3429 2410/1722/2154 756/1723/688 1556/1724/1406
f 3794/1725/3428 2411/1726/2155 892/1727/804 2412/1728/2156
f 3793/1729/3427 2099/1730/1888 755/1731/687 2413/1732/2157
f 3792/1733/3426 2414/1734/2158 328/1735/293 1128/1736/1020
f 3791/1737/3425 2415/1738/2159 893/1739/805 2416/1740/2160
f 3790/1741/3424 2098/1742/1887 754/1743/686 2417/1744/2161
f 3789/1745/3423 2418/1746/2162 753/1747/685 1553/1748/1403
f 3788/1749/3422 2419/1750/2163 894/1751/806 2420/1752/2164
f 3787/1753/3421 1863/1754/1669 519/1755/463 2421/1756/2165
f 3786/1757/3420 2422/1758/2166 752/1759/684 1552/1760/1402
f 3785/1761/3419 2423/1762/2167 895/1763/807 2424/1764/2168
f 3784/1765/3418 2095/1766/1884 751/1767/683 2425/1768/2169
f 3783/1769/3417 2426/1770/2170 376/1771/337 1176/1772/1061
f 3782/1773/3416 2427/1774/2171 896/1775/808 2428/1776/2172
f 3781/1777/3415 2094/1778/1883 750/1779/682 2429/1780/2173
f 3780/1781/3414 2430/1782/2174 749/1783/681 1549/1784/1399
f 3779/1785/3413 2431/1786/2175 897/1787/809 2432/1788/2176
f 3778/1789/3412 1855/1790/1665 511/1791/456 2433/1792/2177
f 3777/1793/3411 2434/1794/2178 748/1795/680 1548/1796/1398
f 3776/1797/3410 2435/1798/2179 898/1799/810 2436/1800/2180
f 3775/1801/3409 2091/1802/1880 747/1803/679 2437/1804/2181
f 3774/1805/3408 2438/1806/2182 377/1807/338 1177/1808/1062
f 3773/1809/3407 2439/1810/2183 899/1811/811 2440/1812/2184
f 3772/1813/3406 2090/1814/1879 746/1815/678 2441/1816/2185
f 3771/1817/3405 2442/1818/2186 745/1819/677 1545/1820/1395
f 3770/1821/3404 2443/1822/2187 900/1823/812 2444/1824/2188
f 3769/1825/3403 1866/1826/1672 522/1827/466 2445/1828/2189
f 3768/1829/3402 2446/1830/2190 744/1831/676 1544/1832/1394
f 3767/1833/3401 2447/1834/2191 901/1835/813 2448/1836/2192
f 3766/1837/3400 2087/1838/1876 743/1839/675 2449/1840/2193
f 3765/1841/3399 2450/1842/2194 297/1843/263 1097/1844/989
f 3764/1845/3398 2451/1846/2195 902/1847/814 2452/1848/2196
f 3763/1849/3397 2086/1850/1875 742/1851/674 2453/1852/2197
f 3762/1853/3396 2454/1854/2198 741/1855/673 1541/1856/1391
f 3761/1857/3395 2455/1858/2199 903/1859/815 2456/1860/2200
f 3760/1861/3394 1867/1862/1673 523/1863/467 2457/1864/2201
f 3759/1865/3393 2458/1866/2202 740/1867/672 1540/1868/1390
f 3758/1869/3392 2459/1870/2203 904/1871/816 2460/1872/2204
f 3757/1873/3391 2083/1874/1872 739/1875/671 2461/1876/2205
f 3756/1877/3390 2462/1878/2206 380/1879/341 1180/1880/1065
f 3755/1881/3389 2463/1882/2207 905/1883/817 2464/1884/2208
f 3754/1885/3388 2082/1886/1871 738/1887/670 2465/1888/2209
f 3753/1889/3387 2466/1890/2210 737/1891/669 1537/1892/1387
f 3752/1893/3386 2467/1894/2211 906/1895/818 2468/1896/2212
f 3751/1897/3385 1854/1898/1664 510/1899/455 2469/1900/2213
f 3750/1901/3384 2470/1902/2214 736/1903/668 1536/1904/1386
f 3749/1905/3383 2471/1906/2215 907/1907/819 2472/1908/2216
f 3748/1909/3382 2079/1910/1868 735/1911/667 2473/1912/2217
f 3747/1913/3381 2474/1914/2218 381/1915/342 1181/1916/1066
f 3746/1917/3380 2475/1918/2219 908/1919/820 2476/1920/2220
f 3745/1921/3379 2078/1922/1867 734/1923/666 2477/1924/2221
f 3744/1925/3378 2478/1926/2222 733/1927/665 1533/1928/1383
f 3743/1929/3377 2479/1930/2223 909/1931/821 2480/1932/2224
f 3742/1933/3376 1870/1934/1676 526/1935/470 2481/1936/2225
f 3741/1937/3375 2482/1938/2226 732/1939/664 1532/1940/1382
f 3740/1941/3374 2483/1942/2227 910/1943/822 2484/1944/2228
f 3739/1945/3373 2075/1946/1864 731/1947/663 2485/1948/2229
f 3738/1949/3372 2486/1950/2230 325/1951/290 1125/1952/1017
f 3737/1953/3371 2487/1954/2231 911/1955/823 2488/1956/2232
f 3736/1957/3370 2074/1958/1863 730/1959/662 2489/1960/2233
f 3735/1961/3369 2490/1962/2234 729/1963/661 1529/1964/1379
f 3734/1965/3368 2491/1966/2235 912/1967/824 2492/1968/2236
f 3733/1969/3367 1871/1970/1677 527/1971/471 2493/1972/2237
f 3732/1973/3366 2494/1974/2238 728/1975/660 1528/1976/1378
f 3731/1977/3365 2495/1978/2239 913/1979/825 2496/1980/2240
f 3730/1981/3364 2071/1982/1860 727/1983/659 2497/1984/2241
f 3729/1985/3363 2498/1986/2242 384/1987/345 1184/1988/1069
f 3728/1989/3362 2499/1990/2243 914/1991/826 2500/1992/2244
f 3727/1993/3361 2070/1994/1859 726/1995/658 2501/1996/2245
f 3726/1997/3360 2502/1998/2246 725/1999/657 1525/2000/1375
f 3725/2001/3359 2503/2002/2247 915/2003/827 2504/2004/2248
f 3724/2005/3358 1838/2006/1650 494/2007/441 2505/2008/2249
f 3723/2009/3357 2506/2010/2250 724/2011/656 1524/2012/1374
f 3722/2013/3356 2507/2014/2251 916/2015/828 2508/2016/2252
f 3721/2017/3355 2067/2018/1856 723/2019/655 2509/2020/2253
f 3720/2021/3354 2510/2022/2254 385/2023/346 1185/2024/1070
f 3719/2025/3353 2511/2026/2255 917/2027/829 2512/2028/2256
f 3718/2029/3352 2066/2030/1855 722/2031/654 2513/2032/2257
f 3717/2033/3351 2514/2034/2 721/2035/653 1521/2036/1371
f 3716/2037/2 2515/2038/2 918/2039/2 2516/2040/2
f 3715/2041/2 1874/2042/2 530/2043/2 2517/2044/2
f 3714/2045/3350 2518/2046/2258 720/2047/652 1520/2048/1370
f 3713/2049/2 2519/2050/2 919/2051/830 2520/2052/2259
f 3712/2053/2 2063/2054/2 719/2055/651 2521/2056/2260
f 3711/2057/3349 2522/2058/2261 324/2059/289 1124/2060/1016
f 3710/2061/3348 2523/2062/2262 920/2063/831 2524/2064/2263
f 3709/2065/3347 2062/2066/1853 718/2067/650 2525/2068/2264
f 3708/2069/2 2526/2070/2 717/2071/2 1517/2072/2
f 3707/2073/3346 2527/2074/2265 921/2075/254 2528/2076/580
f 3706/2077/3345 1875/2078/1680 531/2079/474 2529/2080/700
f 3705/2081/2 2530/2082/2 716/2083/2 1516/2084/2
f 3704/2085/3344 2531/2086/2266 922/2087/2 2532/2088/2
f 3703/2089/3343 2059/2090/1852 715/2091/333 2533/2092/2
f 3702/2093/2 2534/2094/2 388/2095/2 1188/2096/2
f 3701/2097/2 2535/2098/2 923/2099/2 2536/2100/2
f 3700/2101/2 2058/2102/2 714/2103/2 2537/2104/2
f 3699/2105/3342 2538/2106/2267 713/2107/649 1513/2108/1367
f 3698/2109/3341 2539/2110/2268 924/2111/832 2540/2112/2269
f 3697/2113/3340 1851/2114/1661 507/2115/452 2541/2116/2270
f 3696/2117/3339 2542/2118/2271 712/2119/648 1512/2120/1366
f 3695/2121/3338 2543/2122/2272 925/2123/833 2544/2124/107
f 3694/2125/3337 2055/2126/1849 711/2127/647 2545/2128/2273
f 3693/2129/461 2546/2130/2274 389/2131/348 1189/2132/107
f 3692/2133/3336 2547/2134/2275 926/2135/834 2548/2136/2276
f 3691/2137/3335 2054/2138/1848 710/2139/646 2549/2140/2277
f 3690/2141/3334 2550/2142/2278 709/2143/645 1509/2144/1363
f 3689/2145/3333 2551/2146/2279 927/2147/835 2552/2148/2280
f 3688/2149/3332 1878/2150/1682 534/2151/476 2553/2152/2281
f 3687/2153/3331 2554/2154/2282 708/2155/644 1508/2156/1362
f 3686/2157/3330 2555/2158/2283 928/2159/836 2556/2160/2284
f 3685/2161/3329 2051/2162/1845 707/2163/643 2557/2164/2285
f 3684/2165/3328 2558/2166/2286 293/2167/262 1093/2168/988
f 3683/2169/459 2559/2170/2287 929/2171/837 2560/2172/2288
f 3682/2173/3327 2050/2174/1844 706/2175/642 2561/2176/2289
f 3681/2177/3326 2562/2178/2290 705/2179/641 1505/2180/1359
f 3680/2181/3325 2563/2182/2291 930/2183/838 2564/2184/2292
f 3679/2185/3324 1879/2186/1683 535/2187/477 2565/2188/2293
f 3678/2189/2 2566/2190/2294 704/2191/172 1504/2192/1358
f 3677/2193/3323 2567/2194/2295 931/2195/839 2568/2196/2296
f 3676/2197/3322 2047/2198/1841 703/2199/640 2569/2200/2297
f 3675/2201/3321 2570/2202/2298 392/2203/351 1192/2204/1074
f 3674/2205/3320 2571/2206/2299 932/2207/840 2572/2208/2300
f 3673/2209/3319 2046/2210/1840 702/2211/639 2573/2212/2301
f 3672/2213/3318 2574/2214/2302 701/2215/638 1501/2216/1355
f 3671/2217/3317 2575/2218/2303 933/2219/841 2576/2220/2304
f 3670/2221/3316 1850/2222/1660 506/2223/451 2577/2224/2305
f 3669/2225/3315 2578/2226/2306 700/2227/637 1500/2228/1354
f 3668/2229/3314 2579/2230/2307 934/2231/842 2580/2232/2308
f 3667/2233/3313 2043/2234/1837 699/2235/636 2581/2236/2309
f 3666/2237/3312 2582/2238/2310 393/2239/352 1193/2240/1075
f 3665/2241/3311 2583/2242/2311 935/2243/843 2584/2244/2312
f 3664/2245/3310 2042/2246/1836 698/2247/635 2585/2248/2313
f 3663/2249/3309 2586/2250/2314 697/2251/634 1497/2252/1351
f 3662/2253/3308 2587/2254/2315 936/2255/844 2588/2256/2316
f 3661/2257/3307 1882/2258/1686 538/2259/480 2589/2260/2317
f 3660/2261/3306 2590/2262/2318 696/2263/633 1496/2264/1350
f 3659/2265/3305 2591/2266/2319 937/2267/845 2592/2268/2320
f 3658/2269/3304 2039/2270/1833 695/2271/632 2593/2272/2321
f 3657/2273/3303 2594/2274/2322 321/2275/286 1121/2276/1013
f 3656/2277/3302 2595/2278/2323 938/2279/846 2596/2280/2324
f 3655/2281/3301 2038/2282/1832 694/2283/631 2597/2284/2325
f 3654/2285/3300 2598/2286/2326 693/2287/630 1493/2288/1347
f 3653/2289/3299 2599/2290/2327 939/2291/847 2600/2292/2328
f 3652/2293/3298 1883/2294/1687 539/2295/481 2601/2296/2329
f 3651/2297/3297 2602/2298/2330 692/2299/629 1492/2300/1346
f 3650/2301/3296 2603/2302/2331 940/2303/848 2604/2304/2332
f 3649/2305/3295 2035/2306/1829 691/2307/628 2605/2308/2333
f 3648/2309/3294 2606/2310/2334 396/2311/355 1196/2312/1078
f 3647/2313/3293 2607/2314/2335 941/2315/849 2608/2316/2336
f 3646/2317/3292 2034/2318/1828 690/2319/627 2609/2320/2337
f 3645/2321/3291 2610/2322/254 689/2323/626 1489/2324/1343
f 3644/2325/3290 2611/2326/837 942/2327/107 2612/2328/2338
f 3643/2329/2 1839/2330/2 495/2331/2 2613/2332/2
f 3642/2333/3289 2614/2334/2339 688/2335/625 1488/2336/1342
f 3641/2337/3288 2615/2338/2340 943/2339/850 2616/2340/2341
f 3640/2341/3287 2031/2342/1826 687/2343/624 2617/2344/2342
f 3639/2345/3286 2618/2346/2343 397/2347/356 1197/2348/1079
f 3638/2349/3285 2619/2350/2344 944/2351/851 2620/2352/2345
f 3637/2353/3284 2030/2354/1825 686/2355/623 2621/2356/2346
f 3636/2357/3283 2622/2358/2347 685/2359/622 1485/2360/1339
f 3635/2361/3282 2623/2362/2348 945/2363/852 2624/2364/2349
f 3634/2365/3281 1886/2366/1690 542/2367/484 2625/2368/2350
f 3633/2369/3280 2626/2370/2351 684/2371/621 1484/2372/1338
f 3632/2373/3279 2627/2374/2352 946/2375/853 2628/2376/2353
f 3631/2377/3278 2027/2378/1822 683/2379/620 2629/2380/2354
f 3630/2381/3277 2630/2382/2355 320/2383/285 1120/2384/1012
f 3629/2385/3276 2631/2386/2356 947/2387/854 2632/2388/2357
f 3628/2389/3275 2026/2390/1821 682/2391/619 2633/2392/2358
f 3627/2393/3274 2634/2394/2359 681/2395/618 1481/2396/1335
f 3626/2397/3273 2635/2398/2360 948/2399/855 2636/2400/2361
f 3625/2401/3272 1887/2402/1691 543/2403/485 2637/2404/2362
f 3624/2405/3271 2638/2406/2363 680/2407/617 1480/2408/1334
f 3623/2409/3270 2639/2410/2364 949/2411/856 2640/2412/2365
f 3622/2413/3269 2023/2414/1818 679/2415/616 2641/2416/2366
f 3621/2417/3268 2642/2418/2367 400/2419/359 1200/2420/1082
f 3620/2421/3267 2643/2422/2368 950/2423/857 2644/2424/2369
f 3619/2425/3266 2022/2426/1817 678/2427/615 2645/2428/2370
f 3618/2429/3265 2646/2430/2371 677/2431/614 1477/2432/1331
f 3617/2433/3264 2647/2434/2372 951/2435/858 2648/2436/2373
f 3616/2437/3263 1847/2438/1657 503/2439/448 2649/2440/2374
f 3615/2441/3262 2650/2442/2375 676/2443/613 1476/2444/1330
f 3614/2445/3261 2651/2446/2376 952/2447/859 2652/2448/2377
f 3613/2449/3260 2019/2450/1814 675/2451/612 2653/2452/2378
f 3612/2453/3259 2654/2454/2379 401/2455/360 1201/2456/1083
f 3611/2457/3258 2655/2458/2380 953/2459/860 2656/2460/2381
f 3610/2461/3257 2018/2462/1813 674/2463/611 2657/2464/2382
f 3609/2465/3256 2658/2466/2383 673/2467/610 1473/2468/1327
f 3608/2469/3255 2659/2470/2384 954/2471/861 2660/2472/2385
f 3607/2473/3254 1890/2474/1694 546/2475/488 2661/2476/2386
f 3606/2477/3253 2662/2478/2387 672/2479/609 1472/2480/1326
f 3605/2481/3252 2663/2482/2388 955/2483/862 2664/2484/2389
f 3604/2485/3251 2015/2486/1810 671/2487/608 2665/2488/2390
f 3603/2489/3250 2666/2490/2391 300/2491/266 1100/2492/992
f 3602/2493/3249 2667/2494/2392 956/2495/863 2668/2496/2393
f 3601/2497/3248 2014/2498/1809 670/2499/607 2669/2500/2394
f 3600/2501/3247 2670/2502/2395 669/2503/606 1469/2504/1323
f 3599/2505/3246 2671/2506/2396 957/2507/864 2672/2508/2397
f 3598/2509/3245 1891/2510/1695 547/2511/489 2673/2512/2398
f 3597/2513/3244 2674/2514/2399 668/2515/605 1468/2516/1322
f 3596/2517/3243 2675/2518/2400 958/2519/865 2676/2520/2401
f 3595/2521/3242 2011/2522/1806 667/2523/604 2677/2524/2402
f 3594/2525/3241 2678/2526/2403 404/2527/362 1204/2528/1085
f 3593/2529/3240 2679/2530/2404 959/2531/866 2680/2532/2405
f 3592/2533/3239 2010/2534/1805 666/2535/603 2681/2536/2406
f 3591/2537/3238 2682/2538/2407 665/2539/602 1465/2540/1319
f 3590/2541/3237 2683/2542/2408 960/2543/867 2684/2544/2409
f 3589/2545/3236 1846/2546/1656 502/2547/447 2685/2548/2410
f 3588/2549/3235 2686/2550/2411 664/2551/601 1464/2552/1318
f 3587/2553/3234 2687/2554/2412 961/2555/868 2688/2556/2413
f 3586/2557/3233 2007/2558/1802 663/2559/600 2689/2560/2414
f 3585/2561/2 2690/2562/837 405/2563/2 1205/2564/2
f 3584/2565/786 2691/2566/157 962/2567/157 2692/2568/700
f 3583/2569/3232 2006/2570/1801 662/2571/599 2693/2572/157
f 3582/2573/3231 2694/2574/2415 661/2575/598 1461/2576/1316
f 3581/2577/3230 2695/2578/2416 963/2579/869 2696/2580/2417
f 3580/2581/3229 1894/2582/1698 550/2583/492 2697/2584/2418
f 3579/2585/3228 2698/2586/2419 660/2587/597 1460/2588/1315
f 3578/2589/3227 2699/2590/2420 964/2591/870 2700/2592/2421
f 3577/2593/3226 2003/2594/1798 659/2595/596 2701/2596/2422
f 3576/2597/3225 2702/2598/2423 317/2599/282 1117/2600/1009
f 3575/2601/3224 2703/2602/2424 965/2603/871 2704/2604/2425
f 3574/2605/3223 2002/2606/1797 658/2607/595 2705/2608/2426
f 3573/2609/3222 2706/2610/2427 657/2611/594 1457/2612/1312
f 3572/2613/3221 2707/2614/2428 966/2615/872 2708/2616/2429
f 3571/2617/3220 1895/2618/1699 551/2619/493 2709/2620/2430
f 3570/2621/3219 2710/2622/2431 656/2623/593 1456/2624/1311
f 3569/2625/143 2711/2626/2432 967/2627/873 2712/2628/2433
f 3568/2629/3218 1999/2630/1794 655/2631/592 2713/2632/2434
f 3567/2633/3217 2714/2634/2435 408/2635/365 1208/2636/1088
f 3566/2637/3216 2715/2638/2436 968/2639/874 2716/2640/2437
f 3565/2641/3215 1998/2642/1793 654/2643/591 2717/2644/2438
f 3564/2645/3214 2718/2646/2439 653/2647/590 1453/2648/1308
f 3563/2649/3213 2719/2650/2 969/2651/2 2720/2652/2440
f 3562/2653/2 1836/2654/2 492/2655/2 2721/2656/2
f 3561/2657/3212 2722/2658/2441 652/2659/589 1452/2660/1307
f 3560/2661/3211 2723/2662/2442 970/2663/875 2724/2664/2443
f 3559/2665/3210 1995/2666/1791 651/2667/588 2725/2668/2444
f 3558/2669/3209 2726/2670/2445 409/2671/366 1209/2672/1089
f 3557/2673/3208 2727/2674/2446 971/2675/876 2728/2676/2447
f 3556/2677/3207 1994/2678/1790 650/2679/587 2729/2680/2448
f 3555/2681/3206 2730/2682/2449 649/2683/586 1449/2684/1304
f 3554/2685/3205 2731/2686/2450 972/2687/877 2732/2688/2451
f 3553/2689/3204 1898/2690/1702 554/2691/496 2733/2692/2452
f 3552/2693/3203 2734/2694/2453 648/2695/585 1448/2696/1303
f 3551/2697/3202 2735/2698/2454 973/2699/878 2736/2700/2455
f 3550/2701/3201 1991/2702/1787 647/2703/584 2737/2704/2456
f 3549/2705/3200 2738/2706/2457 316/2707/281 1116/2708/1008
f 3548/2709/3199 2739/2710/2458 974/2711/879 2740/2712/2459
f 3547/2713/3198 1990/2714/1786 646/2715/583 2741/2716/2460
f 3546/2717/3197 2742/2718/2461 645/2719/582 1445/2720/1300
f 3545/2721/3196 2743/2722/2462 975/2723/880 2744/2724/2463
f 3544/2725/3195 1899/2726/1703 555/2727/497 2745/2728/2464
f 3543/2729/2 2746/2730/700 644/2731/581 1444/2732/1299
f 3542/2733/2 2747/2734/2 976/2735/2 2748/2736/2
f 3541/2737/2 1987/2738/2 643/2739/580 2749/2740/2
f 3540/2741/3194 2750/2742/2465 412/2743/369 1212/2744/1092
f 3539/2745/3193 2751/2746/348 977/2747/881 2752/2748/211
f 3538/2749/3192 1986/2750/1783 642/2751/579 2753/2752/2466
f 3537/2753/3191 2754/2754/2467 641/2755/578 1441/2756/1296
f 3536/2757/3190 2755/2758/2468 978/2759/882 2756/2760/2469
f 3535/2761/3189 1843/2762/1653 499/2763/444 2757/2764/2470
f 3534/2765/3188 2758/2766/2471 640/2767/577 1440/2768/1295
f 3533/2769/3187 2759/2770/2472 979/2771/883 2760/2772/2473
f 3532/2773/3186 1983/2774/1780 639/2775/576 2761/2776/2474
f 3531/2777/3185 2762/2778/2475 413/2779/370 1213/2780/1093
f 3530/2781/3184 2763/2782/2476 980/2783/884 2764/2784/2477
f 3529/2785/3183 1982/2786/1779 638/2787/575 2765/2788/2478
f 3528/2789/3182 2766/2790/2479 637/2791/574 1437/2792/1292
f 3527/2793/3181 2767/2794/2480 981/2795/885 2768/2796/2481
f 3526/2797/3180 1902/2798/1706 558/2799/500 2769/2800/2482
f 3525/2801/3179 2770/2802/2483 636/2803/573 1436/2804/1291
f 3524/2805/3178 2771/2806/2484 982/2807/886 2772/2808/2485
f 3523/2809/3177 1979/2810/1776 635/2811/572 2773/2812/2486
f 3522/2813/3176 2774/2814/2487 301/2815/267 1101/2816/993
f 3521/2817/3175 2775/2818/2488 983/2819/887 2776/2820/2489
f 3520/2821/3174 1978/2822/1775 634/2823/571 2777/2824/2490
f 3519/2825/3173 2778/2826/2491 633/2827/570 1433/2828/1288
f 3518/2829/3172 2779/2830/2492 984/2831/888 2780/2832/2493
f 3517/2833/3171 1903/2834/1707 559/2835/501 2781/2836/2494
f 3516/2837/3170 2782/2838/2495 632/2839/569 1432/2840/1287
f 3515/2841/3169 2783/2842/2496 985/2843/889 2784/2844/2497
f 3514/2845/3168 1975/2846/1772 631/2847/568 2785/2848/2498
f 3513/2849/3167 2786/2850/2499 416/2851/373 1216/2852/1096
f 3512/2853/3166 2787/2854/2500 986/2855/890 2788/2856/2501
f 3511/2857/3165 1974/2858/1771 630/2859/567 2789/2860/2502
f 3510/2861/3164 2790/2862/2503 629/2863/566 1429/2864/1284
f 3509/2865/3163 2791/2866/2504 987/2867/891 2792/2868/2505
f 3508/2869/3162 1842/2870/1652 498/2871/443 2793/2872/2506
f 3507/2873/3161 2794/2874/2507 628/2875/565 1428/2876/1283
f 3506/2877/3160 2795/2878/2508 988/2879/892 2796/2880/2509
f 3505/2881/3159 1971/2882/1768 627/2883/564 2797/2884/2510
f 3504/2885/3158 2798/2886/2511 417/2887/374 1217/2888/1097
f 3503/2889/3157 2799/2890/2512 989/2891/893 2800/2892/2513
f 3502/2893/3156 1970/2894/1767 626/2895/563 2801/2896/2514
f 3501/2897/333 2802/2898/333 625/2899/348 1425/2900/580
f 3500/2901/143 2803/2902/2 990/2903/2 2804/2904/333
f 3499/2905/2 1906/2906/2 562/2907/2 2805/2908/2
f 3498/2909/3155 2806/2910/2515 624/2911/562 1424/2912/1280
f 3497/2913/3154 2807/2914/2516 991/2915/894 2808/2916/2517
f 3496/2917/3153 1967/2918/1765 623/2919/561 2809/2920/386
f 3495/2921/3152 2810/2922/2518 313/2923/278 1113/2924/1005
f 3494/2925/3151 2811/2926/2519 992/2927/895 2812/2928/2520
f 3493/2929/3150 1966/2930/1764 622/2931/560 2813/2932/2521
f 3492/2933/3149 2814/2934/2522 621/2935/559 1421/2936/1277
f 3491/2937/3148 2815/2938/2523 993/2939/896 2816/2940/2524
f 3490/2941/3147 1907/2942/1710 563/2943/504 2817/2944/2525
f 3489/2945/3146 2818/2946/2526 620/2947/558 1420/2948/1276
f 3488/2949/3145 2819/2950/2527 994/2951/897 2820/2952/2528
f 3487/2953/3144 1963/2954/1761 619/2955/557 2821/2956/2529
f 3486/2957/3143 2822/2958/2530 420/2959/375 1220/2960/1098
f 3485/2961/3142 2823/2962/2531 995/2963/898 2824/2964/2532
f 3484/2965/3141 1962/2966/1760 618/2967/556 2825/2968/2533
f 3483/2969/3140 2826/2970/2534 617/2971/555 1417/2972/1273
f 3482/2973/3139 2827/2974/2535 996/2975/899 2828/2976/2536
f 3481/2977/3138 1824/2978/1640 480/2979/431 2829/2980/2537
f 3480/2981/3137 2830/2982/2538 616/2983/554 1416/2984/1272
f 3479/2985/3136 2831/2986/2539 997/2987/900 2832/2988/2540
f 3478/2989/3135 1959/2990/1757 615/2991/553 2833/2992/2541
f 3477/2993/2 2834/2994/2542 421/2995/348 1221/2996/2
f 3476/2997/333 2835/2998/2543 998/2999/901 2836/3000/2
f 3475/3001/3134 1958/3002/1756 614/3003/552 2837/3004/2544
f 3474/3005/3133 2838/3006/2545 613/3007/551 1413/3008/1269
f 3473/3009/3132 2839/3010/2546 999/3011/902 2840/3012/2547
f 3472/3013/3131 1910/3014/1712 566/3015/506 2841/3016/2548
f 3471/3017/3130 2842/3018/2549 612/3019/550 1412/3020/1268
f 3470/3021/3129 2843/3022/2550 1000/3023/903 2844/3024/2551
f 3469/3025/3128 1955/3026/1753 611/3027/549 2845/3028/2552
f 3468/3029/3127 2846/3030/2553 312/3031/277 1112/3032/1004
f 3467/3033/3126 2847/3034/2554 1001/3035/904 2848/3036/2555
f 3466/3037/3125 1954/3038/1752 610/3039/548 2849/3040/2556
f 3465/3041/3124 2850/3042/2557 609/3043/547 1409/3044/1265
f 3464/3045/3123 2851/3046/2558 1002/3047/905 2852/3048/2559
f 3463/3049/3122 1911/3050/1713 567/3051/507 2853/3052/2560
f 3462/3053/3121 2854/3054/2561 608/3055/546 1408/3056/1264
f 3461/3057/3120 2855/3058/2562 1003/3059/906 2856/3060/2563
f 3460/3061/3119 1951/3062/1749 607/3063/545 2857/3064/2564
f 3459/3065/3118 2858/3066/2565 424/3067/378 1224/3068/1101
f 3458/3069/3117 2859/3070/2566 1004/3071/907 2860/3072/2567
f 3457/3073/3116 1950/3074/1748 606/3075/544 2861/3076/2568
f 3456/3077/3115 2862/3078/2569 605/3079/543 1405/3080/1261
f 3455/3081/3114 2863/3082/2570 1005/3083/908 2864/3084/2571
f 3454/3085/3113 1827/3086/1643 483/3087/434 2865/3088/2572
f 3453/3089/3112 2866/3090/2573 604/3091/542 1404/3092/1260
f 3452/3093/3111 2867/3094/2574 1006/3095/909 2868/3096/2575
f 3451/3097/3110 1947/3098/1745 603/3099/541 2869/3100/2576
f 3450/3101/3109 2870/3102/2577 425/3103/379 1225/3104/1102
f 3449/3105/3108 2871/3106/2578 1007/3107/910 2872/3108/2579
f 3448/3109/3107 1946/3110/1744 602/3111/540 2873/3112/2580
f 3447/3113/3106 2874/3114/2581 601/3115/539 1401/3116/1257
f 3446/3117/3105 2875/3118/2582 1008/3119/911 2876/3120/2583
f 3445/3121/3104 1914/3122/1716 570/3123/510 2877/3124/2584
f 3444/3125/3103 2878/3126/2585 600/3127/538 1400/3128/1256
f 3443/3129/3102 2879/3130/2586 1009/3131/912 2880/3132/2587
f 3442/3133/3101 1943/3134/1741 599/3135/537 2881/3136/2588
f 3441/3137/3100 2882/3138/2589 305/3139/271 1105/3140/997
f 3440/3141/3099 2883/3142/2590 1010/3143/913 2884/3144/2591
f 3439/3145/3098 1942/3146/1740 598/3147/536 2885/3148/2592
f 3438/3149/3097 2886/3150/2593 597/3151/535 1397/3152/1253
f 3437/3153/3096 2887/3154/2594 1011/3155/914 2888/3156/2595
f 3436/3157/3095 1915/3158/1717 571/3159/511 2889/3160/2596
f 3435/3161/3094 2890/3162/2597 596/3163/534 1396/3164/1252
f 3434/3165/3093 2891/3166/2598 1012/3167/915 2892/3168/2599
f 3433/3169/3092 1939/3170/1737 595/3171/533 2893/3172/2600
f 3432/3173/3091 2894/3174/2601 428/3175/382 1228/3176/1105
f 3431/3177/3090 2895/3178/2602 1013/3179/916 2896/3180/2603
f 3430/3181/3089 1938/3182/1736 594/3183/532 2897/3184/2604
f 3429/3185/3088 2898/3186/2605 593/3187/531 1393/3188/1249
f 3428/3189/3087 2899/3190/2606 1014/3191/917 2900/3192/2607
f 3427/3193/3086 1826/3194/1642 482/3195/433 2901/3196/2608
f 3426/3197/3085 2902/3198/2609 592/3199/530 1392/3200/1248
f 3425/3201/3084 2903/3202/2610 1015/3203/918 2904/3204/2611
f 3424/3205/3083 1935/3206/1733 591/3207/529 2905/3208/2612
f 3423/3209/3082 2906/3210/2613 429/3211/383 1229/3212/1106
f 3422/3213/3081 2907/3214/2614 1016/3215/919 2908/3216/2615
f 3421/3217/3080 1934/3218/1732 590/3219/528 2909/3220/2616
f 3420/3221/3079 2910/3222/2617 589/3223/527 1389/3224/1245
f 3419/3225/3078 2911/3226/2618 1017/3227/920 2912/3228/2619
f 3418/3229/3077 1918/3230/1720 574/3231/514 2913/3232/2620
f 3417/3233/3076 2914/3234/2621 588/3235/526 1388/3236/1244
f 3416/3237/3075 2915/3238/2622 1018/3239/921 2916/3240/2623
f 3415/3241/3074 1931/3242/1729 587/3243/525 2917/3244/2624
f 3414/3245/3073 2918/3246/2625 309/3247/274 1109/3248/1001
f 3413/3249/3072 2919/3250/2626 1019/3251/922 2920/3252/2627
f 3412/3253/3071 1930/3254/1728 586/3255/524 2921/3256/2628
f 3411/3257/2 2922/3258/2 585/3259/523 1385/3260/2
f 3410/3261/2 2923/3262/2 1020/3263/2 2924/3264/2
f 3409/3265/2 1919/3266/1721 575/3267/515 2925/3268/401
f 3408/3269/3070 2926/3270/2629 584/3271/522 1384/3272/1241
f 3407/3273/3069 2927/3274/2630 1021/3275/923 2928/3276/2631
f 3406/3277/3068 1927/3278/700 583/3279/2 2929/3280/2632
f 3405/3281/3067 2930/3282/2633 432/3283/386 1232/3284/1109
f 3404/3285/3066 2931/3286/2634 1022/3287/924 2932/3288/2635
f 3403/3289/3065 1926/3290/2 582/3291/2 2933/3292/2636
f 3402/3293/3064 2934/3294/2637 581/3295/521 1381/3296/1240
f 3401/3297/3063 2935/3298/2638 1023/3299/925 2936/3300/2639
f 3400/3301/3062 1820/3302/1636 476/3303/427 2937/3304/2640
f 3399/3305/3061 2938/3306/2641 580/3307/520 1380/3308/1239
f 3398/3309/3060 2939/3310/2642 1024/3311/926 2940/3312/2643
f 3397/3313/3059 1923/3314/1724 579/3315/519 2941/3316/2644
f 3396/3317/3058 2942/3318/2645 433/3319/387 1233/3320/1110
f 3395/3321/3057 2943/3322/2646 1025/3323/927 2944/3324/2647
f 3394/3325/3056 1922/3326/1723 578/3327/518 2945/3328/2648
f 3393/3329/3055 2946/3330/2649 577/3331/517 1377/3332/1236
f 3392/3333/3054 2947/3334/2650 1026/3335/928 2948/3336/2651
f 3391/3337/3053 1676/3338/1510 332/3339/297 2949/3340/2652
f 3390/3341/3052 2950/3342/2653 576/3343/516 1376/3344/1235
f 3389/3345/2 2951/3346/2654 1027/3347/929 2952/3348/2655
f 3388/3349/3051 1775/3350/1595 431/3351/385 2953/3352/2656
f 3387/3353/3050 2954/3354/2657 453/3355/405 1253/3356/1127
f 3386/3357/3049 2955/3358/2658 1028/3359/930 2956/3360/2659
f 3385/3361/3048 1774/3362/1594 430/3363/384 2957/3364/2660
f 3384/3365/3047 2958/3366/2661 573/3367/513 1373/3368/1232
f 3383/3369/3046 2959/3370/2662 1029/3371/931 2960/3372/2663
f 3382/3373/3045 1682/3374/1516 338/3375/303 2961/3376/2664
f 3381/3377/3044 2962/3378/2665 572/3379/512 1372/3380/1231
f 3380/3381/3043 2963/3382/2666 1030/3383/932 2964/3384/2667
f 3379/3385/3042 1771/3386/1591 427/3387/381 2965/3388/2668
f 3378/3389/1946 2966/3390/187 449/3391/401 1249/3392/786
f 3377/3393/3041 2967/3394/2669 1031/3395/933 2968/3396/2670
f 3376/3397/3040 1770/3398/1590 426/3399/380 2969/3400/2671
f 3375/3401/3039 2970/3402/2672 569/3403/509 1369/3404/1228
f 3374/3405/3038 2971/3406/2673 1032/3407/934 2972/3408/2674
f 3373/3409/3037 1683/3410/1517 339/3411/304 2973/3412/2675
f 3372/3413/3036 2974/3414/2676 568/3415/508 1368/3416/1227
f 3371/3417/3035 2975/3418/2677 1033/3419/935 2976/3420/2678
f 3370/3421/3034 1767/3422/1587 423/3423/377 2977/3424/2679
f 3369/3425/3033 2978/3426/2680 456/3427/408 1256/3428/1130
f 3368/3429/3032 2979/3430/2681 1034/3431/936 2980/3432/2682
f 3367/3433/3031 1766/3434/1586 422/3435/376 2981/3436/2683
f 3366/3437/3030 2982/3438/2684 565/3439/505 1365/3440/1224
f 3365/3441/3029 2983/3442/2685 1035/3443/937 2984/3444/2686
f 3364/3445/3028 1680/3446/1514 336/3447/301 2985/3448/2687
f 3363/3449/2 2986/3450/2688 564/3451/143 1364/3452/1223
f 3362/3453/3027 2987/3454/2689 1036/3455/938 2988/3456/2690
f 3361/3457/254 1763/3458/143 419/3459/333 2989/3460/2691
f 3360/3461/3026 2990/3462/2692 457/3463/409 1257/3464/1131
f 3359/3465/3025 2991/3466/1610 1037/3467/939 2992/3468/2693
f 3358/3469/626 1762/3470/2 418/3471/2 2993/3472/1610
f 3357/3473/3024 2994/3474/2694 561/3475/503 1361/3476/1222
f 3356/3477/3023 2995/3478/2695 1038/3479/940 2996/3480/2696
f 3355/3481/3022 1698/3482/1528 354/3483/316 2997/3484/2697
f 3354/3485/3021 2998/3486/2698 560/3487/502 1360/3488/1221
f 3353/3489/3020 2999/3490/2699 1039/3491/941 3000/3492/2700
f 3352/3493/3019 1759/3494/1581 415/3495/372 3001/3496/2701
f 3351/3497/3018 3002/3498/2702 445/3499/397 1245/3500/1120
f 3350/3501/3017 3003/3502/2703 1040/3503/942 3004/3504/2704
f 3349/3505/3016 1758/3506/1580 414/3507/371 3005/3508/2705
f 3348/3509/3015 3006/3510/2706 557/3511/499 1357/3512/1218
f 3347/3513/3014 3007/3514/2707 1041/3515/943 3008/3516/2708
f 3346/3517/3013 1699/3518/1529 355/3519/317 3009/3520/2709
f 3345/3521/3012 3010/3522/2710 556/3523/498 1356/3524/1217
f 3344/3525/3011 3011/3526/2711 1042/3527/944 3012/3528/2712
f 3343/3529/3010 1755/3530/1577 411/3531/368 3013/3532/2713
f 3342/3533/3009 3014/3534/2714 460/3535/412 1260/3536/1134
f 3341/3537/3008 3015/3538/2715 1043/3539/945 3016/3540/2716
f 3340/3541/3007 1754/3542/1576 410/3543/367 3017/3544/2717
f 3339/3545/3006 3018/3546/2718 553/3547/495 1353/3548/1214
f 3338/3549/3005 3019/3550/2719 1044/3551/946 3020/3552/2720
f 3337/3553/837 1692/3554/2 348/3555/2 3021/3556/2721
f 3336/3557/3004 3022/3558/2722 552/3559/494 1352/3560/1213
f 3335/3561/3003 3023/3562/2723 1045/3563/947 3024/3564/2724
f 3334/3565/3002 1751/3566/1573 407/3567/364 3025/3568/2725
f 3333/3569/3001 3026/3570/2726 461/3571/413 1261/3572/1135
f 3332/3573/3000 3027/3574/2727 1046/3575/948 3028/3576/2728
f 3331/3577/2999 1750/3578/1572 406/3579/363 3029/3580/2729
f 3330/3581/2998 3030/3582/2730 549/3583/491 1349/3584/1210
f 3329/3585/2997 3031/3586/2731 1047/3587/949 3032/3588/2732
f 3328/3589/2996 1702/3590/1532 358/3591/320 3033/3592/2733
f 3327/3593/2995 3034/3594/2734 548/3595/490 1348/3596/1209
f 3326/3597/2994 3035/3598/2735 1048/3599/950 3036/3600/2736
f 3325/3601/2993 1747/3602/2 403/3603/2 3037/3604/2
f 3324/3605/2992 3038/3606/2737 444/3607/396 1244/3608/1119
f 3323/3609/2991 3039/3610/2738 1049/3611/951 3040/3612/2739
f 3322/3613/2990 1746/3614/1570 402/3615/361 3041/3616/2740
f 3321/3617/2989 3042/3618/2741 545/3619/487 1345/3620/1206
f 3320/3621/2988 3043/3622/2742 1050/3623/952 3044/3624/2743
f 3319/3625/2987 1703/3626/1533 359/3627/321 3045/3628/2744
f 3318/3629/2986 3046/3630/2745 544/3631/486 1344/3632/1205
f 3317/3633/2985 3047/3634/2746 1051/3635/953 3048/3636/2747
f 3316/3637/2984 1743/3638/1567 399/3639/358 3049/3640/2748
f 3315/3641/2983 3050/3642/2749 464/3643/416 1264/3644/1138
f 3314/3645/2982 3051/3646/2750 1052/3647/954 3052/3648/2751
f 3313/3649/2981 1742/3650/1566 398/3651/357 3053/3652/2752
f 3312/3653/2980 3054/3654/2753 541/3655/483 1341/3656/1202
f 3311/3657/2979 3055/3658/74 1053/3659/2 3056/3660/2754
f 3310/3661/2978 1695/3662/1526 351/3663/314 3057/3664/2755
f 3309/3665/2977 3058/3666/2756 540/3667/482 1340/3668/1201
f 3308/3669/2976 3059/3670/2757 1054/3671/955 3060/3672/2758
f 3307/3673/2975 1739/3674/1563 395/3675/354 3061/3676/2759
f 3306/3677/2974 3062/3678/2760 465/3679/417 1265/3680/1139
f 3305/3681/2973 3063/3682/2761 1055/3683/956 3064/3684/2762
f 3304/3685/2972 1738/3686/1562 394/3687/353 3065/3688/2763
f 3303/3689/2971 3066/3690/2764 537/3691/479 1337/3692/1198
f 3302/3693/2970 3067/3694/2765 1056/3695/957 3068/3696/2766
f 3301/3697/2969 1706/3698/1536 362/3699/324 3069/3700/2767
f 3300/3701/2968 3070/3702/2768 536/3703/478 1336/3704/1197
f 3299/3705/2967 3071/3706/2769 1057/3707/958 3072/3708/2770
f 3298/3709/2966 1735/3710/1559 391/3711/350 3073/3712/2771
f 3297/3713/2965 3074/3714/2772 437/3715/390 1237/3716/1113
f 3296/3717/2964 3075/3718/2773 1058/3719/959 3076/3720/2774
f 3295/3721/2963 1734/3722/1558 390/3723/349 3077/3724/2775
f 3294/3725/2962 3078/3726/2776 533/3727/475 1333/3728/1194
f 3293/3729/2961 3079/3730/2777 1059/3731/960 3080/3732/2778
f 3292/3733/2960 1707/3734/1537 363/3735/325 3081/3736/2779
f 3291/3737/2 3082/3738/2 532/3739/2 1332/3740/2
f 3290/3741/2 3083/3742/2 1060/3743/2 3084/3744/2
f 3289/3745/2 1731/3746/700 387/3747/2 3085/3748/2
f 3288/3749/2959 3086/3750/2780 468/3751/420 1268/3752/1142
f 3287/3753/2958 3087/3754/2781 1061/3755/961 3088/3756/2782
f 3286/3757/2957 1730/3758/786 386/3759/347 3089/3760/2783
f 3285/3761/2956 3090/3762/2784 529/3763/473 1329/3764/1192
f 3284/3765/2955 3091/3766/2785 1062/3767/962 3092/3768/2786
f 3283/3769/2954 1694/3770/1525 350/3771/313 3093/3772/2787
f 3282/3773/2953 3094/3774/2788 528/3775/472 1328/3776/1191
f 3281/3777/2952 3095/3778/2789 1063/3779/963 3096/3780/2790
f 3280/3781/2951 1727/3782/1554 383/3783/344 3097/3784/2791
f 3279/3785/2950 3098/3786/2792 469/3787/421 1269/3788/1143
f 3278/3789/2949 3099/3790/2793 1064/3791/964 3100/3792/2794
f 3277/3793/2948 1726/3794/1553 382/3795/343 3101/3796/2795
f 3276/3797/2947 3102/3798/2796 525/3799/469 1325/3800/1188
f 3275/3801/2946 3103/3802/2797 1065/3803/965 3104/3804/2798
f 3274/3805/2945 1710/3806/1539 366/3807/328 3105/3808/2799
f 3273/3809/2944 3106/3810/2800 524/3811/468 1324/3812/1187
f 3272/3813/2943 3107/3814/2801 1066/3815/966 3108/3816/2802
f 3271/3817/2942 1723/3818/1550 379/3819/340 3109/3820/2803
f 3270/3821/2941 3110/3822/2804 441/3823/393 1241/3824/1116
f 3269/3825/2940 3111/3826/2805 1067/3827/967 3112/3828/2806
f 3268/3829/2939 1722/3830/1549 378/3831/339 3113/3832/2807
f 3267/3833/2938 3114/3834/2808 521/3835/465 1321/3836/1184
f 3266/3837/2937 3115/3838/2809 1068/3839/968 3116/3840/2810
f 3265/3841/2936 1711/3842/1540 367/3843/329 3117/3844/2811
f 3264/3845/2935 3118/3846/2812 520/3847/464 1320/3848/1183
f 3263/3849/2934 3119/3850/2813 1069/3851/969 3120/3852/2814
f 3262/3853/2933 1719/3854/1546 375/3855/336 3121/3856/2815
f 3261/3857/2932 3122/3858/2816 472/3859/424 1272/3860/1146
f 3260/3861/2931 3123/3862/2817 1070/3863/970 3124/3864/2818
f 3259/3865/2930 1718/3866/1545 374/3867/335 3125/3868/2819
f 3258/3869/2 3126/3870/2 517/3871/2 1317/3872/2
f 3257/3873/2 3127/3874/2 1071/3875/2 3128/3876/2
f 3256/3877/2 1688/3878/2 344/3879/2 3129/3880/2
f 3255/3881/2929 3130/3882/2820 516/3883/461 1316/3884/1180
f 3254/3885/2928 3131/3886/2821 1072/3887/971 3132/3888/2822
f 3253/3889/2691 1715/3890/333 371/3891/333 3133/3892/2823
f 3252/3893/401 3134/3894/2824 473/3895/333 1273/3896/333
f 3251/3897/2927 3135/3898/2825 1073/3899/972 3136/3900/2826
f 3250/3901/2926 1714/3902/1543 370/3903/332 3137/3904/2827
f 3249/3905/2925 3138/3906/2828 513/3907/458 1313/3908/1179
f 3248/3909/2924 3139/3910/2829 1074/3911/973 3140/3912/2830
f 3247/3913/2923 1648/3914/1483 304/3915/270 3141/3916/2831
f 3246/3917/2922 3142/3918/2832 512/3919/457 1312/3920/1178
f 3245/3921/2921 3143/3922/2833 1075/3923/974 3144/3924/2834
f 3244/3925/2920 1671/3926/1505 327/3927/292 3145/3928/2835
f 3243/3929/2919 3146/3930/2836 481/3931/432 1281/3932/1154
f 3242/3933/2918 3147/3934/2837 1076/3935/975 3148/3936/2838
f 3241/3937/2917 1670/3938/1504 326/3939/291 3149/3940/2839
f 3240/3941/2916 3150/3942/2840 509/3943/454 1309/3944/1175
f 3239/3945/2915 3151/3946/2841 1077/3947/976 3152/3948/2842
f 3238/3949/2914 1654/3950/1488 310/3951/275 3153/3952/2843
f 3237/3953/2913 3154/3954/2844 508/3955/453 1308/3956/1174
f 3236/3957/2912 3155/3958/2845 1078/3959/977 3156/3960/2846
f 3235/3961/2911 1667/3962/1501 323/3963/288 3157/3964/2847
f 3234/3965/2910 3158/3966/2848 477/3967/428 1277/3968/1150
f 3233/3969/2909 3159/3970/2849 1079/3971/978 3160/3972/2850
f 3232/3973/2908 1666/3974/1500 322/3975/287 3161/3976/2851
f 3231/3977/2907 3162/3978/2852 505/3979/450 1305/3980/1171
f 3230/3981/2906 3163/3982/2853 1080/3983/979 3164/3984/2854
f 3229/3985/2905 1655/3986/1489 311/3987/276 3165/3988/2855
f 3228/3989/2904 3166/3990/2856 504/3991/449 1304/3992/1170
f 3227/3993/2903 3167/3994/2857 1081/3995/980 3168/3996/2858
f 3226/3997/2902 1663/3998/1497 319/3999/284 3169/4000/2859
f 3225/4001/2901 3170/4002/2860 484/4003/435 1284/4004/1157
f 3224/4005/2900 3171/4006/2861 1082/4007/981 3172/4008/2862
f 3223/4009/2899 1662/4010/1496 318/4011/283 3173/4012/2863
f 3222/4013/2898 3174/4014/2864 501/4015/446 1301/4016/1167
f 3221/4017/2897 3175/4018/2865 1083/4019/982 3176/4020/2866
f 3220/4021/2896 1652/4022/1486 308/4023/273 3177/4024/2867
f 3219/4025/2895 3178/4026/2868 500/4027/445 1300/4028/1166
f 3218/4029/2894 3179/4030/2869 1084/4031/983 3180/4032/2870
f 3217/4033/2893 1659/4034/1493 315/4035/280 3181/4036/2871
f 3216/4037/2892 3182/4038/2872 485/4039/436 1285/4040/1158
f 3215/4041/2891 3183/4042/2873 1085/4043/984 3184/4044/2874
f 3214/4045/2890 1658/4046/1492 314/4047/279 3185/4048/2875
f 3213/4049/2 3186/4050/2 497/4051/2 1297/4052/2
f 3212/4053/2 3187/4054/2 1086/4055/2 3188/4056/2
f 3211/4057/2 1640/4058/2 296/4059/2 3189/4060/2
f 3210/4061/2889 3190/4062/2876 496/4063/442 1296/4064/1163
f 3209/4065/2888 3191/4066/2877 1087/4067/985 3192/4068/2878
f 3208/4069/2887 1643/4070/1478 299/4071/265 3193/4072/2879
f 3207/4073/2886 3194/4074/2880 489/4075/438 1289/4076/1160
f 3206/4077/2885 3195/4078/2881 1088/4079/986 3196/4080/2882
f 3205/4081/2884 1642/4082/1477 298/4083/264 3197/4084/2883
f 3204/4085/2 3198/4086/2 493/4087/2 1293/4088/2
f 3203/4089/2 3199/4090/2 1089/4091/2 3200/4092/2
f 3202/4093/2 1636/4094/2 292/4095/2 3201/4096/2
f 3199/4090/2 3202/4093/2 3201/4096/2 1089/4091/2
f 833/1027/2 2177/1024/2 3202/4093/2 3199/4090/2
f 2177/1024/2 84/1023/2 1636/4094/2 3202/4093/2
f 2174/1058/1955 3203/4089/2 3200/4092/2 830/1059/2
f 289/1019/260 1633/1028/2 3203/4089/2 2174/1058/1955
f 1633/1028/2 833/1027/2 3199/4090/2 3203/4089/2
f 1630/1014/2 3204/4085/2 1293/4088/2 141/1015/2
f 830/1059/2 3200/4092/2 3204/4085/2 1630/1014/2
f 3200/4092/2 1089/4091/2 3198/4086/2 3204/4085/2
f 3195/4078/2881 3205/4081/2884 3197/4084/2883 1088/4079/986
f 829/1063/752 2173/1012/1954 3205/4081/2884 3195/4078/2881
f 2173/1012/1954 90/1011/76 1642/4082/1477 3205/4081/2884
f 2170/1094/1951 3206/4077/2885 3196/4080/2882 826/1095/749
f 288/1007/259 1629/1064/1471 3206/4077/2885 2170/1094/1951
f 1629/1064/1471 829/1063/752 3195/4078/2881 3206/4077/2885
f 1626/1002/1468 3207/4073/2886 1289/4076/1160 137/1003/121
f 826/1095/749 3196/4080/2882 3207/4073/2886 1626/1002/1468
f 3196/4080/2882 1088/4079/986 3194/4074/2880 3207/4073/2886
f 3191/4066/2877 3208/4069/2887 3193/4072/2879 1087/4067/985
f 825/1099/748 2169/1000/1950 3208/4069/2887 3191/4066/2877
f 2169/1000/1950 91/999/77 1643/4070/1478 3208/4069/2887
f 2166/1130/1947 3209/4065/2888 3192/4068/2878 822/1131/745
f 287/995/258 1625/1100/1467 3209/4065/2888 2166/1130/1947
f 1625/1100/1467 825/1099/748 3191/4066/2877 3209/4065/2888
f 1622/990/1464 3210/4061/2889 1296/4064/1163 144/991/125
f 822/1131/745 3192/4068/2878 3210/4061/2889 1622/990/1464
f 3192/4068/2878 1087/4067/985 3190/4062/2876 3210/4061/2889
f 3187/4054/2 3211/4057/2 3189/4060/2 1086/4055/2
f 821/1135/333 2165/988/1946 3211/4057/2 3187/4054/2
f 2165/988/1946 88/987/74 1640/4058/2 3211/4057/2
f 2162/1166/2 3212/4053/2 3188/4056/2 818/1167/2
f 286/983/2 1621/1136/2 3212/4053/2 2162/1166/2
f 1621/1136/2 821/1135/333 3187/4054/2 3212/4053/2
f 1618/978/2 3213/4049/2 1297/4052/2 145/979/2
f 818/1167/2 3188/4056/2 3213/4049/2 1618/978/2
f 3188/4056/2 1086/4055/2 3186/4050/2 3213/4049/2
f 3183/4042/2873 3214/4045/2890 3185/4048/2875 1085/4043/984
f 817/1171/743 2161/976/1944 3214/4045/2890 3183/4042/2873
f 2161/976/1944 106/975/92 1658/4046/1492 3214/4045/2890
f 2158/1202/1941 3215/4041/2891 3184/4044/2874 814/1203/740
f 285/971/257 1617/1172/1462 3215/4041/2891 2158/1202/1941
f 1617/1172/1462 817/1171/743 3183/4042/2873 3215/4041/2891
f 1614/966/1459 3216/4037/2892 1285/4040/1158 133/967/119
f 814/1203/740 3184/4044/2874 3216/4037/2892 1614/966/1459
f 3184/4044/2874 1085/4043/984 3182/4038/2872 3216/4037/2892
f 3179/4030/2869 3217/4033/2893 3181/4036/2871 1084/4031/983
f 813/1207/739 2157/964/1940 3217/4033/2893 3179/4030/2869
f 2157/964/1940 107/963/93 1659/4034/1493 3217/4033/2893
f 2154/1238/1937 3218/4029/2894 3180/4032/2870 810/1239/736
f 284/959/256 1613/1208/1458 3218/4029/2894 2154/1238/1937
f 1613/1208/1458 813/1207/739 3179/4030/2869 3218/4029/2894
f 1610/954/1455 3219/4025/2895 1300/4028/1166 148/955/128
f 810/1239/736 3180/4032/2870 3219/4025/2895 1610/954/1455
f 3180/4032/2870 1084/4031/983 3178/4026/2868 3219/4025/2895
f 3175/4018/2865 3220/4021/2896 3177/4024/2867 1083/4019/982
f 809/1243/735 2153/952/1936 3220/4021/2896 3175/4018/2865
f 2153/952/1936 100/951/86 1652/4022/1486 3220/4021/2896
f 2150/1274/1933 3221/4017/2897 3176/4020/2866 806/1275/732
f 283/947/255 1609/1244/1454 3221/4017/2897 2150/1274/1933
f 1609/1244/1454 809/1243/735 3175/4018/2865 3221/4017/2897
f 1606/942/1451 3222/4013/2898 1301/4016/1167 149/943/129
f 806/1275/732 3176/4020/2866 3222/4013/2898 1606/942/1451
f 3176/4020/2866 1083/4019/982 3174/4014/2864 3222/4013/2898
f 3171/4006/2861 3223/4009/2899 3173/4012/2863 1082/4007/981
f 805/1279/731 2149/940/1932 3223/4009/2899 3171/4006/2861
f 2149/940/1932 110/939/96 1662/4010/1496 3223/4009/2899
f 2146/1310/1930 3224/4005/2900 3172/4008/2862 802/1311/729
f 282/935/254 1605/1280/1450 3224/4005/2900 2146/1310/1930
f 1605/1280/1450 805/1279/731 3171/4006/2861 3224/4005/2900
f 1602/930/1447 3225/4001/2901 1284/4004/1157 132/931/118
f 802/1311/729 3172/4008/2862 3225/4001/2901 1602/930/1447
f 3172/4008/2862 1082/4007/981 3170/4002/2860 3225/4001/2901
f 3167/3994/2857 3226/3997/2902 3169/4000/2859 1081/3995/980
f 801/1315/728 2145/928/1929 3226/3997/2902 3167/3994/2857
f 2145/928/1929 111/927/97 1663/3998/1497 3226/3997/2902
f 2142/1346/1926 3227/3993/2903 3168/3996/2858 798/1347/725
f 281/923/253 1601/1316/1446 3227/3993/2903 2142/1346/1926
f 1601/1316/1446 801/1315/728 3167/3994/2857 3227/3993/2903
f 1598/918/1443 3228/3989/2904 1304/3992/1170 152/919/132
f 798/1347/725 3168/3996/2858 3228/3989/2904 1598/918/1443
f 3168/3996/2858 1081/3995/980 3166/3990/2856 3228/3989/2904
f 3163/3982/2853 3229/3985/2905 3165/3988/2855 1080/3983/979
f 797/1351/724 2141/916/1925 3229/3985/2905 3163/3982/2853
f 2141/916/1925 103/915/89 1655/3986/1489 3229/3985/2905
f 2138/1382/1922 3230/3981/2906 3164/3984/2854 794/1383/721
f 280/911/252 1597/1352/1442 3230/3981/2906 2138/1382/1922
f 1597/1352/1442 797/1351/724 3163/3982/2853 3230/3981/2906
f 1594/906/1439 3231/3977/2907 1305/3980/1171 153/907/133
f 794/1383/721 3164/3984/2854 3231/3977/2907 1594/906/1439
f 3164/3984/2854 1080/3983/979 3162/3978/2852 3231/3977/2907
f 3159/3970/2849 3232/3973/2908 3161/3976/2851 1079/3971/978
f 793/1387/720 2137/904/1921 3232/3973/2908 3159/3970/2849
f 2137/904/1921 114/903/100 1666/3974/1500 3232/3973/2908
f 2134/1418/1918 3233/3969/2909 3160/3972/2850 790/1419/717
f 279/899/251 1593/1388/1438 3233/3969/2909 2134/1418/1918
f 1593/1388/1438 793/1387/720 3159/3970/2849 3233/3969/2909
f 1590/894/1435 3234/3965/2910 1277/3968/1150 125/895/111
f 790/1419/717 3160/3972/2850 3234/3965/2910 1590/894/1435
f 3160/3972/2850 1079/3971/978 3158/3966/2848 3234/3965/2910
f 3155/3958/2845 3235/3961/2911 3157/3964/2847 1078/3959/977
f 789/1423/716 2133/892/1917 3235/3961/2911 3155/3958/2845
f 2133/892/1917 115/891/101 1667/3962/1501 3235/3961/2911
f 2130/1454/1914 3236/3957/2912 3156/3960/2846 786/1455/714
f 278/887/250 1589/1424/1434 3236/3957/2912 2130/1454/1914
f 1589/1424/1434 789/1423/716 3155/3958/2845 3236/3957/2912
f 1586/882/1432 3237/3953/2913 1308/3956/1174 156/883/136
f 786/1455/714 3156/3960/2846 3237/3953/2913 1586/882/1432
f 3156/3960/2846 1078/3959/977 3154/3954/2844 3237/3953/2913
f 3151/3946/2841 3238/3949/2914 3153/3952/2843 1077/3947/976
f 785/1459/713 2129/880/1913 3238/3949/2914 3151/3946/2841
f 2129/880/1913 102/879/88 1654/3950/1488 3238/3949/2914
f 2126/1490/1910 3239/3945/2915 3152/3948/2842 782/1491/710
f 277/875/249 1585/1460/1431 3239/3945/2915 2126/1490/1910
f 1585/1460/1431 785/1459/713 3151/3946/2841 3239/3945/2915
f 1582/870/1428 3240/3941/2916 1309/3944/1175 157/871/137
f 782/1491/710 3152/3948/2842 3240/3941/2916 1582/870/1428
f 3152/3948/2842 1077/3947/976 3150/3942/2840 3240/3941/2916
f 3147/3934/2837 3241/3937/2917 3149/3940/2839 1076/3935/975
f 781/1495/709 2125/868/1909 3241/3937/2917 3147/3934/2837
f 2125/868/1909 118/867/104 1670/3938/1504 3241/3937/2917
f 2122/1526/1906 3242/3933/2918 3148/3936/2838 778/1527/706
f 276/863/248 1581/1496/1427 3242/3933/2918 2122/1526/1906
f 1581/1496/1427 781/1495/709 3147/3934/2837 3242/3933/2918
f 1578/858/1424 3243/3929/2919 1281/3932/1154 129/859/115
f 778/1527/706 3148/3936/2838 3243/3929/2919 1578/858/1424
f 3148/3936/2838 1076/3935/975 3146/3930/2836 3243/3929/2919
f 3143/3922/2833 3244/3925/2920 3145/3928/2835 1075/3923/974
f 777/1531/705 2121/856/1905 3244/3925/2920 3143/3922/2833
f 2121/856/1905 119/855/105 1671/3926/1505 3244/3925/2920
f 2118/1562/1902 3245/3921/2921 3144/3924/2834 774/1563/702
f 275/851/247 1577/1532/1423 3245/3921/2921 2118/1562/1902
f 1577/1532/1423 777/1531/705 3143/3922/2833 3245/3921/2921
f 1574/846/1420 3246/3917/2922 1312/3920/1178 160/847/140
f 774/1563/702 3144/3924/2834 3246/3917/2922 1574/846/1420
f 3144/3924/2834 1075/3923/974 3142/3918/2832 3246/3917/2922
f 3139/3910/2829 3247/3913/2923 3141/3916/2831 1074/3911/973
f 773/1567/701 2117/844/1901 3247/3913/2923 3139/3910/2829
f 2117/844/1901 96/843/82 1648/3914/1483 3247/3913/2923
f 2114/1598/1899 3248/3909/2924 3140/3912/2830 770/1599/698
f 274/839/246 1573/1568/1419 3248/3909/2924 2114/1598/1899
f 1573/1568/1419 773/1567/701 3139/3910/2829 3248/3909/2924
f 1570/834/1416 3249/3905/2925 1313/3908/1179 161/835/141
f 770/1599/698 3140/3912/2830 3249/3905/2925 1570/834/1416
f 3140/3912/2830 1074/3911/973 3138/3906/2828 3249/3905/2925
f 3135/3898/2825 3250/3901/2926 3137/3904/2827 1073/3899/972
f 769/1603/697 2113/832/1898 3250/3901/2926 3135/3898/2825
f 2113/832/1898 162/831/142 1714/3902/1543 3250/3901/2926
f 2110/1634/1895 3251/3897/2927 3136/3900/2826 766/1635/694
f 273/827/245 1569/1604/1415 3251/3897/2927 2110/1634/1895
f 1569/1604/1415 769/1603/697 3135/3898/2825 3251/3897/2927
f 1566/822/1412 3252/3893/401 1273/3896/333 121/823/107
f 766/1635/694 3136/3900/2826 3252/3893/401 1566/822/1412
f 3136/3900/2826 1073/3899/972 3134/3894/2824 3252/3893/401
f 3131/3886/2821 3253/3889/2691 3133/3892/2823 1072/3887/971
f 765/1639/693 2109/820/1894 3253/3889/2691 3131/3886/2821
f 2109/820/1894 163/819/143 1715/3890/333 3253/3889/2691
f 2106/1670/1891 3254/3885/2928 3132/3888/2822 762/1671/690
f 272/815/244 1565/1640/1411 3254/3885/2928 2106/1670/1891
f 1565/1640/1411 765/1639/693 3131/3886/2821 3254/3885/2928
f 1562/810/1408 3255/3881/2929 1316/3884/1180 164/811/144
f 762/1671/690 3132/3888/2822 3255/3881/2929 1562/810/1408
f 3132/3888/2822 1072/3887/971 3130/3882/2820 3255/3881/2929
f 3127/3874/2 3256/3877/2 3129/3880/2 1071/3875/2
f 761/1675/2 2105/808/2 3256/3877/2 3127/3874/2
f 2105/808/2 136/807/2 1688/3878/2 3256/3877/2
f 2102/1706/2 3257/3873/2 3128/3876/2 758/1707/2
f 271/803/2 1561/1676/2 3257/3873/2 2102/1706/2
f 1561/1676/2 761/1675/2 3127/3874/2 3257/3873/2
f 1558/798/2 3258/3869/2 1317/3872/2 165/799/2
f 758/1707/2 3128/3876/2 3258/3869/2 1558/798/2
f 3128/3876/2 1071/3875/2 3126/3870/2 3258/3869/2
f 3123/3862/2817 3259/3865/2930 3125/3868/2819 1070/3863/970
f 757/1711/689 2101/796/1890 3259/3865/2930 3123/3862/2817
f 2101/796/1890 166/795/145 1718/3866/1545 3259/3865/2930
f 2098/1742/1887 3260/3861/2931 3124/3864/2818 754/1743/686
f 270/791/243 1557/1712/1407 3260/3861/2931 2098/1742/1887
f 1557/1712/1407 757/1711/689 3123/3862/2817 3260/3861/2931
f 1554/786/1404 3261/3857/2932 1272/3860/1146 120/787/106
f 754/1743/686 3124/3864/2818 3261/3857/2932 1554/786/1404
f 3124/3864/2818 1070/3863/970 3122/3858/2816 3261/3857/2932
f 3119/3850/2813 3262/3853/2933 3121/3856/2815 1069/3851/969
f 753/1747/685 2097/784/1886 3262/3853/2933 3119/3850/2813
f 2097/784/1886 167/783/146 1719/3854/1546 3262/3853/2933
f 2094/1778/1883 3263/3849/2934 3120/3852/2814 750/1779/682
f 269/779/242 1553/1748/1403 3263/3849/2934 2094/1778/1883
f 1553/1748/1403 753/1747/685 3119/3850/2813 3263/3849/2934
f 1550/774/1400 3264/3845/2935 1320/3848/1183 168/775/147
f 750/1779/682 3120/3852/2814 3264/3845/2935 1550/774/1400
f 3120/3852/2814 1069/3851/969 3118/3846/2812 3264/3845/2935
f 3115/3838/2809 3265/3841/2936 3117/3844/2811 1068/3839/968
f 749/1783/681 2093/772/1882 3265/3841/2936 3115/3838/2809
f 2093/772/1882 159/771/139 1711/3842/1540 3265/3841/2936
f 2090/1814/1879 3266/3837/2937 3116/3840/2810 746/1815/678
f 268/767/241 1549/1784/1399 3266/3837/2937 2090/1814/1879
f 1549/1784/1399 749/1783/681 3115/3838/2809 3266/3837/2937
f 1546/762/1396 3267/3833/2938 1321/3836/1184 169/763/148
f 746/1815/678 3116/3840/2810 3267/3833/2938 1546/762/1396
f 3116/3840/2810 1068/3839/968 3114/3834/2808 3267/3833/2938
f 3111/3826/2805 3268/3829/2939 3113/3832/2807 1067/3827/967
f 745/1819/677 2089/760/1878 3268/3829/2939 3111/3826/2805
f 2089/760/1878 170/759/149 1722/3830/1549 3268/3829/2939
f 2086/1850/1875 3269/3825/2940 3112/3828/2806 742/1851/674
f 267/755/240 1545/1820/1395 3269/3825/2940 2086/1850/1875
f 1545/1820/1395 745/1819/677 3111/3826/2805 3269/3825/2940
f 1542/750/1392 3270/3821/2941 1241/3824/1116 89/751/75
f 742/1851/674 3112/3828/2806 3270/3821/2941 1542/750/1392
f 3112/3828/2806 1067/3827/967 3110/3822/2804 3270/3821/2941
f 3107/3814/2801 3271/3817/2942 3109/3820/2803 1066/3815/966
f 741/1855/673 2085/748/1874 3271/3817/2942 3107/3814/2801
f 2085/748/1874 171/747/150 1723/3818/1550 3271/3817/2942
f 2082/1886/1871 3272/3813/2943 3108/3816/2802 738/1887/670
f 266/743/239 1541/1856/1391 3272/3813/2943 2082/1886/1871
f 1541/1856/1391 741/1855/673 3107/3814/2801 3272/3813/2943
f 1538/738/1388 3273/3809/2944 1324/3812/1187 172/739/151
f 738/1887/670 3108/3816/2802 3273/3809/2944 1538/738/1388
f 3108/3816/2802 1066/3815/966 3106/3810/2800 3273/3809/2944
f 3103/3802/2797 3274/3805/2945 3105/3808/2799 1065/3803/965
f 737/1891/669 2081/736/1870 3274/3805/2945 3103/3802/2797
f 2081/736/1870 158/735/138 1710/3806/1539 3274/3805/2945
f 2078/1922/1867 3275/3801/2946 3104/3804/2798 734/1923/666
f 265/731/238 1537/1892/1387 3275/3801/2946 2078/1922/1867
f 1537/1892/1387 737/1891/669 3103/3802/2797 3275/3801/2946
f 1534/726/1384 3276/3797/2947 1325/3800/1188 173/727/152
f 734/1923/666 3104/3804/2798 3276/3797/2947 1534/726/1384
f 3104/3804/2798 1065/3803/965 3102/3798/2796 3276/3797/2947
f 3099/3790/2793 3277/3793/2948 3101/3796/2795 1064/3791/964
f 733/1927/665 2077/724/1866 3277/3793/2948 3099/3790/2793
f 2077/724/1866 174/723/153 1726/3794/1553 3277/3793/2948
f 2074/1958/1863 3278/3789/2949 3100/3792/2794 730/1959/662
f 264/719/237 1533/1928/1383 3278/3789/2949 2074/1958/1863
f 1533/1928/1383 733/1927/665 3099/3790/2793 3278/3789/2949
f 1530/714/1380 3279/3785/2950 1269/3788/1143 117/715/103
f 730/1959/662 3100/3792/2794 3279/3785/2950 1530/714/1380
f 3100/3792/2794 1064/3791/964 3098/3786/2792 3279/3785/2950
f 3095/3778/2789 3280/3781/2951 3097/3784/2791 1063/3779/963
f 729/1963/661 2073/712/1862 3280/3781/2951 3095/3778/2789
f 2073/712/1862 175/711/154 1727/3782/1554 3280/3781/2951
f 2070/1994/1859 3281/3777/2952 3096/3780/2790 726/1995/658
f 263/707/236 1529/1964/1379 3281/3777/2952 2070/1994/1859
f 1529/1964/1379 729/1963/661 3095/3778/2789 3281/3777/2952
f 1526/702/1376 3282/3773/2953 1328/3776/1191 176/703/155
f 726/1995/658 3096/3780/2790 3282/3773/2953 1526/702/1376
f 3096/3780/2790 1063/3779/963 3094/3774/2788 3282/3773/2953
f 3091/3766/2785 3283/3769/2954 3093/3772/2787 1062/3767/962
f 725/1999/657 2069/700/1858 3283/3769/2954 3091/3766/2785
f 2069/700/1858 142/699/124 1694/3770/1525 3283/3769/2954
f 2066/2030/1855 3284/3765/2955 3092/3768/2786 722/2031/654
f 262/695/235 1525/2000/1375 3284/3765/2955 2066/2030/1855
f 1525/2000/1375 725/1999/657 3091/3766/2785 3284/3765/2955
f 1522/690/1372 3285/3761/2956 1329/3764/1192 177/691/156
f 722/2031/654 3092/3768/2786 3285/3761/2956 1522/690/1372
f 3092/3768/2786 1062/3767/962 3090/3762/2784 3285/3761/2956
f 3087/3754/2781 3286/3757/2957 3089/3760/2783 1061/3755/961
f 721/2035/653 2065/688/2 3286/3757/2957 3087/3754/2781
f 2065/688/2 178/687/2 1730/3758/786 3286/3757/2957
f 2062/2066/1853 3287/3753/2958 3088/3756/2782 718/2067/650
f 261/683/234 1521/2036/1371 3287/3753/2958 2062/2066/1853
f 1521/2036/1371 721/2035/653 3087/3754/2781 3287/3753/2958
f 1518/678/1368 3288/3749/2959 1268/3752/1142 116/679/102
f 718/2067/650 3088/3756/2782 3288/3749/2959 1518/678/1368
f 3088/3756/2782 1061/3755/961 3086/3750/2780 3288/3749/2959
f 3083/3742/2 3289/3745/2 3085/3748/2 1060/3743/2
f 717/2071/2 2061/676/2 3289/3745/2 3083/3742/2
f 2061/676/2 179/675/157 1731/3746/700 3289/3745/2
f 2058/2102/2 3290/3741/2 3084/3744/2 714/2103/2
f 260/671/2 1517/2072/2 3290/3741/2 2058/2102/2
f 1517/2072/2 717/2071/2 3083/3742/2 3290/3741/2
f 1514/666/2 3291/3737/2 1332/3740/2 180/667/2
f 714/2103/2 3084/3744/2 3291/3737/2 1514/666/2
f 3084/3744/2 1060/3743/2 3082/3738/2 3291/3737/2
f 3079/3730/2777 3292/3733/2960 3081/3736/2779 1059/3731/960
f 713/2107/649 2057/664/1851 3292/3733/2960 3079/3730/2777
f 2057/664/1851 155/663/135 1707/3734/1537 3292/3733/2960
f 2054/2138/1848 3293/3729/2961 3080/3732/2778 710/2139/646
f 259/659/233 1513/2108/1367 3293/3729/2961 2054/2138/1848
f 1513/2108/1367 713/2107/649 3079/3730/2777 3293/3729/2961
f 1510/654/1364 3294/3725/2962 1333/3728/1194 181/655/158
f 710/2139/646 3080/3732/2778 3294/3725/2962 1510/654/1364
f 3080/3732/2778 1059/3731/960 3078/3726/2776 3294/3725/2962
f 3075/3718/2773 3295/3721/2963 3077/3724/2775 1058/3719/959
f 709/2143/645 2053/652/1847 3295/3721/2963 3075/3718/2773
f 2053/652/1847 182/651/159 1734/3722/1558 3295/3721/2963
f 2050/2174/1844 3296/3717/2964 3076/3720/2774 706/2175/642
f 258/647/232 1509/2144/1363 3296/3717/2964 2050/2174/1844
f 1509/2144/1363 709/2143/645 3075/3718/2773 3296/3717/2964
f 1506/642/1360 3297/3713/2965 1237/3716/1113 85/643/2
f 706/2175/642 3076/3720/2774 3297/3713/2965 1506/642/1360
f 3076/3720/2774 1058/3719/959 3074/3714/2772 3297/3713/2965
f 3071/3706/2769 3298/3709/2966 3073/3712/2771 1057/3707/958
f 705/2179/641 2049/640/1843 3298/3709/2966 3071/3706/2769
f 2049/640/1843 183/639/160 1735/3710/1559 3298/3709/2966
f 2046/2210/1840 3299/3705/2967 3072/3708/2770 702/2211/639
f 257/635/231 1505/2180/1359 3299/3705/2967 2046/2210/1840
f 1505/2180/1359 705/2179/641 3071/3706/2769 3299/3705/2967
f 1502/630/1356 3300/3701/2968 1336/3704/1197 184/631/161
f 702/2211/639 3072/3708/2770 3300/3701/2968 1502/630/1356
f 3072/3708/2770 1057/3707/958 3070/3702/2768 3300/3701/2968
f 3067/3694/2765 3301/3697/2969 3069/3700/2767 1056/3695/957
f 701/2215/638 2045/628/1839 3301/3697/2969 3067/3694/2765
f 2045/628/1839 154/627/134 1706/3698/1536 3301/3697/2969
f 2042/2246/1836 3302/3693/2970 3068/3696/2766 698/2247/635
f 256/623/230 1501/2216/1355 3302/3693/2970 2042/2246/1836
f 1501/2216/1355 701/2215/638 3067/3694/2765 3302/3693/2970
f 1498/618/1352 3303/3689/2971 1337/3692/1198 185/619/162
f 698/2247/635 3068/3696/2766 3303/3689/2971 1498/618/1352
f 3068/3696/2766 1056/3695/957 3066/3690/2764 3303/3689/2971
f 3063/3682/2761 3304/3685/2972 3065/3688/2763 1055/3683/956
f 697/2251/634 2041/616/1835 3304/3685/2972 3063/3682/2761
f 2041/616/1835 186/615/163 1738/3686/1562 3304/3685/2972
f 2038/2282/1832 3305/3681/2973 3064/3684/2762 694/2283/631
f 255/611/229 1497/2252/1351 3305/3681/2973 2038/2282/1832
f 1497/2252/1351 697/2251/634 3063/3682/2761 3305/3681/2973
f 1494/606/1348 3306/3677/2974 1265/3680/1139 113/607/99
f 694/2283/631 3064/3684/2762 3306/3677/2974 1494/606/1348
f 3064/3684/2762 1055/3683/956 3062/3678/2760 3306/3677/2974
f 3059/3670/2757 3307/3673/2975 3061/3676/2759 1054/3671/955
f 693/2287/630 2037/604/1831 3307/3673/2975 3059/3670/2757
f 2037/604/1831 187/603/164 1739/3674/1563 3307/3673/2975
f 2034/2318/1828 3308/3669/2976 3060/3672/2758 690/2319/627
f 254/599/228 1493/2288/1347 3308/3669/2976 2034/2318/1828
f 1493/2288/1347 693/2287/630 3059/3670/2757 3308/3669/2976
f 1490/594/1344 3309/3665/2977 1340/3668/1201 188/595/165
f 690/2319/627 3060/3672/2758 3309/3665/2977 1490/594/1344
f 3060/3672/2758 1054/3671/955 3058/3666/2756 3309/3665/2977
f 3055/3658/74 3310/3661/2978 3057/3664/2755 1053/3659/2
f 689/2323/626 2033/592/2 3310/3661/2978 3055/3658/74
f 2033/592/2 143/591/2 1695/3662/1526 3310/3661/2978
f 2030/2354/1825 3311/3657/2979 3056/3660/2754 686/2355/623
f 253/587/227 1489/2324/1343 3311/3657/2979 2030/2354/1825
f 1489/2324/1343 689/2323/626 3055/3658/74 3311/3657/2979
f 1486/582/1340 3312/3653/2980 1341/3656/1202 189/583/166
f 686/2355/623 3056/3660/2754 3312/3653/2980 1486/582/1340
f 3056/3660/2754 1053/3659/2 3054/3654/2753 3312/3653/2980
f 3051/3646/2750 3313/3649/2981 3053/3652/2752 1052/3647/954
f 685/2359/622 2029/580/1824 3313/3649/2981 3051/3646/2750
f 2029/580/1824 190/579/167 1742/3650/1566 3313/3649/2981
f 2026/2390/1821 3314/3645/2982 3052/3648/2751 682/2391/619
f 252/575/226 1485/2360/1339 3314/3645/2982 2026/2390/1821
f 1485/2360/1339 685/2359/622 3051/3646/2750 3314/3645/2982
f 1482/570/1336 3315/3641/2983 1264/3644/1138 112/571/98
f 682/2391/619 3052/3648/2751 3315/3641/2983 1482/570/1336
f 3052/3648/2751 1052/3647/954 3050/3642/2749 3315/3641/2983
f 3047/3634/2746 3316/3637/2984 3049/3640/2748 1051/3635/953
f 681/2395/618 2025/568/1820 3316/3637/2984 3047/3634/2746
f 2025/568/1820 191/567/168 1743/3638/1567 3316/3637/2984
f 2022/2426/1817 3317/3633/2985 3048/3636/2747 678/2427/615
f 251/563/225 1481/2396/1335 3317/3633/2985 2022/2426/1817
f 1481/2396/1335 681/2395/618 3047/3634/2746 3317/3633/2985
f 1478/558/1332 3318/3629/2986 1344/3632/1205 192/559/169
f 678/2427/615 3048/3636/2747 3318/3629/2986 1478/558/1332
f 3048/3636/2747 1051/3635/953 3046/3630/2745 3318/3629/2986
f 3043/3622/2742 3319/3625/2987 3045/3628/2744 1050/3623/952
f 677/2431/614 2021/556/1816 3319/3625/2987 3043/3622/2742
f 2021/556/1816 151/555/131 1703/3626/1533 3319/3625/2987
f 2018/2462/1813 3320/3621/2988 3044/3624/2743 674/2463/611
f 250/551/224 1477/2432/1331 3320/3621/2988 2018/2462/1813
f 1477/2432/1331 677/2431/614 3043/3622/2742 3320/3621/2988
f 1474/546/1328 3321/3617/2989 1345/3620/1206 193/547/170
f 674/2463/611 3044/3624/2743 3321/3617/2989 1474/546/1328
f 3044/3624/2743 1050/3623/952 3042/3618/2741 3321/3617/2989
f 3039/3610/2738 3322/3613/2990 3041/3616/2740 1049/3611/951
f 673/2467/610 2017/544/1812 3322/3613/2990 3039/3610/2738
f 2017/544/1812 194/543/171 1746/3614/1570 3322/3613/2990
f 2014/2498/1809 3323/3609/2991 3040/3612/2739 670/2499/607
f 249/539/223 1473/2468/1327 3323/3609/2991 2014/2498/1809
f 1473/2468/1327 673/2467/610 3039/3610/2738 3323/3609/2991
f 1470/534/1324 3324/3605/2992 1244/3608/1119 92/535/78
f 670/2499/607 3040/3612/2739 3324/3605/2992 1470/534/1324
f 3040/3612/2739 1049/3611/951 3038/3606/2737 3324/3605/2992
f 3035/3598/2735 3325/3601/2993 3037/3604/2 1048/3599/950
f 669/2503/606 2013/532/1808 3325/3601/2993 3035/3598/2735
f 2013/532/1808 195/531/172 1747/3602/2 3325/3601/2993
f 2010/2534/1805 3326/3597/2994 3036/3600/2736 666/2535/603
f 248/527/222 1469/2504/1323 3326/3597/2994 2010/2534/1805
f 1469/2504/1323 669/2503/606 3035/3598/2735 3326/3597/2994
f 1466/522/1320 3327/3593/2995 1348/3596/1209 196/523/173
f 666/2535/603 3036/3600/2736 3327/3593/2995 1466/522/1320
f 3036/3600/2736 1048/3599/950 3034/3594/2734 3327/3593/2995
f 3031/3586/2731 3328/3589/2996 3033/3592/2733 1047/3587/949
f 665/2539/602 2009/520/1804 3328/3589/2996 3031/3586/2731
f 2009/520/1804 150/519/130 1702/3590/1532 3328/3589/2996
f 2006/2570/1801 3329/3585/2997 3032/3588/2732 662/2571/599
f 247/515/221 1465/2540/1319 3329/3585/2997 2006/2570/1801
f 1465/2540/1319 665/2539/602 3031/3586/2731 3329/3585/2997
f 1462/510/837 3330/3581/2998 1349/3584/1210 197/511/172
f 662/2571/599 3032/3588/2732 3330/3581/2998 1462/510/837
f 3032/3588/2732 1047/3587/949 3030/3582/2730 3330/3581/2998
f 3027/3574/2727 3331/3577/2999 3029/3580/2729 1046/3575/948
f 661/2575/598 2005/508/1800 3331/3577/2999 3027/3574/2727
f 2005/508/1800 198/507/174 1750/3578/1572 3331/3577/2999
f 2002/2606/1797 3332/3573/3000 3028/3576/2728 658/2607/595
f 246/503/220 1461/2576/1316 3332/3573/3000 2002/2606/1797
f 1461/2576/1316 661/2575/598 3027/3574/2727 3332/3573/3000
f 1458/498/1313 3333/3569/3001 1261/3572/1135 109/499/95
f 658/2607/595 3028/3576/2728 3333/3569/3001 1458/498/1313
f 3028/3576/2728 1046/3575/948 3026/3570/2726 3333/3569/3001
f 3023/3562/2723 3334/3565/3002 3025/3568/2725 1045/3563/947
f 657/2611/594 2001/496/1796 3334/3565/3002 3023/3562/2723
f 2001/496/1796 199/495/175 1751/3566/1573 3334/3565/3002
f 1998/2642/1793 3335/3561/3003 3024/3564/2724 654/2643/591
f 245/491/219 1457/2612/1312 3335/3561/3003 1998/2642/1793
f 1457/2612/1312 657/2611/594 3023/3562/2723 3335/3561/3003
f 1454/486/1309 3336/3557/3004 1352/3560/1213 200/487/176
f 654/2643/591 3024/3564/2724 3336/3557/3004 1454/486/1309
f 3024/3564/2724 1045/3563/947 3022/3558/2722 3336/3557/3004
f 3019/3550/2719 3337/3553/837 3021/3556/2721 1044/3551/946
f 653/2647/590 1997/484/2 3337/3553/837 3019/3550/2719
f 1997/484/2 140/483/2 1692/3554/2 3337/3553/837
f 1994/2678/1790 3338/3549/3005 3020/3552/2720 650/2679/587
f 244/479/218 1453/2648/1308 3338/3549/3005 1994/2678/1790
f 1453/2648/1308 653/2647/590 3019/3550/2719 3338/3549/3005
f 1450/474/1305 3339/3545/3006 1353/3548/1214 201/475/177
f 650/2679/587 3020/3552/2720 3339/3545/3006 1450/474/1305
f 3020/3552/2720 1044/3551/946 3018/3546/2718 3339/3545/3006
f 3015/3538/2715 3340/3541/3007 3017/3544/2717 1043/3539/945
f 649/2683/586 1993/472/1789 3340/3541/3007 3015/3538/2715
f 1993/472/1789 202/471/178 1754/3542/1576 3340/3541/3007
f 1990/2714/1786 3341/3537/3008 3016/3540/2716 646/2715/583
f 243/467/217 1449/2684/1304 3341/3537/3008 1990/2714/1786
f 1449/2684/1304 649/2683/586 3015/3538/2715 3341/3537/3008
f 1446/462/1301 3342/3533/3009 1260/3536/1134 108/463/94
f 646/2715/583 3016/3540/2716 3342/3533/3009 1446/462/1301
f 3016/3540/2716 1043/3539/945 3014/3534/2714 3342/3533/3009
f 3011/3526/2711 3343/3529/3010 3013/3532/2713 1042/3527/944
f 645/2719/582 1989/460/1785 3343/3529/3010 3011/3526/2711
f 1989/460/1785 203/459/179 1755/3530/1577 3343/3529/3010
f 1986/2750/1783 3344/3525/3011 3012/3528/2712 642/2751/579
f 242/455/216 1445/2720/1300 3344/3525/3011 1986/2750/1783
f 1445/2720/1300 645/2719/582 3011/3526/2711 3344/3525/3011
f 1442/450/1297 3345/3521/3012 1356/3524/1217 204/451/180
f 642/2751/579 3012/3528/2712 3345/3521/3012 1442/450/1297
f 3012/3528/2712 1042/3527/944 3010/3522/2710 3345/3521/3012
f 3007/3514/2707 3346/3517/3013 3009/3520/2709 1041/3515/943
f 641/2755/578 1985/448/1782 3346/3517/3013 3007/3514/2707
f 1985/448/1782 147/447/127 1699/3518/1529 3346/3517/3013
f 1982/2786/1779 3347/3513/3014 3008/3516/2708 638/2787/575
f 241/443/215 1441/2756/1296 3347/3513/3014 1982/2786/1779
f 1441/2756/1296 641/2755/578 3007/3514/2707 3347/3513/3014
f 1438/438/1293 3348/3509/3015 1357/3512/1218 205/439/181
f 638/2787/575 3008/3516/2708 3348/3509/3015 1438/438/1293
f 3008/3516/2708 1041/3515/943 3006/3510/2706 3348/3509/3015
f 3003/3502/2703 3349/3505/3016 3005/3508/2705 1040/3503/942
f 637/2791/574 1981/436/1778 3349/3505/3016 3003/3502/2703
f 1981/436/1778 206/435/182 1758/3506/1580 3349/3505/3016
f 1978/2822/1775 3350/3501/3017 3004/3504/2704 634/2823/571
f 240/431/214 1437/2792/1292 3350/3501/3017 1978/2822/1775
f 1437/2792/1292 637/2791/574 3003/3502/2703 3350/3501/3017
f 1434/426/1289 3351/3497/3018 1245/3500/1120 93/427/79
f 634/2823/571 3004/3504/2704 3351/3497/3018 1434/426/1289
f 3004/3504/2704 1040/3503/942 3002/3498/2702 3351/3497/3018
f 2999/3490/2699 3352/3493/3019 3001/3496/2701 1039/3491/941
f 633/2827/570 1977/424/1774 3352/3493/3019 2999/3490/2699
f 1977/424/1774 207/423/183 1759/3494/1581 3352/3493/3019
f 1974/2858/1771 3353/3489/3020 3000/3492/2700 630/2859/567
f 239/419/213 1433/2828/1288 3353/3489/3020 1974/2858/1771
f 1433/2828/1288 633/2827/570 2999/3490/2699 3353/3489/3020
f 1430/414/1285 3354/3485/3021 1360/3488/1221 208/415/184
f 630/2859/567 3000/3492/2700 3354/3485/3021 1430/414/1285
f 3000/3492/2700 1039/3491/941 2998/3486/2698 3354/3485/3021
f 2995/3478/2695 3355/3481/3022 2997/3484/2697 1038/3479/940
f 629/2863/566 1973/412/1770 3355/3481/3022 2995/3478/2695
f 1973/412/1770 146/411/126 1698/3482/1528 3355/3481/3022
f 1970/2894/1767 3356/3477/3023 2996/3480/2696 626/2895/563
f 238/407/212 1429/2864/1284 3356/3477/3023 1970/2894/1767
f 1429/2864/1284 629/2863/566 2995/3478/2695 3356/3477/3023
f 1426/402/1281 3357/3473/3024 1361/3476/1222 209/403/185
f 626/2895/563 2996/3480/2696 3357/3473/3024 1426/402/1281
f 2996/3480/2696 1038/3479/940 2994/3474/2694 3357/3473/3024
f 2991/3466/1610 3358/3469/626 2993/3472/1610 1037/3467/939
f 625/2899/348 1969/400/2 3358/3469/626 2991/3466/1610
f 1969/400/2 210/399/2 1762/3470/2 3358/3469/626
f 1966/2930/1764 3359/3465/3025 2992/3468/2693 622/2931/560
f 237/395/211 1425/2900/580 3359/3465/3025 1966/2930/1764
f 1425/2900/580 625/2899/348 2991/3466/1610 3359/3465/3025
f 1422/390/1278 3360/3461/3026 1257/3464/1131 105/391/91
f 622/2931/560 2992/3468/2693 3360/3461/3026 1422/390/1278
f 2992/3468/2693 1037/3467/939 2990/3462/2692 3360/3461/3026
f 2987/3454/2689 3361/3457/254 2989/3460/2691 1036/3455/938
f 621/2935/559 1965/388/1763 3361/3457/254 2987/3454/2689
f 1965/388/1763 211/387/186 1763/3458/143 3361/3457/254
f 1962/2966/1760 3362/3453/3027 2988/3456/2690 618/2967/556
f 236/383/210 1421/2936/1277 3362/3453/3027 1962/2966/1760
f 1421/2936/1277 621/2935/559 2987/3454/2689 3362/3453/3027
f 1418/378/1274 3363/3449/2 1364/3452/1223 212/379/187
f 618/2967/556 2988/3456/2690 3363/3449/2 1418/378/1274
f 2988/3456/2690 1036/3455/938 2986/3450/2688 3363/3449/2
f 2983/3442/2685 3364/3445/3028 2985/3448/2687 1035/3443/937
f 617/2971/555 1961/376/1759 3364/3445/3028 2983/3442/2685
f 1961/376/1759 128/375/114 1680/3446/1514 3364/3445/3028
f 1958/3002/1756 3365/3441/3029 2984/3444/2686 614/3003/552
f 235/371/209 1417/2972/1273 3365/3441/3029 1958/3002/1756
f 1417/2972/1273 617/2971/555 2983/3442/2685 3365/3441/3029
f 1414/366/1270 3366/3437/3030 1365/3440/1224 213/367/188
f 614/3003/552 2984/3444/2686 3366/3437/3030 1414/366/1270
f 2984/3444/2686 1035/3443/937 2982/3438/2684 3366/3437/3030
f 2979/3430/2681 3367/3433/3031 2981/3436/2683 1034/3431/936
f 613/3007/551 1957/364/1755 3367/3433/3031 2979/3430/2681
f 1957/364/1755 214/363/189 1766/3434/1586 3367/3433/3031
f 1954/3038/1752 3368/3429/3032 2980/3432/2682 610/3039/548
f 234/359/208 1413/3008/1269 3368/3429/3032 1954/3038/1752
f 1413/3008/1269 613/3007/551 2979/3430/2681 3368/3429/3032
f 1410/354/1266 3369/3425/3033 1256/3428/1130 104/355/90
f 610/3039/548 2980/3432/2682 3369/3425/3033 1410/354/1266
f 2980/3432/2682 1034/3431/936 2978/3426/2680 3369/3425/3033
f 2975/3418/2677 3370/3421/3034 2977/3424/2679 1033/3419/935
f 609/3043/547 1953/352/1751 3370/3421/3034 2975/3418/2677
f 1953/352/1751 215/351/190 1767/3422/1587 3370/3421/3034
f 1950/3074/1748 3371/3417/3035 2976/3420/2678 606/3075/544
f 233/347/207 1409/3044/1265 3371/3417/3035 1950/3074/1748
f 1409/3044/1265 609/3043/547 2975/3418/2677 3371/3417/3035
f 1406/342/1262 3372/3413/3036 1368/3416/1227 216/343/191
f 606/3075/544 2976/3420/2678 3372/3413/3036 1406/342/1262
f 2976/3420/2678 1033/3419/935 2974/3414/2676 3372/3413/3036
f 2971/3406/2673 3373/3409/3037 2973/3412/2675 1032/3407/934
f 605/3079/543 1949/340/1747 3373/3409/3037 2971/3406/2673
f 1949/340/1747 131/339/117 1683/3410/1517 3373/3409/3037
f 1946/3110/1744 3374/3405/3038 2972/3408/2674 602/3111/540
f 232/335/206 1405/3080/1261 3374/3405/3038 1946/3110/1744
f 1405/3080/1261 605/3079/543 2971/3406/2673 3374/3405/3038
f 1402/330/1258 3375/3401/3039 1369/3404/1228 217/331/192
f 602/3111/540 2972/3408/2674 3375/3401/3039 1402/330/1258
f 2972/3408/2674 1032/3407/934 2970/3402/2672 3375/3401/3039
f 2967/3394/2669 3376/3397/3040 2969/3400/2671 1031/3395/933
f 601/3115/539 1945/328/1743 3376/3397/3040 2967/3394/2669
f 1945/328/1743 218/327/193 1770/3398/1590 3376/3397/3040
f 1942/3146/1740 3377/3393/3041 2968/3396/2670 598/3147/536
f 231/323/205 1401/3116/1257 3377/3393/3041 1942/3146/1740
f 1401/3116/1257 601/3115/539 2967/3394/2669 3377/3393/3041
f 1398/318/1254 3378/3389/1946 1249/3392/786 97/319/83
f 598/3147/536 2968/3396/2670 3378/3389/1946 1398/318/1254
f 2968/3396/2670 1031/3395/933 2966/3390/187 3378/3389/1946
f 2963/3382/2666 3379/3385/3042 2965/3388/2668 1030/3383/932
f 597/3151/535 1941/316/1739 3379/3385/3042 2963/3382/2666
f 1941/316/1739 219/315/194 1771/3386/1591 3379/3385/3042
f 1938/3182/1736 3380/3381/3043 2964/3384/2667 594/3183/532
f 230/311/204 1397/3152/1253 3380/3381/3043 1938/3182/1736
f 1397/3152/1253 597/3151/535 2963/3382/2666 3380/3381/3043
f 1394/306/1250 3381/3377/3044 1372/3380/1231 220/307/195
f 594/3183/532 2964/3384/2667 3381/3377/3044 1394/306/1250
f 2964/3384/2667 1030/3383/932 2962/3378/2665 3381/3377/3044
f 2959/3370/2662 3382/3373/3045 2961/3376/2664 1029/3371/931
f 593/3187/531 1937/304/1735 3382/3373/3045 2959/3370/2662
f 1937/304/1735 130/303/116 1682/3374/1516 3382/3373/3045
f 1934/3218/1732 3383/3369/3046 2960/3372/2663 590/3219/528
f 229/299/203 1393/3188/1249 3383/3369/3046 1934/3218/1732
f 1393/3188/1249 593/3187/531 2959/3370/2662 3383/3369/3046
f 1390/294/1246 3384/3365/3047 1373/3368/1232 221/295/196
f 590/3219/528 2960/3372/2663 3384/3365/3047 1390/294/1246
f 2960/3372/2663 1029/3371/931 2958/3366/2661 3384/3365/3047
f 2955/3358/2658 3385/3361/3048 2957/3364/2660 1028/3359/930
f 589/3223/527 1933/292/1731 3385/3361/3048 2955/3358/2658
f 1933/292/1731 222/291/197 1774/3362/1594 3385/3361/3048
f 1930/3254/1728 3386/3357/3049 2956/3360/2659 586/3255/524
f 228/287/202 1389/3224/1245 3386/3357/3049 1930/3254/1728
f 1389/3224/1245 589/3223/527 2955/3358/2658 3386/3357/3049
f 1386/282/1242 3387/3353/3050 1253/3356/1127 101/283/87
f 586/3255/524 2956/3360/2659 3387/3353/3050 1386/282/1242
f 2956/3360/2659 1028/3359/930 2954/3354/2657 3387/3353/3050
f 2951/3346/2654 3388/3349/3051 2953/3352/2656 1027/3347/929
f 585/3259/523 1929/280/1727 3388/3349/3051 2951/3346/2654
f 1929/280/1727 223/279/198 1775/3350/1595 3388/3349/3051
f 1926/3290/2 3389/3345/2 2952/3348/2655 582/3291/2
f 227/275/2 1385/3260/2 3389/3345/2 1926/3290/2
f 1385/3260/2 585/3259/523 2951/3346/2654 3389/3345/2
f 1382/270/2 3390/3341/3052 1376/3344/1235 224/271/199
f 582/3291/2 2952/3348/2655 3390/3341/3052 1382/270/2
f 2952/3348/2655 1027/3347/929 2950/3342/2653 3390/3341/3052
f 2947/3334/2650 3391/3337/3053 2949/3340/2652 1026/3335/928
f 581/3295/521 1925/268/1726 3391/3337/3053 2947/3334/2650
f 1925/268/1726 124/267/110 1676/3338/1510 3391/3337/3053
f 1922/3326/1723 3392/3333/3054 2948/3336/2651 578/3327/518
f 226/263/201 1381/3296/1240 3392/3333/3054 1922/3326/1723
f 1381/3296/1240 581/3295/521 2947/3334/2650 3392/3333/3054
f 1378/258/1237 3393/3329/3055 1377/3332/1236 225/259/200
f 578/3327/518 2948/3336/2651 3393/3329/3055 1378/258/1237
f 2948/3336/2651 1026/3335/928 2946/3330/2649 3393/3329/3055
f 2943/3322/2646 3394/3325/3056 2945/3328/2648 1025/3323/927
f 580/3307/520 1924/264/1725 3394/3325/3056 2943/3322/2646
f 1924/264/1725 226/263/201 1922/3326/1723 3394/3325/3056
f 1775/3350/1595 3395/3321/3057 2944/3324/2647 431/3351/385
f 223/279/198 1380/3308/1239 3395/3321/3057 1775/3350/1595
f 1380/3308/1239 580/3307/520 2943/3322/2646 3395/3321/3057
f 1231/250/1108 3396/3317/3058 1233/3320/1110 81/251/70
f 431/3351/385 2944/3324/2647 3396/3317/3058 1231/250/1108
f 2944/3324/2647 1025/3323/927 2942/3318/2645 3396/3317/3058
f 2939/3310/2642 3397/3313/3059 2941/3316/2644 1024/3311/926
f 369/1591/331 1713/836/1542 3397/3313/3059 2939/3310/2642
f 1713/836/1542 161/835/141 1923/3314/1724 3397/3313/3059
f 1919/3266/1721 3398/3309/3060 2940/3312/2643 575/3267/515
f 65/67/2 1169/1592/1056 3398/3309/3060 1919/3266/1721
f 1169/1592/1056 369/1591/331 2939/3310/2642 3398/3309/3060
f 1375/278/1234 3399/3305/3061 1380/3308/1239 223/279/198
f 575/3267/515 2940/3312/2643 3399/3305/3061 1375/278/1234
f 2940/3312/2643 1024/3311/926 2938/3306/2641 3399/3305/3061
f 2935/3298/2638 3400/3301/3062 2937/3304/2640 1023/3299/925
f 513/3907/458 1857/64/1667 3400/3301/3062 2935/3298/2638
f 1857/64/1667 12/63/8 1820/3302/1636 3400/3301/3062
f 1923/3314/1724 3401/3297/3063 2936/3300/2639 579/3315/519
f 161/835/141 1313/3908/1179 3401/3297/3063 1923/3314/1724
f 1313/3908/1179 513/3907/458 2935/3298/2638 3401/3297/3063
f 1379/262/1238 3402/3293/3064 1381/3296/1240 226/263/201
f 579/3315/519 2936/3300/2639 3402/3293/3064 1379/262/1238
f 2936/3300/2639 1023/3299/925 2934/3294/2637 3402/3293/3064
f 2931/3286/2634 3403/3289/3065 2933/3292/2636 1022/3287/924
f 584/3271/522 1928/276/1413 3403/3289/3065 2931/3286/2634
f 1928/276/1413 227/275/2 1926/3290/2 3403/3289/3065
f 1710/3806/1539 3404/3285/3066 2932/3288/2635 366/3807/328
f 158/735/138 1384/3272/1241 3404/3285/3066 1710/3806/1539
f 1384/3272/1241 584/3271/522 2931/3286/2634 3404/3285/3066
f 1166/98/1053 3405/3281/3067 1232/3284/1109 62/99/55
f 366/3807/328 2932/3288/2635 3405/3281/3067 1166/98/1053
f 2932/3288/2635 1022/3287/924 2930/3282/2633 3405/3281/3067
f 2927/3274/2630 3406/3277/3068 2929/3280/2632 1021/3275/923
f 329/1627/294 1673/824/1507 3406/3277/3068 2927/3274/2630
f 1673/824/1507 121/823/107 1927/3278/700 3406/3277/3068
f 1854/1898/1664 3407/3273/3069 2928/3276/2631 510/1899/455
f 25/59/21 1129/1628/1021 3407/3273/3069 1854/1898/1664
f 1129/1628/1021 329/1627/294 2927/3274/2630 3407/3273/3069
f 1310/734/1176 3408/3269/3070 1384/3272/1241 158/735/138
f 510/1899/455 2928/3276/2631 3408/3269/3070 1310/734/1176
f 2928/3276/2631 1021/3275/923 2926/3270/2629 3408/3269/3070
f 2923/3262/2 3409/3265/2 2925/3268/401 1020/3263/2
f 473/3895/333 1817/68/580 3409/3265/2 2923/3262/2
f 1817/68/580 65/67/2 1919/3266/1721 3409/3265/2
f 1927/3278/700 3410/3261/2 2924/3264/2 583/3279/2
f 121/823/107 1273/3896/333 3410/3261/2 1927/3278/700
f 1273/3896/333 473/3895/333 2923/3262/2 3410/3261/2
f 1383/274/2 3411/3257/2 1385/3260/2 227/275/2
f 583/3279/2 2924/3264/2 3411/3257/2 1383/274/2
f 2924/3264/2 1020/3263/2 2922/3258/2 3411/3257/2
f 2919/3250/2626 3412/3253/3071 2921/3256/2628 1019/3251/922
f 588/3235/526 1932/288/1730 3412/3253/3071 2919/3250/2626
f 1932/288/1730 228/287/202 1930/3254/1728 3412/3253/3071
f 1670/3938/1504 3413/3249/3072 2920/3252/2627 326/3939/291
f 118/867/104 1388/3236/1244 3413/3249/3072 1670/3938/1504
f 1388/3236/1244 588/3235/526 2919/3250/2626 3413/3249/3072
f 1126/54/1018 3414/3245/3073 1109/3248/1001 17/55/13
f 326/3939/291 2920/3252/2627 3414/3245/3073 1126/54/1018
f 2920/3252/2627 1019/3251/922 2918/3246/2625 3414/3245/3073
f 2915/3238/2622 3415/3241/3074 2917/3244/2624 1018/3239/921
f 432/3283/386 1776/272/107 3415/3241/3074 2915/3238/2622
f 1776/272/107 224/271/199 1931/3242/1729 3415/3241/3074
f 1814/1502/1631 3416/3237/3075 2916/3240/2623 470/1503/422
f 62/99/55 1232/3284/1109 3416/3237/3075 1814/1502/1631
f 1232/3284/1109 432/3283/386 2915/3238/2622 3416/3237/3075
f 1270/866/1144 3417/3233/3076 1388/3236/1244 118/867/104
f 470/1503/422 2916/3240/2623 3417/3233/3076 1270/866/1144
f 2916/3240/2623 1018/3239/921 2914/3234/2621 3417/3233/3076
f 2911/3226/2618 3418/3229/3077 2913/3232/2620 1017/3227/920
f 576/3343/516 1920/252/1722 3418/3229/3077 2911/3226/2618
f 1920/252/1722 81/251/70 1918/3230/1720 3418/3229/3077
f 1931/3242/1729 3419/3225/3078 2912/3228/2619 587/3243/525
f 224/271/199 1376/3344/1235 3419/3225/3078 1931/3242/1729
f 1376/3344/1235 576/3343/516 2911/3226/2618 3419/3225/3078
f 1387/286/1243 3420/3221/3079 1389/3224/1245 228/287/202
f 587/3243/525 2912/3228/2619 3420/3221/3079 1387/286/1243
f 2912/3228/2619 1017/3227/920 2910/3222/2617 3420/3221/3079
f 2907/3214/2614 3421/3217/3080 2909/3220/2616 1016/3215/919
f 592/3199/530 1936/300/1734 3421/3217/3080 2907/3214/2614
f 1936/300/1734 229/299/203 1934/3218/1732 3421/3217/3080
f 1771/3386/1591 3422/3213/3081 2908/3216/2615 427/3387/381
f 219/315/194 1392/3200/1248 3422/3213/3081 1771/3386/1591
f 1392/3200/1248 592/3199/530 2907/3214/2614 3422/3213/3081
f 1227/238/1104 3423/3209/3082 1229/3212/1106 80/239/69
f 427/3387/381 2908/3216/2615 3423/3209/3082 1227/238/1104
f 2908/3216/2615 1016/3215/919 2906/3210/2613 3423/3209/3082
f 2903/3202/2610 3424/3205/3083 2905/3208/2612 1015/3203/918
f 365/1483/327 1709/872/1538 3424/3205/3083 2903/3202/2610
f 1709/872/1538 157/871/137 1935/3206/1733 3424/3205/3083
f 1915/3158/1717 3425/3201/3084 2904/3204/2611 571/3159/511
f 61/103/54 1165/1484/1052 3425/3201/3084 1915/3158/1717
f 1165/1484/1052 365/1483/327 2903/3202/2610 3425/3201/3084
f 1371/314/1230 3426/3197/3085 1392/3200/1248 219/315/194
f 571/3159/511 2904/3204/2611 3426/3197/3085 1371/314/1230
f 2904/3204/2611 1015/3203/918 2902/3198/2609 3426/3197/3085
f 2899/3190/2606 3427/3193/3086 2901/3196/2608 1014/3191/917
f 509/3943/454 1853/52/1663 3427/3193/3086 2899/3190/2606
f 1853/52/1663 18/51/14 1826/3194/1642 3427/3193/3086
f 1935/3206/1733 3428/3189/3087 2900/3192/2607 591/3207/529
f 157/871/137 1309/3944/1175 3428/3189/3087 1935/3206/1733
f 1309/3944/1175 509/3943/454 2899/3190/2606 3428/3189/3087
f 1391/298/1247 3429/3185/3088 1393/3188/1249 229/299/203
f 591/3207/529 2900/3192/2607 3429/3185/3088 1391/298/1247
f 2900/3192/2607 1014/3191/917 2898/3186/2605 3429/3185/3088
f 2895/3178/2602 3430/3181/3089 2897/3184/2604 1013/3179/916
f 596/3163/534 1940/312/1738 3430/3181/3089 2895/3178/2602
f 1940/312/1738 230/311/204 1938/3182/1736 3430/3181/3089
f 1706/3698/1536 3431/3177/3090 2896/3180/2603 362/3699/324
f 154/627/134 1396/3164/1252 3431/3177/3090 1706/3698/1536
f 1396/3164/1252 596/3163/534 2895/3178/2602 3431/3177/3090
f 1162/134/1049 3432/3173/3091 1228/3176/1105 58/135/51
f 362/3699/324 2896/3180/2603 3432/3173/3091 1162/134/1049
f 2896/3180/2603 1013/3179/916 2894/3174/2601 3432/3173/3091
f 2891/3166/2598 3433/3169/3092 2893/3172/2600 1012/3167/915
f 325/1951/290 1669/716/1503 3433/3169/3092 2891/3166/2598
f 1669/716/1503 117/715/103 1939/3170/1737 3433/3169/3092
f 1850/2222/1660 3434/3165/3093 2892/3168/2599 506/2223/451
f 24/47/20 1125/1952/1017 3434/3165/3093 1850/2222/1660
f 1125/1952/1017 325/1951/290 2891/3166/2598 3434/3165/3093
f 1306/626/1172 3435/3161/3094 1396/3164/1252 154/627/134
f 506/2223/451 2892/3168/2599 3435/3161/3094 1306/626/1172
f 2892/3168/2599 1012/3167/915 2890/3162/2597 3435/3161/3094
f 2887/3154/2594 3436/3157/3095 2889/3160/2596 1011/3155/914
f 469/3787/421 1813/104/1630 3436/3157/3095 2887/3154/2594
f 1813/104/1630 61/103/54 1915/3158/1717 3436/3157/3095
f 1939/3170/1737 3437/3153/3096 2888/3156/2595 595/3171/533
f 117/715/103 1269/3788/1143 3437/3153/3096 1939/3170/1737
f 1269/3788/1143 469/3787/421 2887/3154/2594 3437/3153/3096
f 1395/310/1251 3438/3149/3097 1397/3152/1253 230/311/204
f 595/3171/533 2888/3156/2595 3438/3149/3097 1395/310/1251
f 2888/3156/2595 1011/3155/914 2886/3150/2593 3438/3149/3097
f 2883/3142/2590 3439/3145/3098 2885/3148/2592 1010/3143/913
f 600/3127/538 1944/324/1742 3439/3145/3098 2883/3142/2590
f 1944/324/1742 231/323/205 1942/3146/1740 3439/3145/3098
f 1666/3974/1500 3440/3141/3099 2884/3144/2591 322/3975/287
f 114/903/100 1400/3128/1256 3440/3141/3099 1666/3974/1500
f 1400/3128/1256 600/3127/538 2883/3142/2590 3440/3141/3099
f 1122/42/1014 3441/3137/3100 1105/3140/997 13/43/9
f 322/3975/287 2884/3144/2591 3441/3137/3100 1122/42/1014
f 2884/3144/2591 1010/3143/913 2882/3138/2589 3441/3137/3100
f 2879/3130/2586 3442/3133/3101 2881/3136/2588 1009/3131/912
f 428/3175/382 1772/308/1592 3442/3133/3101 2879/3130/2586
f 1772/308/1592 220/307/195 1943/3134/1741 3442/3133/3101
f 1810/1394/1627 3443/3129/3102 2880/3132/2587 466/1395/418
f 58/135/51 1228/3176/1105 3443/3129/3102 1810/1394/1627
f 1228/3176/1105 428/3175/382 2879/3130/2586 3443/3129/3102
f 1266/902/1140 3444/3125/3103 1400/3128/1256 114/903/100
f 466/1395/418 2880/3132/2587 3444/3125/3103 1266/902/1140
f 2880/3132/2587 1009/3131/912 2878/3126/2585 3444/3125/3103
f 2875/3118/2582 3445/3121/3104 2877/3124/2584 1008/3119/911
f 572/3379/512 1916/240/1718 3445/3121/3104 2875/3118/2582
f 1916/240/1718 80/239/69 1914/3122/1716 3445/3121/3104
f 1943/3134/1741 3446/3117/3105 2876/3120/2583 599/3135/537
f 220/307/195 1372/3380/1231 3446/3117/3105 1943/3134/1741
f 1372/3380/1231 572/3379/512 2875/3118/2582 3446/3117/3105
f 1399/322/1255 3447/3113/3106 1401/3116/1257 231/323/205
f 599/3135/537 2876/3120/2583 3447/3113/3106 1399/322/1255
f 2876/3120/2583 1008/3119/911 2874/3114/2581 3447/3113/3106
f 2871/3106/2578 3448/3109/3107 2873/3112/2580 1007/3107/910
f 604/3091/542 1948/336/1746 3448/3109/3107 2871/3106/2578
f 1948/336/1746 232/335/206 1946/3110/1744 3448/3109/3107
f 1767/3422/1587 3449/3105/3108 2872/3108/2579 423/3423/377
f 215/351/190 1404/3092/1260 3449/3105/3108 1767/3422/1587
f 1404/3092/1260 604/3091/542 2871/3106/2578 3449/3105/3108
f 1223/226/1100 3450/3101/3109 1225/3104/1102 79/227/68
f 423/3423/377 2872/3108/2579 3450/3101/3109 1223/226/1100
f 2872/3108/2579 1007/3107/910 2870/3102/2577 3450/3101/3109
f 2867/3094/2574 3451/3097/3110 2869/3100/2576 1006/3095/909
f 361/1375/323 1705/908/1535 3451/3097/3110 2867/3094/2574
f 1705/908/1535 153/907/133 1947/3098/1745 3451/3097/3110
f 1911/3050/1713 3452/3093/3111 2868/3096/2575 567/3051/507
f 57/139/50 1161/1376/1048 3452/3093/3111 1911/3050/1713
f 1161/1376/1048 361/1375/323 2867/3094/2574 3452/3093/3111
f 1367/350/1226 3453/3089/3112 1404/3092/1260 215/351/190
f 567/3051/507 2868/3096/2575 3453/3089/3112 1367/350/1226
f 2868/3096/2575 1006/3095/909 2866/3090/2573 3453/3089/3112
f 2863/3082/2570 3454/3085/3113 2865/3088/2572 1005/3083/908
f 505/3979/450 1849/40/1659 3454/3085/3113 2863/3082/2570
f 1849/40/1659 19/39/15 1827/3086/1643 3454/3085/3113
f 1947/3098/1745 3455/3081/3114 2864/3084/2571 603/3099/541
f 153/907/133 1305/3980/1171 3455/3081/3114 1947/3098/1745
f 1305/3980/1171 505/3979/450 2863/3082/2570 3455/3081/3114
f 1403/334/1259 3456/3077/3115 1405/3080/1261 232/335/206
f 603/3099/541 2864/3084/2571 3456/3077/3115 1403/334/1259
f 2864/3084/2571 1005/3083/908 2862/3078/2569 3456/3077/3115
f 2859/3070/2566 3457/3073/3116 2861/3076/2568 1004/3071/907
f 608/3055/546 1952/348/1750 3457/3073/3116 2859/3070/2566
f 1952/348/1750 233/347/207 1950/3074/1748 3457/3073/3116
f 1702/3590/1532 3458/3069/3117 2860/3072/2567 358/3591/320
f 150/519/130 1408/3056/1264 3458/3069/3117 1702/3590/1532
f 1408/3056/1264 608/3055/546 2859/3070/2566 3458/3069/3117
f 1158/170/1045 3459/3065/3118 1224/3068/1101 54/171/47
f 358/3591/320 2860/3072/2567 3459/3065/3118 1158/170/1045
f 2860/3072/2567 1004/3071/907 2858/3066/2565 3459/3065/3118
f 2855/3058/2562 3460/3061/3119 2857/3064/2564 1003/3059/906
f 321/2275/286 1665/608/1499 3460/3061/3119 2855/3058/2562
f 1665/608/1499 113/607/99 1951/3062/1749 3460/3061/3119
f 1846/2546/1656 3461/3057/3120 2856/3060/2563 502/2547/447
f 23/35/19 1121/2276/1013 3461/3057/3120 1846/2546/1656
f 1121/2276/1013 321/2275/286 2855/3058/2562 3461/3057/3120
f 1302/518/1168 3462/3053/3121 1408/3056/1264 150/519/130
f 502/2547/447 2856/3060/2563 3462/3053/3121 1302/518/1168
f 2856/3060/2563 1003/3059/906 2854/3054/2561 3462/3053/3121
f 2851/3046/2558 3463/3049/3122 2853/3052/2560 1002/3047/905
f 465/3679/417 1809/140/1626 3463/3049/3122 2851/3046/2558
f 1809/140/1626 57/139/50 1911/3050/1713 3463/3049/3122
f 1951/3062/1749 3464/3045/3123 2852/3048/2559 607/3063/545
f 113/607/99 1265/3680/1139 3464/3045/3123 1951/3062/1749
f 1265/3680/1139 465/3679/417 2851/3046/2558 3464/3045/3123
f 1407/346/1263 3465/3041/3124 1409/3044/1265 233/347/207
f 607/3063/545 2852/3048/2559 3465/3041/3124 1407/346/1263
f 2852/3048/2559 1002/3047/905 2850/3042/2557 3465/3041/3124
f 2847/3034/2554 3466/3037/3125 2849/3040/2556 1001/3035/904
f 612/3019/550 1956/360/1754 3466/3037/3125 2847/3034/2554
f 1956/360/1754 234/359/208 1954/3038/1752 3466/3037/3125
f 1662/4010/1496 3467/3033/3126 2848/3036/2555 318/4011/283
f 110/939/96 1412/3020/1268 3467/3033/3126 1662/4010/1496
f 1412/3020/1268 612/3019/550 2847/3034/2554 3467/3033/3126
f 1118/30/1010 3468/3029/3127 1112/3032/1004 20/31/16
f 318/4011/283 2848/3036/2555 3468/3029/3127 1118/30/1010
f 2848/3036/2555 1001/3035/904 2846/3030/2553 3468/3029/3127
f 2843/3022/2550 3469/3025/3128 2845/3028/2552 1000/3023/903
f 424/3067/378 1768/344/1588 3469/3025/3128 2843/3022/2550
f 1768/344/1588 216/343/191 1955/3026/1753 3469/3025/3128
f 1806/1286/1623 3470/3021/3129 2844/3024/2551 462/1287/414
f 54/171/47 1224/3068/1101 3470/3021/3129 1806/1286/1623
f 1224/3068/1101 424/3067/378 2843/3022/2550 3470/3021/3129
f 1262/938/1136 3471/3017/3130 1412/3020/1268 110/939/96
f 462/1287/414 2844/3024/2551 3471/3017/3130 1262/938/1136
f 2844/3024/2551 1000/3023/903 2842/3018/2549 3471/3017/3130
f 2839/3010/2546 3472/3013/3131 2841/3016/2548 999/3011/902
f 568/3415/508 1912/228/1714 3472/3013/3131 2839/3010/2546
f 1912/228/1714 79/227/68 1910/3014/1712 3472/3013/3131
f 1955/3026/1753 3473/3009/3132 2840/3012/2547 611/3027/549
f 216/343/191 1368/3416/1227 3473/3009/3132 1955/3026/1753
f 1368/3416/1227 568/3415/508 2839/3010/2546 3473/3009/3132
f 1411/358/1267 3474/3005/3133 1413/3008/1269 234/359/208
f 611/3027/549 2840/3012/2547 3474/3005/3133 1411/358/1267
f 2840/3012/2547 999/3011/902 2838/3006/2545 3474/3005/3133
f 2835/2998/2543 3475/3001/3134 2837/3004/2544 998/2999/901
f 616/2983/554 1960/372/1758 3475/3001/3134 2835/2998/2543
f 1960/372/1758 235/371/209 1958/3002/1756 3475/3001/3134
f 1763/3458/143 3476/2997/333 2836/3000/2 419/3459/333
f 211/387/186 1416/2984/1272 3476/2997/333 1763/3458/143
f 1416/2984/1272 616/2983/554 2835/2998/2543 3476/2997/333
f 1219/214/2 3477/2993/2 1221/2996/2 78/215/2
f 419/3459/333 2836/3000/2 3477/2993/2 1219/214/2
f 2836/3000/2 998/2999/901 2834/2994/2542 3477/2993/2
f 2831/2986/2539 3478/2989/3135 2833/2992/2541 997/2987/900
f 357/1267/319 1701/944/1531 3478/2989/3135 2831/2986/2539
f 1701/944/1531 149/943/129 1959/2990/1757 3478/2989/3135
f 1907/2942/1710 3479/2985/3136 2832/2988/2540 563/2943/504
f 53/175/46 1157/1268/1044 3479/2985/3136 1907/2942/1710
f 1157/1268/1044 357/1267/319 2831/2986/2539 3479/2985/3136
f 1363/386/561 3480/2981/3137 1416/2984/1272 211/387/186
f 563/2943/504 2832/2988/2540 3480/2981/3137 1363/386/561
f 2832/2988/2540 997/2987/900 2830/2982/2538 3480/2981/3137
f 2827/2974/2535 3481/2977/3138 2829/2980/2537 996/2975/899
f 501/4015/446 1845/28/1655 3481/2977/3138 2827/2974/2535
f 1845/28/1655 16/27/12 1824/2978/1640 3481/2977/3138
f 1959/2990/1757 3482/2973/3139 2828/2976/2536 615/2991/553
f 149/943/129 1301/4016/1167 3482/2973/3139 1959/2990/1757
f 1301/4016/1167 501/4015/446 2827/2974/2535 3482/2973/3139
f 1415/370/1271 3483/2969/3140 1417/2972/1273 235/371/209
f 615/2991/553 2828/2976/2536 3483/2969/3140 1415/370/1271
f 2828/2976/2536 996/2975/899 2826/2970/2534 3483/2969/3140
f 2823/2962/2531 3484/2965/3141 2825/2968/2533 995/2963/898
f 620/2947/558 1964/384/1762 3484/2965/3141 2823/2962/2531
f 1964/384/1762 236/383/210 1962/2966/1760 3484/2965/3141
f 1698/3482/1528 3485/2961/3142 2824/2964/2532 354/3483/316
f 146/411/126 1420/2948/1276 3485/2961/3142 1698/3482/1528
f 1420/2948/1276 620/2947/558 2823/2962/2531 3485/2961/3142
f 1154/206/1041 3486/2957/3143 1220/2960/1098 50/207/43
f 354/3483/316 2824/2964/2532 3486/2957/3143 1154/206/1041
f 2824/2964/2532 995/2963/898 2822/2958/2530 3486/2957/3143
f 2819/2950/2527 3487/2953/3144 2821/2956/2529 994/2951/897
f 317/2599/282 1661/500/1495 3487/2953/3144 2819/2950/2527
f 1661/500/1495 109/499/95 1963/2954/1761 3487/2953/3144
f 1842/2870/1652 3488/2949/3145 2820/2952/2528 498/2871/443
f 22/23/18 1117/2600/1009 3488/2949/3145 1842/2870/1652
f 1117/2600/1009 317/2599/282 2819/2950/2527 3488/2949/3145
f 1298/410/1164 3489/2945/3146 1420/2948/1276 146/411/126
f 498/2871/443 2820/2952/2528 3489/2945/3146 1298/410/1164
f 2820/2952/2528 994/2951/897 2818/2946/2526 3489/2945/3146
f 2815/2938/2523 3490/2941/3147 2817/2944/2525 993/2939/896
f 461/3571/413 1805/176/1622 3490/2941/3147 2815/2938/2523
f 1805/176/1622 53/175/46 1907/2942/1710 3490/2941/3147
f 1963/2954/1761 3491/2937/3148 2816/2940/2524 619/2955/557
f 109/499/95 1261/3572/1135 3491/2937/3148 1963/2954/1761
f 1261/3572/1135 461/3571/413 2815/2938/2523 3491/2937/3148
f 1419/382/1275 3492/2933/3149 1421/2936/1277 236/383/210
f 619/2955/557 2816/2940/2524 3492/2933/3149 1419/382/1275
f 2816/2940/2524 993/2939/896 2814/2934/2522 3492/2933/3149
f 2811/2926/2519 3493/2929/3150 2813/2932/2521 992/2927/895
f 624/2911/562 1968/396/1766 3493/2929/3150 2811/2926/2519
f 1968/396/1766 237/395/211 1966/2930/1764 3493/2929/3150
f 1658/4046/1492 3494/2925/3151 2812/2928/2520 314/4047/279
f 106/975/92 1424/2912/1280 3494/2925/3151 1658/4046/1492
f 1424/2912/1280 624/2911/562 2811/2926/2519 3494/2925/3151
f 1114/18/1006 3495/2921/3152 1113/2924/1005 21/19/17
f 314/4047/279 2812/2928/2520 3495/2921/3152 1114/18/1006
f 2812/2928/2520 992/2927/895 2810/2922/2518 3495/2921/3152
f 2807/2914/2516 3496/2917/3153 2809/2920/386 991/2915/894
f 420/2959/375 1764/380/1584 3496/2917/3153 2807/2914/2516
f 1764/380/1584 212/379/187 1967/2918/1765 3496/2917/3153
f 1802/1178/1619 3497/2913/3154 2808/2916/2517 458/1179/410
f 50/207/43 1220/2960/1098 3497/2913/3154 1802/1178/1619
f 1220/2960/1098 420/2959/375 2807/2914/2516 3497/2913/3154
f 1258/974/1132 3498/2909/3155 1424/2912/1280 106/975/92
f 458/1179/410 2808/2916/2517 3498/2909/3155 1258/974/1132
f 2808/2916/2517 991/2915/894 2806/2910/2515 3498/2909/3155
f 2803/2902/2 3499/2905/2 2805/2908/2 990/2903/2
f 564/3451/143 1908/216/2 3499/2905/2 2803/2902/2
f 1908/216/2 78/215/2 1906/2906/2 3499/2905/2
f 1967/2918/1765 3500/2901/143 2804/2904/333 623/2919/561
f 212/379/187 1364/3452/1223 3500/2901/143 1967/2918/1765
f 1364/3452/1223 564/3451/143 2803/2902/2 3500/2901/143
f 1423/394/1279 3501/2897/333 1425/2900/580 237/395/211
f 623/2919/561 2804/2904/333 3501/2897/333 1423/394/1279
f 2804/2904/333 990/2903/2 2802/2898/333 3501/2897/333
f 2799/2890/2512 3502/2893/3156 2801/2896/2514 989/2891/893
f 628/2875/565 1972/408/1769 3502/2893/3156 2799/2890/2512
f 1972/408/1769 238/407/212 1970/2894/1767 3502/2893/3156
f 1759/3494/1581 3503/2889/3157 2800/2892/2513 415/3495/372
f 207/423/183 1428/2876/1283 3503/2889/3157 1759/3494/1581
f 1428/2876/1283 628/2875/565 2799/2890/2512 3503/2889/3157
f 1215/202/1095 3504/2885/3158 1217/2888/1097 77/203/67
f 415/3495/372 2800/2892/2513 3504/2885/3158 1215/202/1095
f 2800/2892/2513 989/2891/893 2798/2886/2511 3504/2885/3158
f 2795/2878/2508 3505/2881/3159 2797/2884/2510 988/2879/892
f 356/1231/318 1700/956/1530 3505/2881/3159 2795/2878/2508
f 1700/956/1530 148/955/128 1971/2882/1768 3505/2881/3159
f 1903/2834/1707 3506/2877/3160 2796/2880/2509 559/2835/501
f 52/187/45 1156/1232/1043 3506/2877/3160 1903/2834/1707
f 1156/1232/1043 356/1231/318 2795/2878/2508 3506/2877/3160
f 1359/422/1220 3507/2873/3161 1428/2876/1283 207/423/183
f 559/2835/501 2796/2880/2509 3507/2873/3161 1359/422/1220
f 2796/2880/2509 988/2879/892 2794/2874/2507 3507/2873/3161
f 2791/2866/2504 3508/2869/3162 2793/2872/2506 987/2867/891
f 500/4027/445 1844/24/1654 3508/2869/3162 2791/2866/2504
f 1844/24/1654 22/23/18 1842/2870/1652 3508/2869/3162
f 1971/2882/1768 3509/2865/3163 2792/2868/2505 627/2883/564
f 148/955/128 1300/4028/1166 3509/2865/3163 1971/2882/1768
f 1300/4028/1166 500/4027/445 2791/2866/2504 3509/2865/3163
f 1427/406/1282 3510/2861/3164 1429/2864/1284 238/407/212
f 627/2883/564 2792/2868/2505 3510/2861/3164 1427/406/1282
f 2792/2868/2505 987/2867/891 2790/2862/2503 3510/2861/3164
f 2787/2854/2500 3511/2857/3165 2789/2860/2502 986/2855/890
f 632/2839/569 1976/420/1773 3511/2857/3165 2787/2854/2500
f 1976/420/1773 239/419/213 1974/2858/1771 3511/2857/3165
f 1683/3410/1517 3512/2853/3166 2788/2856/2501 339/3411/304
f 131/339/117 1432/2840/1287 3512/2853/3166 1683/3410/1517
f 1432/2840/1287 632/2839/569 2787/2854/2500 3512/2853/3166
f 1139/230/1029 3513/2849/3167 1216/2852/1096 35/231/29
f 339/3411/304 2788/2856/2501 3513/2849/3167 1139/230/1029
f 2788/2856/2501 986/2855/890 2786/2850/2499 3513/2849/3167
f 2783/2842/2496 3514/2845/3168 2785/2848/2498 985/2843/889
f 316/2707/281 1660/464/1494 3514/2845/3168 2783/2842/2496
f 1660/464/1494 108/463/94 1975/2846/1772 3514/2845/3168
f 1827/3086/1643 3515/2841/3169 2784/2844/2497 483/3087/434
f 19/39/15 1116/2708/1008 3515/2841/3169 1827/3086/1643
f 1116/2708/1008 316/2707/281 2783/2842/2496 3515/2841/3169
f 1283/338/1156 3516/2837/3170 1432/2840/1287 131/339/117
f 483/3087/434 2784/2844/2497 3516/2837/3170 1283/338/1156
f 2784/2844/2497 985/2843/889 2782/2838/2495 3516/2837/3170
f 2779/2830/2492 3517/2833/3171 2781/2836/2494 984/2831/888
f 460/3535/412 1804/188/1621 3517/2833/3171 2779/2830/2492
f 1804/188/1621 52/187/45 1903/2834/1707 3517/2833/3171
f 1975/2846/1772 3518/2829/3172 2780/2832/2493 631/2847/568
f 108/463/94 1260/3536/1134 3518/2829/3172 1975/2846/1772
f 1260/3536/1134 460/3535/412 2779/2830/2492 3518/2829/3172
f 1431/418/1286 3519/2825/3173 1433/2828/1288 239/419/213
f 631/2847/568 2780/2832/2493 3519/2825/3173 1431/418/1286
f 2780/2832/2493 984/2831/888 2778/2826/2491 3519/2825/3173
f 2775/2818/2488 3520/2821/3174 2777/2824/2490 983/2819/887
f 636/2803/573 1980/432/1777 3520/2821/3174 2775/2818/2488
f 1980/432/1777 240/431/214 1978/2822/1775 3520/2821/3174
f 1643/4070/1478 3521/2817/3175 2776/2820/2489 299/4071/265
f 91/999/77 1436/2804/1291 3521/2817/3175 1643/4070/1478
f 1436/2804/1291 636/2803/573 2775/2818/2488 3521/2817/3175
f 1099/10/991 3522/2813/3176 1101/2816/993 9/11/6
f 299/4071/265 2776/2820/2489 3522/2813/3176 1099/10/991
f 2776/2820/2489 983/2819/887 2774/2814/2487 3522/2813/3176
f 2771/2806/2484 3523/2809/3177 2773/2812/2486 982/2807/886
f 416/2851/373 1760/416/1582 3523/2809/3177 2771/2806/2484
f 1760/416/1582 208/415/184 1979/2810/1776 3523/2809/3177
f 1787/1106/1604 3524/2805/3178 2772/2808/2485 443/1107/395
f 35/231/29 1216/2852/1096 3524/2805/3178 1787/1106/1604
f 1216/2852/1096 416/2851/373 2771/2806/2484 3524/2805/3178
f 1243/998/1118 3525/2801/3179 1436/2804/1291 91/999/77
f 443/1107/395 2772/2808/2485 3525/2801/3179 1243/998/1118
f 2772/2808/2485 982/2807/886 2770/2802/2483 3525/2801/3179
f 2767/2794/2480 3526/2797/3180 2769/2800/2482 981/2795/885
f 560/3487/502 1904/204/1708 3526/2797/3180 2767/2794/2480
f 1904/204/1708 77/203/67 1902/2798/1706 3526/2797/3180
f 1979/2810/1776 3527/2793/3181 2768/2796/2481 635/2811/572
f 208/415/184 1360/3488/1221 3527/2793/3181 1979/2810/1776
f 1360/3488/1221 560/3487/502 2767/2794/2480 3527/2793/3181
f 1435/430/1290 3528/2789/3182 1437/2792/1292 240/431/214
f 635/2811/572 2768/2796/2481 3528/2789/3182 1435/430/1290
f 2768/2796/2481 981/2795/885 2766/2790/2479 3528/2789/3182
f 2763/2782/2476 3529/2785/3183 2765/2788/2478 980/2783/884
f 640/2767/577 1984/444/1781 3529/2785/3183 2763/2782/2476
f 1984/444/1781 241/443/215 1982/2786/1779 3529/2785/3183
f 1755/3530/1577 3530/2781/3184 2764/2784/2477 411/3531/368
f 203/459/179 1440/2768/1295 3530/2781/3184 1755/3530/1577
f 1440/2768/1295 640/2767/577 2763/2782/2476 3530/2781/3184
f 1211/190/1091 3531/2777/3185 1213/2780/1093 76/191/66
f 411/3531/368 2764/2784/2477 3531/2777/3185 1211/190/1091
f 2764/2784/2477 980/2783/884 2762/2778/2475 3531/2777/3185
f 2759/2770/2472 3532/2773/3186 2761/2776/2474 979/2771/883
f 447/4097/399 1247/4098/1122 3532/2773/3186 2759/2770/2472
f 1247/4098/1122 95/4099/81 1983/2774/1780 3532/2773/3186
f 1899/2726/1703 3533/2769/3187 2760/2772/2473 555/2727/497
f 39/4100/33 1791/4101/1608 3533/2769/3187 1899/2726/1703
f 1791/4101/1608 447/4097/399 2759/2770/2472 3533/2769/3187
f 1355/458/1216 3534/2765/3188 1440/2768/1295 203/459/179
f 555/2727/497 2760/2772/2473 3534/2765/3188 1355/458/1216
f 2760/2772/2473 979/2771/883 2758/2766/2471 3534/2765/3188
f 2755/2758/2468 3535/2761/3189 2757/2764/2470 978/2759/882
f 303/4102/269 1103/4103/995 3535/2761/3189 2755/2758/2468
f 1103/4103/995 11/4104/2 1843/2762/1653 3535/2761/3189
f 1983/2774/1780 3536/2757/3190 2756/2760/2469 639/2775/576
f 95/4099/81 1647/4105/1482 3536/2757/3190 1983/2774/1780
f 1647/4105/1482 303/4102/269 2755/2758/2468 3536/2757/3190
f 1439/442/1294 3537/2753/3191 1441/2756/1296 241/443/215
f 639/2775/576 2756/2760/2469 3537/2753/3191 1439/442/1294
f 2756/2760/2469 978/2759/882 2754/2754/2467 3537/2753/3191
f 2751/2746/348 3538/2749/3192 2753/2752/2466 977/2747/881
f 644/2731/581 1988/456/1784 3538/2749/3192 2751/2746/348
f 1988/456/1784 242/455/216 1986/2750/1783 3538/2749/3192
f 1695/3662/1526 3539/2745/3193 2752/2748/211 351/3663/314
f 143/591/2 1444/2732/1299 3539/2745/3193 1695/3662/1526
f 1444/2732/1299 644/2731/581 2751/2746/348 3539/2745/3193
f 1151/146/1039 3540/2741/3194 1212/2744/1092 47/147/40
f 351/3663/314 2752/2748/211 3540/2741/3194 1151/146/1039
f 2752/2748/211 977/2747/881 2750/2742/2465 3540/2741/3194
f 2747/2734/2 3541/2737/2 2749/2740/2 976/2735/2
f 487/4106/2 1287/4107/2 3541/2737/2 2747/2734/2
f 1287/4107/2 135/4108/2 1987/2738/2 3541/2737/2
f 1839/2330/2 3542/2733/2 2748/2736/2 495/2331/2
f 6/4109/2 1831/4110/2 3542/2733/2 1839/2330/2
f 1831/4110/2 487/4106/2 2747/2734/2 3542/2733/2
f 1295/590/2 3543/2729/2 1444/2732/1299 143/591/2
f 495/2331/2 2748/2736/2 3543/2729/2 1295/590/2
f 2748/2736/2 976/2735/2 2746/2730/700 3543/2729/2
f 2743/2722/2462 3544/2725/3195 2745/2728/2464 975/2723/880
f 343/4111/308 1143/4112/1033 3544/2725/3195 2743/2722/2462
f 1143/4112/1033 39/4100/33 1899/2726/1703 3544/2725/3195
f 1987/2738/2 3545/2721/3196 2744/2724/2463 643/2739/580
f 135/4108/2 1687/4113/1521 3545/2721/3196 1987/2738/2
f 1687/4113/1521 343/4111/308 2743/2722/2462 3545/2721/3196
f 1443/454/1298 3546/2717/3197 1445/2720/1300 242/455/216
f 643/2739/580 2744/2724/2463 3546/2717/3197 1443/454/1298
f 2744/2724/2463 975/2723/880 2742/2718/2461 3546/2717/3197
f 2739/2710/2458 3547/2713/3198 2741/2716/2460 974/2711/879
f 648/2695/585 1992/468/1788 3547/2713/3198 2739/2710/2458
f 1992/468/1788 243/467/217 1990/2714/1786 3547/2713/3198
f 1655/3986/1489 3548/2709/3199 2740/2712/2459 311/3987/276
f 103/915/89 1448/2696/1303 3548/2709/3199 1655/3986/1489
f 1448/2696/1303 648/2695/585 2739/2710/2458 3548/2709/3199
f 1111/38/1003 3549/2705/3200 1116/2708/1008 19/39/15
f 311/3987/276 2740/2712/2459 3549/2705/3200 1111/38/1003
f 2740/2712/2459 974/2711/879 2738/2706/2457 3549/2705/3200
f 2735/2698/2454 3550/2701/3201 2737/2704/2456 973/2699/878
f 412/2743/369 1756/452/1578 3550/2701/3201 2735/2698/2454
f 1756/452/1578 204/451/180 1991/2702/1787 3550/2701/3201
f 1799/1358/1616 3551/2697/3202 2736/2700/2455 455/1359/407
f 47/147/40 1212/2744/1092 3551/2697/3202 1799/1358/1616
f 1212/2744/1092 412/2743/369 2735/2698/2454 3551/2697/3202
f 1255/914/1129 3552/2693/3203 1448/2696/1303 103/915/89
f 455/1359/407 2736/2700/2455 3552/2693/3203 1255/914/1129
f 2736/2700/2455 973/2699/878 2734/2694/2453 3552/2693/3203
f 2731/2686/2450 3553/2689/3204 2733/2692/2452 972/2687/877
f 556/3523/498 1900/192/1704 3553/2689/3204 2731/2686/2450
f 1900/192/1704 76/191/66 1898/2690/1702 3553/2689/3204
f 1991/2702/1787 3554/2685/3205 2732/2688/2451 647/2703/584
f 204/451/180 1356/3524/1217 3554/2685/3205 1991/2702/1787
f 1356/3524/1217 556/3523/498 2731/2686/2450 3554/2685/3205
f 1447/466/1302 3555/2681/3206 1449/2684/1304 243/467/217
f 647/2703/584 2732/2688/2451 3555/2681/3206 1447/466/1302
f 2732/2688/2451 972/2687/877 2730/2682/2449 3555/2681/3206
f 2727/2674/2446 3556/2677/3207 2729/2680/2448 971/2675/876
f 652/2659/589 1996/480/1792 3556/2677/3207 2727/2674/2446
f 1996/480/1792 244/479/218 1994/2678/1790 3556/2677/3207
f 1751/3566/1573 3557/2673/3208 2728/2676/2447 407/3567/364
f 199/495/175 1452/2660/1307 3557/2673/3208 1751/3566/1573
f 1452/2660/1307 652/2659/589 2727/2674/2446 3557/2673/3208
f 1207/178/1087 3558/2669/3209 1209/2672/1089 75/179/65
f 407/3567/364 2728/2676/2447 3558/2669/3209 1207/178/1087
f 2728/2676/2447 971/2675/876 2726/2670/2445 3558/2669/3209
f 2723/2662/2442 3559/2665/3210 2725/2668/2444 970/2663/875
f 435/4114/389 1235/4115/1112 3559/2665/3210 2723/2662/2442
f 1235/4115/1112 83/4116/72 1995/2666/1791 3559/2665/3210
f 1895/2618/1699 3560/2661/3211 2724/2664/2443 551/2619/493
f 27/4117/23 1779/4118/1598 3560/2661/3211 1895/2618/1699
f 1779/4118/1598 435/4114/389 2723/2662/2442 3560/2661/3211
f 1351/494/1212 3561/2657/3212 1452/2660/1307 199/495/175
f 551/2619/493 2724/2664/2443 3561/2657/3212 1351/494/1212
f 2724/2664/2443 970/2663/875 2722/2658/2441 3561/2657/3212
f 2719/2650/2 3562/2653/2 2721/2656/2 969/2651/2
f 291/4119/2 1091/4120/2 3562/2653/2 2719/2650/2
f 1091/4120/2 2/4121/2 1836/2654/2 3562/2653/2
f 1995/2666/1791 3563/2649/3213 2720/2652/2440 651/2667/588
f 83/4116/72 1635/4122/2 3563/2649/3213 1995/2666/1791
f 1635/4122/2 291/4119/2 2719/2650/2 3563/2649/3213
f 1451/478/1306 3564/2645/3214 1453/2648/1308 244/479/218
f 651/2667/588 2720/2652/2440 3564/2645/3214 1451/478/1306
f 2720/2652/2440 969/2651/2 2718/2646/2439 3564/2645/3214
f 2715/2638/2436 3565/2641/3215 2717/2644/2438 968/2639/874
f 656/2623/593 2000/492/1795 3565/2641/3215 2715/2638/2436
f 2000/492/1795 245/491/219 1998/2642/1793 3565/2641/3215
f 1699/3518/1529 3566/2637/3216 2716/2640/2437 355/3519/317
f 147/447/127 1456/2624/1311 3566/2637/3216 1699/3518/1529
f 1456/2624/1311 656/2623/593 2715/2638/2436 3566/2637/3216
f 1155/194/1042 3567/2633/3217 1208/2636/1088 51/195/44
f 355/3519/317 2716/2640/2437 3567/2633/3217 1155/194/1042
f 2716/2640/2437 968/2639/874 2714/2634/2435 3567/2633/3217
f 2711/2626/2432 3568/2629/3218 2713/2632/2434 967/2627/873
f 475/4123/426 1275/4124/1148 3568/2629/3218 2711/2626/2432
f 1275/4124/1148 123/4125/109 1999/2630/1794 3568/2629/3218
f 1843/2762/1653 3569/2625/143 2712/2628/2433 499/2763/444
f 11/4104/2 1819/4126/1635 3569/2625/143 1843/2762/1653
f 1819/4126/1635 475/4123/426 2711/2626/2432 3569/2625/143
f 1299/446/1165 3570/2621/3219 1456/2624/1311 147/447/127
f 499/2763/444 2712/2628/2433 3570/2621/3219 1299/446/1165
f 2712/2628/2433 967/2627/873 2710/2622/2431 3570/2621/3219
f 2707/2614/2428 3571/2617/3220 2709/2620/2430 966/2615/872
f 331/4127/296 1131/4128/1023 3571/2617/3220 2707/2614/2428
f 1131/4128/1023 27/4117/23 1895/2618/1699 3571/2617/3220
f 1999/2630/1794 3572/2613/3221 2708/2616/2429 655/2631/592
f 123/4125/109 1675/4129/1509 3572/2613/3221 1999/2630/1794
f 1675/4129/1509 331/4127/296 2707/2614/2428 3572/2613/3221
f 1455/490/1310 3573/2609/3222 1457/2612/1312 245/491/219
f 655/2631/592 2708/2616/2429 3573/2609/3222 1455/490/1310
f 2708/2616/2429 966/2615/872 2706/2610/2427 3573/2609/3222
f 2703/2602/2424 3574/2605/3223 2705/2608/2426 965/2603/871
f 660/2587/597 2004/504/1799 3574/2605/3223 2703/2602/2424
f 2004/504/1799 246/503/220 2002/2606/1797 3574/2605/3223
f 1659/4034/1493 3575/2601/3224 2704/2604/2425 315/4035/280
f 107/963/93 1460/2588/1315 3575/2601/3224 1659/4034/1493
f 1460/2588/1315 660/2587/597 2703/2602/2424 3575/2601/3224
f 1115/22/1007 3576/2597/3225 1117/2600/1009 22/23/18
f 315/4035/280 2704/2604/2425 3576/2597/3225 1115/22/1007
f 2704/2604/2425 965/2603/871 2702/2598/2423 3576/2597/3225
f 2699/2590/2420 3577/2593/3226 2701/2596/2422 964/2591/870
f 408/2635/365 1752/488/1574 3577/2593/3226 2699/2590/2420
f 1752/488/1574 200/487/176 2003/2594/1798 3577/2593/3226
f 1803/1214/1620 3578/2589/3227 2700/2592/2421 459/1215/411
f 51/195/44 1208/2636/1088 3578/2589/3227 1803/1214/1620
f 1208/2636/1088 408/2635/365 2699/2590/2420 3578/2589/3227
f 1259/962/1133 3579/2585/3228 1460/2588/1315 107/963/93
f 459/1215/411 2700/2592/2421 3579/2585/3228 1259/962/1133
f 2700/2592/2421 964/2591/870 2698/2586/2419 3579/2585/3228
f 2695/2578/2416 3580/2581/3229 2697/2584/2418 963/2579/869
f 552/3559/494 1896/180/1700 3580/2581/3229 2695/2578/2416
f 1896/180/1700 75/179/65 1894/2582/1698 3580/2581/3229
f 2003/2594/1798 3581/2577/3230 2696/2580/2417 659/2595/596
f 200/487/176 1352/3560/1213 3581/2577/3230 2003/2594/1798
f 1352/3560/1213 552/3559/494 2695/2578/2416 3581/2577/3230
f 1459/502/1314 3582/2573/3231 1461/2576/1316 246/503/220
f 659/2595/596 2696/2580/2417 3582/2573/3231 1459/502/1314
f 2696/2580/2417 963/2579/869 2694/2574/2415 3582/2573/3231
f 2691/2566/157 3583/2569/3232 2693/2572/157 962/2567/157
f 664/2551/601 2008/516/1803 3583/2569/3232 2691/2566/157
f 2008/516/1803 247/515/221 2006/2570/1801 3583/2569/3232
f 1747/3602/2 3584/2565/786 2692/2568/700 403/3603/2
f 195/531/172 1464/2552/1318 3584/2565/786 1747/3602/2
f 1464/2552/1318 664/2551/601 2691/2566/157 3584/2565/786
f 1203/166/2 3585/2561/2 1205/2564/2 74/167/64
f 403/3603/2 2692/2568/700 3585/2561/2 1203/166/2
f 2692/2568/700 962/2567/157 2690/2562/837 3585/2561/2
f 2687/2554/2412 3586/2557/3233 2689/2560/2414 961/2555/868
f 360/1339/322 1704/920/1534 3586/2557/3233 2687/2554/2412
f 1704/920/1534 152/919/132 2007/2558/1802 3586/2557/3233
f 1891/2510/1695 3587/2553/3234 2688/2556/2413 547/2511/489
f 56/151/49 1160/1340/1047 3587/2553/3234 1891/2510/1695
f 1160/1340/1047 360/1339/322 2687/2554/2412 3587/2553/3234
f 1347/530/1208 3588/2549/3235 1464/2552/1318 195/531/172
f 547/2511/489 2688/2556/2413 3588/2549/3235 1347/530/1208
f 2688/2556/2413 961/2555/868 2686/2550/2411 3588/2549/3235
f 2683/2542/2408 3589/2545/3236 2685/2548/2410 960/2543/867
f 504/3991/449 1848/36/1658 3589/2545/3236 2683/2542/2408
f 1848/36/1658 23/35/19 1846/2546/1656 3589/2545/3236
f 2007/2558/1802 3590/2541/3237 2684/2544/2409 663/2559/600
f 152/919/132 1304/3992/1170 3590/2541/3237 2007/2558/1802
f 1304/3992/1170 504/3991/449 2683/2542/2408 3590/2541/3237
f 1463/514/1317 3591/2537/3238 1465/2540/1319 247/515/221
f 663/2559/600 2684/2544/2409 3591/2537/3238 1463/514/1317
f 2684/2544/2409 960/2543/867 2682/2538/2407 3591/2537/3238
f 2679/2530/2404 3592/2533/3239 2681/2536/2406 959/2531/866
f 668/2515/605 2012/528/1807 3592/2533/3239 2679/2530/2404
f 2012/528/1807 248/527/222 2010/2534/1805 3592/2533/3239
f 1246/4130/1121 3593/2529/3240 2680/2532/2405 446/4131/398
f 94/4132/80 1468/2516/1322 3593/2529/3240 1246/4130/1121
f 1468/2516/1322 668/2515/605 2679/2530/2404 3593/2529/3240
f 1790/4133/1607 3594/2525/3241 1204/2528/1085 38/4134/32
f 446/4131/398 2680/2532/2405 3594/2525/3241 1790/4133/1607
f 2680/2532/2405 959/2531/866 2678/2526/2403 3594/2525/3241
f 2675/2518/2400 3595/2521/3242 2677/2524/2402 958/2519/865
f 320/2383/285 1664/572/1498 3595/2521/3242 2675/2518/2400
f 1664/572/1498 112/571/98 2011/2522/1806 3595/2521/3242
f 1102/4135/994 3596/2517/3243 2676/2520/2401 302/4136/268
f 10/4137/7 1120/2384/1012 3596/2517/3243 1102/4135/994
f 1120/2384/1012 320/2383/285 2675/2518/2400 3596/2517/3243
f 1646/4138/1481 3597/2513/3244 1468/2516/1322 94/4132/80
f 302/4136/268 2676/2520/2401 3597/2513/3244 1646/4138/1481
f 2676/2520/2401 958/2519/865 2674/2514/2399 3597/2513/3244
f 2671/2506/2396 3598/2509/3245 2673/2512/2398 957/2507/864
f 464/3643/416 1808/152/1625 3598/2509/3245 2671/2506/2396
f 1808/152/1625 56/151/49 1891/2510/1695 3598/2509/3245
f 2011/2522/1806 3599/2505/3246 2672/2508/2397 667/2523/604
f 112/571/98 1264/3644/1138 3599/2505/3246 2011/2522/1806
f 1264/3644/1138 464/3643/416 2671/2506/2396 3599/2505/3246
f 1467/526/1321 3600/2501/3247 1469/2504/1323 248/527/222
f 667/2523/604 2672/2508/2397 3600/2501/3247 1467/526/1321
f 2672/2508/2397 957/2507/864 2670/2502/2395 3600/2501/3247
f 2667/2494/2392 3601/2497/3248 2669/2500/2394 956/2495/863
f 672/2479/609 2016/540/1811 3601/2497/3248 2667/2494/2392
f 2016/540/1811 249/539/223 2014/2498/1809 3601/2497/3248
f 1286/4139/1159 3602/2493/3249 2668/2496/2393 486/4140/437
f 134/4141/120 1472/2480/1326 3602/2493/3249 1286/4139/1159
f 1472/2480/1326 672/2479/609 2667/2494/2392 3602/2493/3249
f 1830/4142/1646 3603/2489/3250 1100/2492/992 5/4143/4
f 486/4140/437 2668/2496/2393 3603/2489/3250 1830/4142/1646
f 2668/2496/2393 956/2495/863 2666/2490/2391 3603/2489/3250
f 2663/2482/2388 3604/2485/3251 2665/2488/2390 955/2483/862
f 404/2527/362 1748/524/1571 3604/2485/3251 2663/2482/2388
f 1748/524/1571 196/523/173 2015/2486/1810 3604/2485/3251
f 1142/4144/1032 3605/2481/3252 2664/2484/2389 342/4145/307
f 38/4134/32 1204/2528/1085 3605/2481/3252 1142/4144/1032
f 1204/2528/1085 404/2527/362 2663/2482/2388 3605/2481/3252
f 1686/4146/1520 3606/2477/3253 1472/2480/1326 134/4141/120
f 342/4145/307 2664/2484/2389 3606/2477/3253 1686/4146/1520
f 2664/2484/2389 955/2483/862 2662/2478/2387 3606/2477/3253
f 2659/2470/2384 3607/2473/3254 2661/2476/2386 954/2471/861
f 548/3595/490 1892/168/1696 3607/2473/3254 2659/2470/2384
f 1892/168/1696 74/167/64 1890/2474/1694 3607/2473/3254
f 2015/2486/1810 3608/2469/3255 2660/2472/2385 671/2487/608
f 196/523/173 1348/3596/1209 3608/2469/3255 2015/2486/1810
f 1348/3596/1209 548/3595/490 2659/2470/2384 3608/2469/3255
f 1471/538/1325 3609/2465/3256 1473/2468/1327 249/539/223
f 671/2487/608 2660/2472/2385 3609/2465/3256 1471/538/1325
f 2660/2472/2385 954/2471/861 2658/2466/2383 3609/2465/3256
f 2655/2458/2380 3610/2461/3257 2657/2464/2382 953/2459/860
f 676/2443/613 2020/552/1815 3610/2461/3257 2655/2458/2380
f 2020/552/1815 250/551/224 2018/2462/1813 3610/2461/3257
f 1743/3638/1567 3611/2457/3258 2656/2460/2381 399/3639/358
f 191/567/168 1476/2444/1330 3611/2457/3258 1743/3638/1567
f 1476/2444/1330 676/2443/613 2655/2458/2380 3611/2457/3258
f 1199/154/1081 3612/2453/3259 1201/2456/1083 73/155/63
f 399/3639/358 2656/2460/2381 3612/2453/3259 1199/154/1081
f 2656/2460/2381 953/2459/860 2654/2454/2379 3612/2453/3259
f 2651/2446/2376 3613/2449/3260 2653/2452/2378 952/2447/859
f 451/4147/403 1251/4148/1125 3613/2449/3260 2651/2446/2376
f 1251/4148/1125 99/4149/85 2019/2450/1814 3613/2449/3260
f 1887/2402/1691 3614/2445/3261 2652/2448/2377 543/2403/485
f 43/4150/36 1795/4151/1612 3614/2445/3261 1887/2402/1691
f 1795/4151/1612 451/4147/403 2651/2446/2376 3614/2445/3261
f 1343/566/1204 3615/2441/3262 1476/2444/1330 191/567/168
f 543/2403/485 2652/2448/2377 3615/2441/3262 1343/566/1204
f 2652/2448/2377 952/2447/859 2650/2442/2375 3615/2441/3262
f 2647/2434/2372 3616/2437/3263 2649/2440/2374 951/2435/858
f 307/4152/272 1107/4153/999 3616/2437/3263 2647/2434/2372
f 1107/4153/999 15/4154/11 1847/2438/1657 3616/2437/3263
f 2019/2450/1814 3617/2433/3264 2648/2436/2373 675/2451/612
f 99/4149/85 1651/4155/1485 3617/2433/3264 2019/2450/1814
f 1651/4155/1485 307/4152/272 2647/2434/2372 3617/2433/3264
f 1475/550/1329 3618/2429/3265 1477/2432/1331 250/551/224
f 675/2451/612 2648/2436/2373 3618/2429/3265 1475/550/1329
f 2648/2436/2373 951/2435/858 2646/2430/2371 3618/2429/3265
f 2643/2422/2368 3619/2425/3266 2645/2428/2370 950/2423/857
f 680/2407/617 2024/564/1819 3619/2425/3266 2643/2422/2368
f 2024/564/1819 251/563/225 2022/2426/1817 3619/2425/3266
f 1234/4156/1111 3620/2421/3267 2644/2424/2369 434/4157/388
f 82/4158/71 1480/2408/1334 3620/2421/3267 1234/4156/1111
f 1480/2408/1334 680/2407/617 2643/2422/2368 3620/2421/3267
f 1778/4159/1597 3621/2417/3268 1200/2420/1082 26/4160/22
f 434/4157/388 2644/2424/2369 3621/2417/3268 1778/4159/1597
f 2644/2424/2369 950/2423/857 2642/2418/2367 3621/2417/3268
f 2639/2410/2364 3622/2413/3269 2641/2416/2366 949/2411/856
f 491/4161/440 1291/4162/1161 3622/2413/3269 2639/2410/2364
f 1291/4162/1161 139/4163/123 2023/2414/1818 3622/2413/3269
f 1090/4164/987 3623/2409/3270 2640/2412/2365 290/4165/261
f 1/4166/1 1835/4167/1649 3623/2409/3270 1090/4164/987
f 1835/4167/1649 491/4161/440 2639/2410/2364 3623/2409/3270
f 1634/4168/1474 3624/2405/3271 1480/2408/1334 82/4158/71
f 290/4165/261 2640/2412/2365 3624/2405/3271 1634/4168/1474
f 2640/2412/2365 949/2411/856 2638/2406/2363 3624/2405/3271
f 2635/2398/2360 3625/2401/3272 2637/2404/2362 948/2399/855
f 347/4169/311 1147/4170/1036 3625/2401/3272 2635/2398/2360
f 1147/4170/1036 43/4150/36 1887/2402/1691 3625/2401/3272
f 2023/2414/1818 3626/2397/3273 2636/2400/2361 679/2415/616
f 139/4163/123 1691/4171/1524 3626/2397/3273 2023/2414/1818
f 1691/4171/1524 347/4169/311 2635/2398/2360 3626/2397/3273
f 1479/562/1333 3627/2393/3274 1481/2396/1335 251/563/225
f 679/2415/616 2636/2400/2361 3627/2393/3274 1479/562/1333
f 2636/2400/2361 948/2399/855 2634/2394/2359 3627/2393/3274
f 2631/2386/2356 3628/2389/3275 2633/2392/2358 947/2387/854
f 684/2371/621 2028/576/1823 3628/2389/3275 2631/2386/2356
f 2028/576/1823 252/575/226 2026/2390/1821 3628/2389/3275
f 1274/4172/1147 3629/2385/3276 2632/2388/2357 474/4173/425
f 122/4174/108 1484/2372/1338 3629/2385/3276 1274/4172/1147
f 1484/2372/1338 684/2371/621 2631/2386/2356 3629/2385/3276
f 1818/4175/1634 3630/2381/3277 1120/2384/1012 10/4137/7
f 474/4173/425 2632/2388/2357 3630/2381/3277 1818/4175/1634
f 2632/2388/2357 947/2387/854 2630/2382/2355 3630/2381/3277
f 2627/2374/2352 3631/2377/3278 2629/2380/2354 946/2375/853
f 400/2419/359 1744/560/1568 3631/2377/3278 2627/2374/2352
f 1744/560/1568 192/559/169 2027/2378/1822 3631/2377/3278
f 1130/4176/1022 3632/2373/3279 2628/2376/2353 330/4177/295
f 26/4160/22 1200/2420/1082 3632/2373/3279 1130/4176/1022
f 1200/2420/1082 400/2419/359 2627/2374/2352 3632/2373/3279
f 1674/4178/1508 3633/2369/3280 1484/2372/1338 122/4174/108
f 330/4177/295 2628/2376/2353 3633/2369/3280 1674/4178/1508
f 2628/2376/2353 946/2375/853 2626/2370/2351 3633/2369/3280
f 2623/2362/2348 3634/2365/3281 2625/2368/2350 945/2363/852
f 544/3631/486 1888/156/1692 3634/2365/3281 2623/2362/2348
f 1888/156/1692 73/155/63 1886/2366/1690 3634/2365/3281
f 2027/2378/1822 3635/2361/3282 2624/2364/2349 683/2379/620
f 192/559/169 1344/3632/1205 3635/2361/3282 2027/2378/1822
f 1344/3632/1205 544/3631/486 2623/2362/2348 3635/2361/3282
f 1483/574/1337 3636/2357/3283 1485/2360/1339 252/575/226
f 683/2379/620 2624/2364/2349 3636/2357/3283 1483/574/1337
f 2624/2364/2349 945/2363/852 2622/2358/2347 3636/2357/3283
f 2619/2350/2344 3637/2353/3284 2621/2356/2346 944/2351/851
f 688/2335/625 2032/588/1827 3637/2353/3284 2619/2350/2344
f 2032/588/1827 253/587/227 2030/2354/1825 3637/2353/3284
f 1739/3674/1563 3638/2349/3285 2620/2352/2345 395/3675/354
f 187/603/164 1488/2336/1342 3638/2349/3285 1739/3674/1563
f 1488/2336/1342 688/2335/625 2619/2350/2344 3638/2349/3285
f 1195/142/1077 3639/2345/3286 1197/2348/1079 72/143/62
f 395/3675/354 2620/2352/2345 3639/2345/3286 1195/142/1077
f 2620/2352/2345 944/2351/851 2618/2346/2343 3639/2345/3286
f 2615/2338/2340 3640/2341/3287 2617/2344/2342 943/2339/850
f 439/4179/391 1239/4180/1114 3640/2341/3287 2615/2338/2340
f 1239/4180/1114 87/4181/73 2031/2342/1826 3640/2341/3287
f 1883/2294/1687 3641/2337/3288 2616/2340/2341 539/2295/481
f 31/4182/25 1783/4183/1600 3641/2337/3288 1883/2294/1687
f 1783/4183/1600 439/4179/391 2615/2338/2340 3641/2337/3288
f 1339/602/1200 3642/2333/3289 1488/2336/1342 187/603/164
f 539/2295/481 2616/2340/2341 3642/2333/3289 1339/602/1200
f 2616/2340/2341 943/2339/850 2614/2334/2339 3642/2333/3289
f 2611/2326/837 3643/2329/2 2613/2332/2 942/2327/107
f 295/4184/2 1095/4185/2 3643/2329/2 2611/2326/837
f 1095/4185/2 6/4109/2 1839/2330/2 3643/2329/2
f 2031/2342/1826 3644/2325/3290 2612/2328/2338 687/2343/624
f 87/4181/73 1639/4186/1475 3644/2325/3290 2031/2342/1826
f 1639/4186/1475 295/4184/2 2611/2326/837 3644/2325/3290
f 1487/586/1341 3645/2321/3291 1489/2324/1343 253/587/227
f 687/2343/624 2612/2328/2338 3645/2321/3291 1487/586/1341
f 2612/2328/2338 942/2327/107 2610/2322/254 3645/2321/3291
f 2607/2314/2335 3646/2317/3292 2609/2320/2337 941/2315/849
f 692/2299/629 2036/600/1830 3646/2317/3292 2607/2314/2335
f 2036/600/1830 254/599/228 2034/2318/1828 3646/2317/3292
f 1703/3626/1533 3647/2313/3293 2608/2316/2336 359/3627/321
f 151/555/131 1492/2300/1346 3647/2313/3293 1703/3626/1533
f 1492/2300/1346 692/2299/629 2607/2314/2335 3647/2313/3293
f 1159/158/1046 3648/2309/3294 1196/2312/1078 55/159/48
f 359/3627/321 2608/2316/2336 3648/2309/3294 1159/158/1046
f 2608/2316/2336 941/2315/849 2606/2310/2334 3648/2309/3294
f 2603/2302/2331 3649/2305/3295 2605/2308/2333 940/2303/848
f 479/4187/430 1279/4188/1152 3649/2305/3295 2603/2302/2331
f 1279/4188/1152 127/4189/113 2035/2306/1829 3649/2305/3295
f 1847/2438/1657 3650/2301/3296 2604/2304/2332 503/2439/448
f 15/4154/11 1823/4190/1639 3650/2301/3296 1847/2438/1657
f 1823/4190/1639 479/4187/430 2603/2302/2331 3650/2301/3296
f 1303/554/1169 3651/2297/3297 1492/2300/1346 151/555/131
f 503/2439/448 2604/2304/2332 3651/2297/3297 1303/554/1169
f 2604/2304/2332 940/2303/848 2602/2298/2330 3651/2297/3297
f 2599/2290/2327 3652/2293/3298 2601/2296/2329 939/2291/847
f 335/4191/300 1135/4192/1025 3652/2293/3298 2599/2290/2327
f 1135/4192/1025 31/4182/25 1883/2294/1687 3652/2293/3298
f 2035/2306/1829 3653/2289/3299 2600/2292/2328 691/2307/628
f 127/4189/113 1679/4193/1513 3653/2289/3299 2035/2306/1829
f 1679/4193/1513 335/4191/300 2599/2290/2327 3653/2289/3299
f 1491/598/1345 3654/2285/3300 1493/2288/1347 254/599/228
f 691/2307/628 2600/2292/2328 3654/2285/3300 1491/598/1345
f 2600/2292/2328 939/2291/847 2598/2286/2326 3654/2285/3300
f 2595/2278/2323 3655/2281/3301 2597/2284/2325 938/2279/846
f 696/2263/633 2040/612/1834 3655/2281/3301 2595/2278/2323
f 2040/612/1834 255/611/229 2038/2282/1832 3655/2281/3301
f 1663/3998/1497 3656/2277/3302 2596/2280/2324 319/3999/284
f 111/927/97 1496/2264/1350 3656/2277/3302 1663/3998/1497
f 1496/2264/1350 696/2263/633 2595/2278/2323 3656/2277/3302
f 1119/34/1011 3657/2273/3303 1121/2276/1013 23/35/19
f 319/3999/284 2596/2280/2324 3657/2273/3303 1119/34/1011
f 2596/2280/2324 938/2279/846 2594/2274/2322 3657/2273/3303
f 2591/2266/2319 3658/2269/3304 2593/2272/2321 937/2267/845
f 396/2311/355 1740/596/1564 3658/2269/3304 2591/2266/2319
f 1740/596/1564 188/595/165 2039/2270/1833 3658/2269/3304
f 1807/1322/1624 3659/2265/3305 2592/2268/2320 463/1323/415
f 55/159/48 1196/2312/1078 3659/2265/3305 1807/1322/1624
f 1196/2312/1078 396/2311/355 2591/2266/2319 3659/2265/3305
f 1263/926/1137 3660/2261/3306 1496/2264/1350 111/927/97
f 463/1323/415 2592/2268/2320 3660/2261/3306 1263/926/1137
f 2592/2268/2320 937/2267/845 2590/2262/2318 3660/2261/3306
f 2587/2254/2315 3661/2257/3307 2589/2260/2317 936/2255/844
f 540/3667/482 1884/144/1688 3661/2257/3307 2587/2254/2315
f 1884/144/1688 72/143/62 1882/2258/1686 3661/2257/3307
f 2039/2270/1833 3662/2253/3308 2588/2256/2316 695/2271/632
f 188/595/165 1340/3668/1201 3662/2253/3308 2039/2270/1833
f 1340/3668/1201 540/3667/482 2587/2254/2315 3662/2253/3308
f 1495/610/1349 3663/2249/3309 1497/2252/1351 255/611/229
f 695/2271/632 2588/2256/2316 3663/2249/3309 1495/610/1349
f 2588/2256/2316 936/2255/844 2586/2250/2314 3663/2249/3309
f 2583/2242/2311 3664/2245/3310 2585/2248/2313 935/2243/843
f 700/2227/637 2044/624/1838 3664/2245/3310 2583/2242/2311
f 2044/624/1838 256/623/230 2042/2246/1836 3664/2245/3310
f 1735/3710/1559 3665/2241/3311 2584/2244/2312 391/3711/350
f 183/639/160 1500/2228/1354 3665/2241/3311 1735/3710/1559
f 1500/2228/1354 700/2227/637 2583/2242/2311 3665/2241/3311
f 1191/130/1073 3666/2237/3312 1193/2240/1075 71/131/61
f 391/3711/350 2584/2244/2312 3666/2237/3312 1191/130/1073
f 2584/2244/2312 935/2243/843 2582/2238/2310 3666/2237/3312
f 2579/2230/2307 3667/2233/3313 2581/2236/2309 934/2231/842
f 364/1447/326 1708/884/42 3667/2233/3313 2579/2230/2307
f 1708/884/42 156/883/136 2043/2234/1837 3667/2233/3313
f 1879/2186/1683 3668/2229/3314 2580/2232/2308 535/2187/477
f 60/115/53 1164/1448/1051 3668/2229/3314 1879/2186/1683
f 1164/1448/1051 364/1447/326 2579/2230/2307 3668/2229/3314
f 1335/638/1196 3669/2225/3315 1500/2228/1354 183/639/160
f 535/2187/477 2580/2232/2308 3669/2225/3315 1335/638/1196
f 2580/2232/2308 934/2231/842 2578/2226/2306 3669/2225/3315
f 2575/2218/2303 3670/2221/3316 2577/2224/2305 933/2219/841
f 508/3955/453 1852/48/1662 3670/2221/3316 2575/2218/2303
f 1852/48/1662 24/47/20 1850/2222/1660 3670/2221/3316
f 2043/2234/1837 3671/2217/3317 2576/2220/2304 699/2235/636
f 156/883/136 1308/3956/1174 3671/2217/3317 2043/2234/1837
f 1308/3956/1174 508/3955/453 2575/2218/2303 3671/2217/3317
f 1499/622/1353 3672/2213/3318 1501/2216/1355 256/623/230
f 699/2235/636 2576/2220/2304 3672/2213/3318 1499/622/1353
f 2576/2220/2304 933/2219/841 2574/2214/2302 3672/2213/3318
f 2571/2206/2299 3673/2209/3319 2573/2212/2301 932/2207/840
f 704/2191/172 2048/636/1842 3673/2209/3319 2571/2206/2299
f 2048/636/1842 257/635/231 2046/2210/1840 3673/2209/3319
f 1250/4194/1124 3674/2205/3320 2572/2208/2300 450/4195/402
f 98/4196/84 1504/2192/1358 3674/2205/3320 1250/4194/1124
f 1504/2192/1358 704/2191/172 2571/2206/2299 3674/2205/3320
f 1794/4197/1611 3675/2201/3321 1192/2204/1074 42/4198/35
f 450/4195/402 2572/2208/2300 3675/2201/3321 1794/4197/1611
f 2572/2208/2300 932/2207/840 2570/2202/2298 3675/2201/3321
f 2567/2194/2295 3676/2197/3322 2569/2200/2297 931/2195/839
f 324/2059/289 1668/680/1502 3676/2197/3322 2567/2194/2295
f 1668/680/1502 116/679/102 2047/2198/1841 3676/2197/3322
f 1106/4199/998 3677/2193/3323 2568/2196/2296 306/4200/2
f 14/4201/10 1124/2060/1016 3677/2193/3323 1106/4199/998
f 1124/2060/1016 324/2059/289 2567/2194/2295 3677/2193/3323
f 1650/4202/2 3678/2189/2 1504/2192/1358 98/4196/84
f 306/4200/2 2568/2196/2296 3678/2189/2 1650/4202/2
f 2568/2196/2296 931/2195/839 2566/2190/2294 3678/2189/2
f 2563/2182/2291 3679/2185/3324 2565/2188/2293 930/2183/838
f 468/3751/420 1812/116/1629 3679/2185/3324 2563/2182/2291
f 1812/116/1629 60/115/53 1879/2186/1683 3679/2185/3324
f 2047/2198/1841 3680/2181/3325 2564/2184/2292 703/2199/640
f 116/679/102 1268/3752/1142 3680/2181/3325 2047/2198/1841
f 1268/3752/1142 468/3751/420 2563/2182/2291 3680/2181/3325
f 1503/634/1357 3681/2177/3326 1505/2180/1359 257/635/231
f 703/2199/640 2564/2184/2292 3681/2177/3326 1503/634/1357
f 2564/2184/2292 930/2183/838 2562/2178/2290 3681/2177/3326
f 2559/2170/2287 3682/2173/3327 2561/2176/2289 929/2171/837
f 708/2155/644 2052/648/1846 3682/2173/3327 2559/2170/2287
f 2052/648/1846 258/647/232 2050/2174/1844 3682/2173/3327
f 1290/4203/459 3683/2169/459 2560/2172/2288 490/4204/439
f 138/4205/122 1508/2156/1362 3683/2169/459 1290/4203/459
f 1508/2156/1362 708/2155/644 2559/2170/2287 3683/2169/459
f 1834/4206/1648 3684/2165/3328 1093/2168/988 3/4207/3
f 490/4204/439 2560/2172/2288 3684/2165/3328 1834/4206/1648
f 2560/2172/2288 929/2171/837 2558/2166/2286 3684/2165/3328
f 2555/2158/2283 3685/2161/3329 2557/2164/2285 928/2159/836
f 392/2203/351 1736/632/1560 3685/2161/3329 2555/2158/2283
f 1736/632/1560 184/631/161 2051/2162/1845 3685/2161/3329
f 1146/4208/1035 3686/2157/3330 2556/2160/2284 346/4209/310
f 42/4198/35 1192/2204/1074 3686/2157/3330 1146/4208/1035
f 1192/2204/1074 392/2203/351 2555/2158/2283 3686/2157/3330
f 1690/4210/1523 3687/2153/3331 1508/2156/1362 138/4205/122
f 346/4209/310 2556/2160/2284 3687/2153/3331 1690/4210/1523
f 2556/2160/2284 928/2159/836 2554/2154/2282 3687/2153/3331
f 2551/2146/2279 3688/2149/3332 2553/2152/2281 927/2147/835
f 536/3703/478 1880/132/1684 3688/2149/3332 2551/2146/2279
f 1880/132/1684 71/131/61 1878/2150/1682 3688/2149/3332
f 2051/2162/1845 3689/2145/3333 2552/2148/2280 707/2163/643
f 184/631/161 1336/3704/1197 3689/2145/3333 2051/2162/1845
f 1336/3704/1197 536/3703/478 2551/2146/2279 3689/2145/3333
f 1507/646/1361 3690/2141/3334 1509/2144/1363 258/647/232
f 707/2163/643 2552/2148/2280 3690/2141/3334 1507/646/1361
f 2552/2148/2280 927/2147/835 2550/2142/2278 3690/2141/3334
f 2547/2134/2275 3691/2137/3335 2549/2140/2277 926/2135/834
f 712/2119/648 2056/660/1850 3691/2137/3335 2547/2134/2275
f 2056/660/1850 259/659/233 2054/2138/1848 3691/2137/3335
f 1731/3746/700 3692/2133/3336 2548/2136/2276 387/3747/2
f 179/675/157 1512/2120/1366 3692/2133/3336 1731/3746/700
f 1512/2120/1366 712/2119/648 2547/2134/2275 3692/2133/3336
f 1187/118/2 3693/2129/461 1189/2132/107 70/119/2
f 387/3747/2 2548/2136/2276 3693/2129/461 1187/118/2
f 2548/2136/2276 926/2135/834 2546/2130/2274 3693/2129/461
f 2543/2122/2272 3694/2125/3337 2545/2128/2273 925/2123/833
f 340/1303/305 1684/932/1518 3694/2125/3337 2543/2122/2272
f 1684/932/1518 132/931/118 2055/2126/1849 3694/2125/3337
f 1875/2078/1680 3695/2121/3338 2544/2124/107 531/2079/474
f 36/163/30 1140/1304/1030 3695/2121/3338 1875/2078/1680
f 1140/1304/1030 340/1303/305 2543/2122/2272 3695/2121/3338
f 1331/674/1193 3696/2117/3339 1512/2120/1366 179/675/157
f 531/2079/474 2544/2124/107 3696/2117/3339 1331/674/1193
f 2544/2124/107 925/2123/833 2542/2118/2271 3696/2117/3339
f 2539/2110/2268 3697/2113/3340 2541/2116/2270 924/2111/832
f 484/4003/435 1828/32/1644 3697/2113/3340 2539/2110/2268
f 1828/32/1644 20/31/16 1851/2114/1661 3697/2113/3340
f 2055/2126/1849 3698/2109/3341 2540/2112/2269 711/2127/647
f 132/931/118 1284/4004/1157 3698/2109/3341 2055/2126/1849
f 1284/4004/1157 484/4003/435 2539/2110/2268 3698/2109/3341
f 1511/658/1365 3699/2105/3342 1513/2108/1367 259/659/233
f 711/2127/647 2540/2112/2269 3699/2105/3342 1511/658/1365
f 2540/2112/2269 924/2111/832 2538/2106/2267 3699/2105/3342
f 2535/2098/2 3700/2101/2 2537/2104/2 923/2099/2
f 716/2083/2 2060/672/2 3700/2101/2 2535/2098/2
f 2060/672/2 260/671/2 2058/2102/2 3700/2101/2
f 1238/4211/2 3701/2097/2 2536/2100/2 438/4212/2
f 86/4213/2 1516/2084/2 3701/2097/2 1238/4211/2
f 1516/2084/2 716/2083/2 2535/2098/2 3701/2097/2
f 1782/4214/2 3702/2093/2 1188/2096/2 30/4215/2
f 438/4212/2 2536/2100/2 3702/2093/2 1782/4214/2
f 2536/2100/2 923/2099/2 2534/2094/2 3702/2093/2
f 2531/2086/2266 3703/2089/3343 2533/2092/2 922/2087/2
f 300/2491/266 1644/536/1479 3703/2089/3343 2531/2086/2266
f 1644/536/1479 92/535/78 2059/2090/1852 3703/2089/3343
f 1094/4216/2 3704/2085/3344 2532/2088/2 294/4217/2
f 5/4143/4 1100/2492/992 3704/2085/3344 1094/4216/2
f 1100/2492/992 300/2491/266 2531/2086/2266 3704/2085/3344
f 1638/4218/2 3705/2081/2 1516/2084/2 86/4213/2
f 294/4217/2 2532/2088/2 3705/2081/2 1638/4218/2
f 2532/2088/2 922/2087/2 2530/2082/2 3705/2081/2
f 2527/2074/2265 3706/2077/3345 2529/2080/700 921/2075/254
f 444/3607/396 1788/164/1605 3706/2077/3345 2527/2074/2265
f 1788/164/1605 36/163/30 1875/2078/1680 3706/2077/3345
f 2059/2090/1852 3707/2073/3346 2528/2076/580 715/2091/333
f 92/535/78 1244/3608/1119 3707/2073/3346 2059/2090/1852
f 1244/3608/1119 444/3607/396 2527/2074/2265 3707/2073/3346
f 1515/670/2 3708/2069/2 1517/2072/2 260/671/2
f 715/2091/333 2528/2076/580 3708/2069/2 1515/670/2
f 2528/2076/580 921/2075/254 2526/2070/2 3708/2069/2
f 2523/2062/2262 3709/2065/3347 2525/2068/2264 920/2063/831
f 720/2047/652 2064/684/1854 3709/2065/3347 2523/2062/2262
f 2064/684/1854 261/683/234 2062/2066/1853 3709/2065/3347
f 1278/4219/1151 3710/2061/3348 2524/2064/2263 478/4220/429
f 126/4221/112 1520/2048/1370 3710/2061/3348 1278/4219/1151
f 1520/2048/1370 720/2047/652 2523/2062/2262 3710/2061/3348
f 1822/4222/1638 3711/2057/3349 1124/2060/1016 14/4201/10
f 478/4220/429 2524/2064/2263 3711/2057/3349 1822/4222/1638
f 2524/2064/2263 920/2063/831 2522/2058/2261 3711/2057/3349
f 2519/2050/2 3712/2053/2 2521/2056/2260 919/2051/830
f 388/2095/2 1732/668/2 3712/2053/2 2519/2050/2
f 1732/668/2 180/667/2 2063/2054/2 3712/2053/2
f 1134/4223/2 3713/2049/2 2520/2052/2259 334/4224/299
f 30/4215/2 1188/2096/2 3713/2049/2 1134/4223/2
f 1188/2096/2 388/2095/2 2519/2050/2 3713/2049/2
f 1678/4225/1512 3714/2045/3350 1520/2048/1370 126/4221/112
f 334/4224/299 2520/2052/2259 3714/2045/3350 1678/4225/1512
f 2520/2052/2259 919/2051/830 2518/2046/2258 3714/2045/3350
f 2515/2038/2 3715/2041/2 2517/2044/2 918/2039/2
f 532/3739/2 1876/120/2 3715/2041/2 2515/2038/2
f 1876/120/2 70/119/2 1874/2042/2 3715/2041/2
f 2063/2054/2 3716/2037/2 2516/2040/2 719/2055/651
f 180/667/2 1332/3740/2 3716/2037/2 2063/2054/2
f 1332/3740/2 532/3739/2 2515/2038/2 3716/2037/2
f 1519/682/1369 3717/2033/3351 1521/2036/1371 261/683/234
f 719/2055/651 2516/2040/2 3717/2033/3351 1519/682/1369
f 2516/2040/2 918/2039/2 2514/2034/2 3717/2033/3351
f 2511/2026/2255 3718/2029/3352 2513/2032/2257 917/2027/829
f 724/2011/656 2068/696/1857 3718/2029/3352 2511/2026/2255
f 2068/696/1857 262/695/235 2066/2030/1855 3718/2029/3352
f 1727/3782/1554 3719/2025/3353 2512/2028/2256 383/3783/344
f 175/711/154 1524/2012/1374 3719/2025/3353 1727/3782/1554
f 1524/2012/1374 724/2011/656 2511/2026/2255 3719/2025/3353
f 1183/106/1068 3720/2021/3354 1185/2024/1070 69/107/60
f 383/3783/344 2512/2028/2256 3720/2021/3354 1183/106/1068
f 2512/2028/2256 917/2027/829 2510/2022/2254 3720/2021/3354
f 2507/2014/2251 3721/2017/3355 2509/2020/2253 916/2015/828
f 352/1123/315 1696/992/1527 3721/2017/3355 2507/2014/2251
f 1696/992/1527 144/991/125 2067/2018/1856 3721/2017/3355
f 1871/1970/1677 3722/2013/3356 2508/2016/2252 527/1971/471
f 48/223/41 1152/1124/1040 3722/2013/3356 1871/1970/1677
f 1152/1124/1040 352/1123/315 2507/2014/2251 3722/2013/3356
f 1327/710/1190 3723/2009/3357 1524/2012/1374 175/711/154
f 527/1971/471 2508/2016/2252 3723/2009/3357 1327/710/1190
f 2508/2016/2252 916/2015/828 2506/2010/2250 3723/2009/3357
f 2503/2002/2247 3724/2005/3358 2505/2008/2249 915/2003/827
f 496/4063/442 1840/12/1651 3724/2005/3358 2503/2002/2247
f 1840/12/1651 9/11/6 1838/2006/1650 3724/2005/3358
f 2067/2018/1856 3725/2001/3359 2504/2004/2248 723/2019/655
f 144/991/125 1296/4064/1163 3725/2001/3359 2067/2018/1856
f 1296/4064/1163 496/4063/442 2503/2002/2247 3725/2001/3359
f 1523/694/1373 3726/1997/3360 1525/2000/1375 262/695/235
f 723/2019/655 2504/2004/2248 3726/1997/3360 1523/694/1373
f 2504/2004/2248 915/2003/827 2502/1998/2246 3726/1997/3360
f 2499/1990/2243 3727/1993/3361 2501/1996/2245 914/1991/826
f 728/1975/660 2072/708/1861 3727/1993/3361 2499/1990/2243
f 2072/708/1861 263/707/236 2070/1994/1859 3727/1993/3361
f 1707/3734/1537 3728/1989/3362 2500/1992/2244 363/3735/325
f 155/663/135 1528/1976/1378 3728/1989/3362 1707/3734/1537
f 1528/1976/1378 728/1975/660 2499/1990/2243 3728/1989/3362
f 1163/122/1050 3729/1985/3363 1184/1988/1069 59/123/52
f 363/3735/325 2500/1992/2244 3729/1985/3363 1163/122/1050
f 2500/1992/2244 914/1991/826 2498/1986/2242 3729/1985/3363
f 2495/1978/2239 3730/1981/3364 2497/1984/2241 913/1979/825
f 312/3031/277 1656/356/1490 3730/1981/3364 2495/1978/2239
f 1656/356/1490 104/355/90 2071/1982/1860 3730/1981/3364
f 1851/2114/1661 3731/1977/3365 2496/1980/2240 507/2115/452
f 20/31/16 1112/3032/1004 3731/1977/3365 1851/2114/1661
f 1112/3032/1004 312/3031/277 2495/1978/2239 3731/1977/3365
f 1307/662/1173 3732/1973/3366 1528/1976/1378 155/663/135
f 507/2115/452 2496/1980/2240 3732/1973/3366 1307/662/1173
f 2496/1980/2240 913/1979/825 2494/1974/2238 3732/1973/3366
f 2491/1966/2235 3733/1969/3367 2493/1972/2237 912/1967/824
f 456/3427/408 1800/224/1617 3733/1969/3367 2491/1966/2235
f 1800/224/1617 48/223/41 1871/1970/1677 3733/1969/3367
f 2071/1982/1860 3734/1965/3368 2492/1968/2236 727/1983/659
f 104/355/90 1256/3428/1130 3734/1965/3368 2071/1982/1860
f 1256/3428/1130 456/3427/408 2491/1966/2235 3734/1965/3368
f 1527/706/1377 3735/1961/3369 1529/1964/1379 263/707/236
f 727/1983/659 2492/1968/2236 3735/1961/3369 1527/706/1377
f 2492/1968/2236 912/1967/824 2490/1962/2234 3735/1961/3369
f 2487/1954/2231 3736/1957/3370 2489/1960/2233 911/1955/823
f 732/1939/664 2076/720/1865 3736/1957/3370 2487/1954/2231
f 2076/720/1865 264/719/237 2074/1958/1863 3736/1957/3370
f 1667/3962/1501 3737/1953/3371 2488/1956/2232 323/3963/288
f 115/891/101 1532/1940/1382 3737/1953/3371 1667/3962/1501
f 1532/1940/1382 732/1939/664 2487/1954/2231 3737/1953/3371
f 1123/46/1015 3738/1949/3372 1125/1952/1017 24/47/20
f 323/3963/288 2488/1956/2232 3738/1949/3372 1123/46/1015
f 2488/1956/2232 911/1955/823 2486/1950/2230 3738/1949/3372
f 2483/1942/2227 3739/1945/3373 2485/1948/2229 910/1943/822
f 384/1987/345 1728/704/1555 3739/1945/3373 2483/1942/2227
f 1728/704/1555 176/703/155 2075/1946/1864 3739/1945/3373
f 1811/1430/1628 3740/1941/3374 2484/1944/2228 467/1431/419
f 59/123/52 1184/1988/1069 3740/1941/3374 1811/1430/1628
f 1184/1988/1069 384/1987/345 2483/1942/2227 3740/1941/3374
f 1267/890/1141 3741/1937/3375 1532/1940/1382 115/891/101
f 467/1431/419 2484/1944/2228 3741/1937/3375 1267/890/1141
f 2484/1944/2228 910/1943/822 2482/1938/2226 3741/1937/3375
f 2479/1930/2223 3742/1933/3376 2481/1936/2225 909/1931/821
f 528/3775/472 1872/108/1678 3742/1933/3376 2479/1930/2223
f 1872/108/1678 69/107/60 1870/1934/1676 3742/1933/3376
f 2075/1946/1864 3743/1929/3377 2480/1932/2224 731/1947/663
f 176/703/155 1328/3776/1191 3743/1929/3377 2075/1946/1864
f 1328/3776/1191 528/3775/472 2479/1930/2223 3743/1929/3377
f 1531/718/1381 3744/1925/3378 1533/1928/1383 264/719/237
f 731/1947/663 2480/1932/2224 3744/1925/3378 1531/718/1381
f 2480/1932/2224 909/1931/821 2478/1926/2222 3744/1925/3378
f 2475/1918/2219 3745/1921/3379 2477/1924/2221 908/1919/820
f 736/1903/668 2080/732/1869 3745/1921/3379 2475/1918/2219
f 2080/732/1869 265/731/238 2078/1922/1867 3745/1921/3379
f 1723/3818/1550 3746/1917/3380 2476/1920/2220 379/3819/340
f 171/747/150 1536/1904/1386 3746/1917/3380 1723/3818/1550
f 1536/1904/1386 736/1903/668 2475/1918/2219 3746/1917/3380
f 1179/94/1064 3747/1913/3381 1181/1916/1066 68/95/59
f 379/3819/340 2476/1920/2220 3747/1913/3381 1179/94/1064
f 2476/1920/2220 908/1919/820 2474/1914/2218 3747/1913/3381
f 2471/1906/2215 3748/1909/3382 2473/1912/2217 907/1907/819
f 368/1555/330 1712/848/1541 3748/1909/3382 2471/1906/2215
f 1712/848/1541 160/847/140 2079/1910/1868 3748/1909/3382
f 1867/1862/1673 3749/1905/3383 2472/1908/2216 523/1863/467
f 64/79/57 1168/1556/1055 3749/1905/3383 1867/1862/1673
f 1168/1556/1055 368/1555/330 2471/1906/2215 3749/1905/3383
f 1323/746/1186 3750/1901/3384 1536/1904/1386 171/747/150
f 523/1863/467 2472/1908/2216 3750/1901/3384 1323/746/1186
f 2472/1908/2216 907/1907/819 2470/1902/2214 3750/1901/3384
f 2467/1894/2211 3751/1897/3385 2469/1900/2213 906/1895/818
f 512/3919/457 1856/60/1666 3751/1897/3385 2467/1894/2211
f 1856/60/1666 25/59/21 1854/1898/1664 3751/1897/3385
f 2079/1910/1868 3752/1893/3386 2468/1896/2212 735/1911/667
f 160/847/140 1312/3920/1178 3752/1893/3386 2079/1910/1868
f 1312/3920/1178 512/3919/457 2467/1894/2211 3752/1893/3386
f 1535/730/1385 3753/1889/3387 1537/1892/1387 265/731/238
f 735/1911/667 2468/1896/2212 3753/1889/3387 1535/730/1385
f 2468/1896/2212 906/1895/818 2466/1890/2210 3753/1889/3387
f 2463/1882/2207 3754/1885/3388 2465/1888/2209 905/1883/817
f 740/1867/672 2084/744/1873 3754/1885/3388 2463/1882/2207
f 2084/744/1873 266/743/239 2082/1886/1871 3754/1885/3388
f 1682/3374/1516 3755/1881/3389 2464/1884/2208 338/3375/303
f 130/303/116 1540/1868/1390 3755/1881/3389 1682/3374/1516
f 1540/1868/1390 740/1867/672 2463/1882/2207 3755/1881/3389
f 1138/242/1028 3756/1877/3390 1180/1880/1065 34/243/28
f 338/3375/303 2464/1884/2208 3756/1877/3390 1138/242/1028
f 2464/1884/2208 905/1883/817 2462/1878/2206 3756/1877/3390
f 2459/1870/2203 3757/1873/3391 2461/1876/2205 904/1871/816
f 328/1735/293 1672/788/1506 3757/1873/3391 2459/1870/2203
f 1672/788/1506 120/787/106 2083/1874/1872 3757/1873/3391
f 1826/3194/1642 3758/1869/3392 2460/1872/2204 482/3195/433
f 18/51/14 1128/1736/1020 3758/1869/3392 1826/3194/1642
f 1128/1736/1020 328/1735/293 2459/1870/2203 3758/1869/3392
f 1282/302/1155 3759/1865/3393 1540/1868/1390 130/303/116
f 482/3195/433 2460/1872/2204 3759/1865/3393 1282/302/1155
f 2460/1872/2204 904/1871/816 2458/1866/2202 3759/1865/3393
f 2455/1858/2199 3760/1861/3394 2457/1864/2201 903/1859/815
f 472/3859/424 1816/80/1633 3760/1861/3394 2455/1858/2199
f 1816/80/1633 64/79/57 1867/1862/1673 3760/1861/3394
f 2083/1874/1872 3761/1857/3395 2456/1860/2200 739/1875/671
f 120/787/106 1272/3860/1146 3761/1857/3395 2083/1874/1872
f 1272/3860/1146 472/3859/424 2455/1858/2199 3761/1857/3395
f 1539/742/1389 3762/1853/3396 1541/1856/1391 266/743/239
f 739/1875/671 2456/1860/2200 3762/1853/3396 1539/742/1389
f 2456/1860/2200 903/1859/815 2454/1854/2198 3762/1853/3396
f 2451/1846/2195 3763/1849/3397 2453/1852/2197 902/1847/814
f 744/1831/676 2088/756/1877 3763/1849/3397 2451/1846/2195
f 2088/756/1877 267/755/240 2086/1850/1875 3763/1849/3397
f 1642/4082/1477 3764/1845/3398 2452/1848/2196 298/4083/264
f 90/1011/76 1544/1832/1394 3764/1845/3398 1642/4082/1477
f 1544/1832/1394 744/1831/676 2451/1846/2195 3764/1845/3398
f 1098/6/990 3765/1841/3399 1097/1844/989 8/7/5
f 298/4083/264 2452/1848/2196 3765/1841/3399 1098/6/990
f 2452/1848/2196 902/1847/814 2450/1842/2194 3765/1841/3399
f 2447/1834/2191 3766/1837/3400 2449/1840/2193 901/1835/813
f 380/1879/341 1724/740/1551 3766/1837/3400 2447/1834/2191
f 1724/740/1551 172/739/151 2087/1838/1876 3766/1837/3400
f 1786/1070/1603 3767/1833/3401 2448/1836/2192 442/1071/394
f 34/243/28 1180/1880/1065 3767/1833/3401 1786/1070/1603
f 1180/1880/1065 380/1879/341 2447/1834/2191 3767/1833/3401
f 1242/1010/1117 3768/1829/3402 1544/1832/1394 90/1011/76
f 442/1071/394 2448/1836/2192 3768/1829/3402 1242/1010/1117
f 2448/1836/2192 901/1835/813 2446/1830/2190 3768/1829/3402
f 2443/1822/2187 3769/1825/3403 2445/1828/2189 900/1823/812
f 524/3811/468 1868/96/1674 3769/1825/3403 2443/1822/2187
f 1868/96/1674 68/95/59 1866/1826/1672 3769/1825/3403
f 2087/1838/1876 3770/1821/3404 2444/1824/2188 743/1839/675
f 172/739/151 1324/3812/1187 3770/1821/3404 2087/1838/1876
f 1324/3812/1187 524/3811/468 2443/1822/2187 3770/1821/3404
f 1543/754/1393 3771/1817/3405 1545/1820/1395 267/755/240
f 743/1839/675 2444/1824/2188 3771/1817/3405 1543/754/1393
f 2444/1824/2188 900/1823/812 2442/1818/2186 3771/1817/3405
f 2439/1810/2183 3772/1813/3406 2441/1816/2185 899/1811/811
f 748/1795/680 2092/768/1881 3772/1813/3406 2439/1810/2183
f 2092/768/1881 268/767/241 2090/1814/1879 3772/1813/3406
f 1719/3854/1546 3773/1809/3407 2440/1812/2184 375/3855/336
f 167/783/146 1548/1796/1398 3773/1809/3407 1719/3854/1546
f 1548/1796/1398 748/1795/680 2439/1810/2183 3773/1809/3407
f 1175/82/1060 3774/1805/3408 1177/1808/1062 67/83/58
f 375/3855/336 2440/1812/2184 3774/1805/3408 1175/82/1060
f 2440/1812/2184 899/1811/811 2438/1806/2182 3774/1805/3408
f 2435/1798/2179 3775/1801/3409 2437/1804/2181 898/1799/810
f 341/1195/306 1685/968/1519 3775/1801/3409 2435/1798/2179
f 1685/968/1519 133/967/119 2091/1802/1880 3775/1801/3409
f 1863/1754/1669 3776/1797/3410 2436/1800/2180 519/1755/463
f 37/199/31 1141/1196/1031 3776/1797/3410 1863/1754/1669
f 1141/1196/1031 341/1195/306 2435/1798/2179 3776/1797/3410
f 1319/782/1182 3777/1793/3411 1548/1796/1398 167/783/146
f 519/1755/463 2436/1800/2180 3777/1793/3411 1319/782/1182
f 2436/1800/2180 898/1799/810 2434/1794/2178 3777/1793/3411
f 2431/1786/2175 3778/1789/3412 2433/1792/2177 897/1787/809
f 485/4039/436 1829/20/1645 3778/1789/3412 2431/1786/2175
f 1829/20/1645 21/19/17 1855/1790/1665 3778/1789/3412
f 2091/1802/1880 3779/1785/3413 2432/1788/2176 747/1803/679
f 133/967/119 1285/4040/1158 3779/1785/3413 2091/1802/1880
f 1285/4040/1158 485/4039/436 2431/1786/2175 3779/1785/3413
f 1547/766/1397 3780/1781/3414 1549/1784/1399 268/767/241
f 747/1803/679 2432/1788/2176 3780/1781/3414 1547/766/1397
f 2432/1788/2176 897/1787/809 2430/1782/2174 3780/1781/3414
f 2427/1774/2171 3781/1777/3415 2429/1780/2173 896/1775/808
f 752/1759/684 2096/780/1885 3781/1777/3415 2427/1774/2171
f 2096/780/1885 269/779/242 2094/1778/1883 3781/1777/3415
f 1694/3770/1525 3782/1773/3416 2428/1776/2172 350/3771/313
f 142/699/124 1552/1760/1402 3782/1773/3416 1694/3770/1525
f 1552/1760/1402 752/1759/684 2427/1774/2171 3782/1773/3416
f 1150/110/1038 3783/1769/3417 1176/1772/1061 46/111/39
f 350/3771/313 2428/1776/2172 3783/1769/3417 1150/110/1038
f 2428/1776/2172 896/1775/808 2426/1770/2170 3783/1769/3417
f 2423/1762/2167 3784/1765/3418 2425/1768/2169 895/1763/807
f 301/2815/267 1645/428/1480 3784/1765/3418 2423/1762/2167
f 1645/428/1480 93/427/79 2095/1766/1884 3784/1765/3418
f 1838/2006/1650 3785/1761/3419 2424/1764/2168 494/2007/441
f 9/11/6 1101/2816/993 3785/1761/3419 1838/2006/1650
f 1101/2816/993 301/2815/267 2423/1762/2167 3785/1761/3419
f 1294/698/1162 3786/1757/3420 1552/1760/1402 142/699/124
f 494/2007/441 2424/1764/2168 3786/1757/3420 1294/698/1162
f 2424/1764/2168 895/1763/807 2422/1758/2166 3786/1757/3420
f 2419/1750/2163 3787/1753/3421 2421/1756/2165 894/1751/806
f 445/3499/397 1789/200/1606 3787/1753/3421 2419/1750/2163
f 1789/200/1606 37/199/31 1863/1754/1669 3787/1753/3421
f 2095/1766/1884 3788/1749/3422 2420/1752/2164 751/1767/683
f 93/427/79 1245/3500/1120 3788/1749/3422 2095/1766/1884
f 1245/3500/1120 445/3499/397 2419/1750/2163 3788/1749/3422
f 1551/778/1401 3789/1745/3423 1553/1748/1403 269/779/242
f 751/1767/683 2420/1752/2164 3789/1745/3423 1551/778/1401
f 2420/1752/2164 894/1751/806 2418/1746/2162 3789/1745/3423
f 2415/1738/2159 3790/1741/3424 2417/1744/2161 893/1739/805
f 756/1723/688 2100/792/1889 3790/1741/3424 2415/1738/2159
f 2100/792/1889 270/791/243 2098/1742/1887 3790/1741/3424
f 1654/3950/1488 3791/1737/3425 2416/1740/2160 310/3951/275
f 102/879/88 1556/1724/1406 3791/1737/3425 1654/3950/1488
f 1556/1724/1406 756/1723/688 2415/1738/2159 3791/1737/3425
f 1110/50/1002 3792/1733/3426 1128/1736/1020 18/51/14
f 310/3951/275 2416/1740/2160 3792/1733/3426 1110/50/1002
f 2416/1740/2160 893/1739/805 2414/1734/2158 3792/1733/3426
f 2411/1726/2155 3793/1729/3427 2413/1732/2157 892/1727/804
f 376/1771/337 1720/776/1547 3793/1729/3427 2411/1726/2155
f 1720/776/1547 168/775/147 2099/1730/1888 3793/1729/3427
f 1798/1466/1615 3794/1725/3428 2412/1728/2156 454/1467/406
f 46/111/39 1176/1772/1061 3794/1725/3428 1798/1466/1615
f 1176/1772/1061 376/1771/337 2411/1726/2155 3794/1725/3428
f 1254/878/1128 3795/1721/3429 1556/1724/1406 102/879/88
f 454/1467/406 2412/1728/2156 3795/1721/3429 1254/878/1128
f 2412/1728/2156 892/1727/804 2410/1722/2154 3795/1721/3429
f 2407/1714/2151 3796/1717/3430 2409/1720/2153 891/1715/803
f 520/3847/464 1864/84/1670 3796/1717/3430 2407/1714/2151
f 1864/84/1670 67/83/58 1862/1718/1668 3796/1717/3430
f 2099/1730/1888 3797/1713/3431 2408/1716/2152 755/1731/687
f 168/775/147 1320/3848/1183 3797/1713/3431 2099/1730/1888
f 1320/3848/1183 520/3847/464 2407/1714/2151 3797/1713/3431
f 1555/790/1405 3798/1709/3432 1557/1712/1407 270/791/243
f 755/1731/687 2408/1716/2152 3798/1709/3432 1555/790/1405
f 2408/1716/2152 891/1715/803 2406/1710/2150 3798/1709/3432
f 2403/1702/2 3799/1705/2 2405/1708/2 890/1703/2
f 760/1687/2 2104/804/2 3799/1705/2 2403/1702/2
f 2104/804/2 271/803/2 2102/1706/2 3799/1705/2
f 1715/3890/333 3800/1701/2 2404/1704/2 371/3891/333
f 163/819/143 1560/1688/2 3800/1701/2 1715/3890/333
f 1560/1688/2 760/1687/2 2403/1702/2 3800/1701/2
f 1171/70/2 3801/1697/2 1173/1700/2 66/71/2
f 371/3891/333 2404/1704/2 3801/1697/2 1171/70/2
f 2404/1704/2 890/1703/2 2402/1698/2 3801/1697/2
f 2399/1690/2 3802/1693/2 2401/1696/2 889/1691/2
f 353/1159/2 1697/980/2 3802/1693/2 2399/1690/2
f 1697/980/2 145/979/2 2103/1694/2 3802/1693/2
f 1859/1646/460 3803/1689/2 2400/1692/2 515/1647/460
f 49/211/42 1153/1160/2 3803/1689/2 1859/1646/460
f 1153/1160/2 353/1159/2 2399/1690/2 3803/1689/2
f 1315/818/773 3804/1685/2 1560/1688/2 163/819/143
f 515/1647/460 2400/1692/2 3804/1685/2 1315/818/773
f 2400/1692/2 889/1691/2 2398/1686/2 3804/1685/2
f 2395/1678/2 3805/1681/2 2397/1684/2 888/1679/2
f 497/4051/2 1841/16/2 3805/1681/2 2395/1678/2
f 1841/16/2 7/15/2 1832/1682/2 3805/1681/2
f 2103/1694/2 3806/1677/2 2396/1680/2 759/1695/2
f 145/979/2 1297/4052/2 3806/1677/2 2103/1694/2
f 1297/4052/2 497/4051/2 2395/1678/2 3806/1677/2
f 1559/802/2 3807/1673/2 1561/1676/2 271/803/2
f 759/1695/2 2396/1680/2 3807/1673/2 1559/802/2
f 2396/1680/2 888/1679/2 2394/1674/2 3807/1673/2
f 2391/1666/2147 3808/1669/3433 2393/1672/2149 887/1667/802
f 764/1651/692 2108/816/1893 3808/1669/3433 2391/1666/2147
f 2108/816/1893 272/815/244 2106/1670/1891 3808/1669/3433
f 1711/3842/1540 3809/1665/3434 2392/1668/2148 367/3843/329
f 159/771/139 1564/1652/1410 3809/1665/3434 1711/3842/1540
f 1564/1652/1410 764/1651/692 2391/1666/2147 3809/1665/3434
f 1167/86/1054 3810/1661/3435 1172/1664/1058 63/87/56
f 367/3843/329 2392/1668/2148 3810/1661/3435 1167/86/1054
f 2392/1668/2148 887/1667/802 2390/1662/2146 3810/1661/3435
f 2387/1654/2143 3811/1657/3436 2389/1660/2145 886/1655/801
f 313/2923/278 1657/392/1491 3811/1657/3436 2387/1654/2143
f 1657/392/1491 105/391/91 2107/1658/1892 3811/1657/3436
f 1855/1790/1665 3812/1653/3437 2388/1656/2144 511/1791/456
f 21/19/17 1113/2924/1005 3812/1653/3437 1855/1790/1665
f 1113/2924/1005 313/2923/278 2387/1654/2143 3812/1653/3437
f 1311/770/1177 3813/1649/3438 1564/1652/1410 159/771/139
f 511/1791/456 2388/1656/2144 3813/1649/3438 1311/770/1177
f 2388/1656/2144 886/1655/801 2386/1650/2142 3813/1649/3438
f 2383/1642/2140 3814/1645/3439 2385/1648/1210 885/1643/800
f 457/3463/409 1801/212/1618 3814/1645/3439 2383/1642/2140
f 1801/212/1618 49/211/42 1859/1646/460 3814/1645/3439
f 2107/1658/1892 3815/1641/3440 2384/1644/2141 763/1659/691
f 105/391/91 1257/3464/1131 3815/1641/3440 2107/1658/1892
f 1257/3464/1131 457/3463/409 2383/1642/2140 3815/1641/3440
f 1563/814/1409 3816/1637/3441 1565/1640/1411 272/815/244
f 763/1659/691 2384/1644/2141 3816/1637/3441 1563/814/1409
f 2384/1644/2141 885/1643/800 2382/1638/2139 3816/1637/3441
f 2379/1630/2136 3817/1633/3442 2381/1636/2138 884/1631/799
f 768/1615/696 2112/828/1897 3817/1633/3442 2379/1630/2136
f 2112/828/1897 273/827/245 2110/1634/1895 3817/1633/3442
f 1671/3926/1505 3818/1629/3443 2380/1632/2137 327/3927/292
f 119/855/105 1568/1616/1414 3818/1629/3443 1671/3926/1505
f 1568/1616/1414 768/1615/696 2379/1630/2136 3818/1629/3443
f 1127/58/1019 3819/1625/3444 1129/1628/1021 25/59/21
f 327/3927/292 2380/1632/2137 3819/1625/3444 1127/58/1019
f 2380/1632/2137 884/1631/799 2378/1626/2135 3819/1625/3444
f 2375/1618/2132 3820/1621/3445 2377/1624/2134 883/1619/798
f 372/1663/334 1716/812/1544 3820/1621/3445 2375/1618/2132
f 1716/812/1544 164/811/144 2111/1622/1896 3820/1621/3445
f 1815/1538/1632 3821/1617/3446 2376/1620/2133 471/1539/423
f 63/87/56 1172/1664/1058 3821/1617/3446 1815/1538/1632
f 1172/1664/1058 372/1663/334 2375/1618/2132 3821/1617/3446
f 1271/854/1145 3822/1613/3447 1568/1616/1414 119/855/105
f 471/1539/423 2376/1620/2133 3822/1613/3447 1271/854/1145
f 2376/1620/2133 883/1619/798 2374/1614/2131 3822/1613/3447
f 2371/1606/700 3823/1609/2 2373/1612/459 882/1607/401
f 516/3883/461 1860/72/333 3823/1609/2 2371/1606/700
f 1860/72/333 66/71/2 1858/1610/2 3823/1609/2
f 2111/1622/1896 3824/1605/3448 2372/1608/2130 767/1623/695
f 164/811/144 1316/3884/1180 3824/1605/3448 2111/1622/1896
f 1316/3884/1180 516/3883/461 2371/1606/700 3824/1605/3448
f 1567/826/1413 3825/1601/107 1569/1604/1415 273/827/245
f 767/1623/695 2372/1608/2130 3825/1601/107 1567/826/1413
f 2372/1608/2130 882/1607/401 2370/1602/1299 3825/1601/107
f 2367/1594/2127 3826/1597/3449 2369/1600/2129 881/1595/797
f 772/1579/700 2116/840/1900 3826/1597/3449 2367/1594/2127
f 2116/840/1900 274/839/246 2114/1598/1899 3826/1597/3449
f 1714/3902/1543 3827/1593/3450 2368/1596/2128 370/3903/332
f 162/831/142 1572/1580/1418 3827/1593/3450 1714/3902/1543
f 1572/1580/1418 772/1579/700 2367/1594/2127 3827/1593/3450
f 1170/66/1057 3828/1589/3451 1169/1592/1056 65/67/2
f 370/3903/332 2368/1596/2128 3828/1589/3451 1170/66/1057
f 2368/1596/2128 881/1595/797 2366/1590/2126 3828/1589/3451
f 2363/1582/2 3829/1585/2 2365/1588/2 880/1583/2
f 373/1699/2 1717/800/2 3829/1585/2 2363/1582/2
f 1717/800/2 165/799/2 2115/1586/401 3829/1585/2
f 1858/1610/2 3830/1581/2 2364/1584/2 514/1611/459
f 66/71/2 1173/1700/2 3830/1581/2 1858/1610/2
f 1173/1700/2 373/1699/2 2363/1582/2 3830/1581/2
f 1314/830/580 3831/1577/2 1572/1580/1418 162/831/142
f 514/1611/459 2364/1584/2 3831/1577/2 1314/830/580
f 2364/1584/2 880/1583/2 2362/1578/2 3831/1577/2
f 2359/1570/2123 3832/1573/3452 2361/1576/2125 879/1571/796
f 517/3871/2 1861/76/2 3832/1573/3452 2359/1570/2123
f 1861/76/2 40/75/2 1792/1574/1609 3832/1573/3452
f 2115/1586/401 3833/1569/3453 2360/1572/2124 771/1587/699
f 165/799/2 1317/3872/2 3833/1569/3453 2115/1586/401
f 1317/3872/2 517/3871/2 2359/1570/2123 3833/1569/3453
f 1571/838/1417 3834/1565/3454 1573/1568/1419 274/839/246
f 771/1587/699 2360/1572/2124 3834/1565/3454 1571/838/1417
f 2360/1572/2124 879/1571/796 2358/1566/2122 3834/1565/3454
f 2355/1558/2119 3835/1561/3455 2357/1564/2121 878/1559/795
f 776/1543/704 2120/852/1904 3835/1561/3455 2355/1558/2119
f 2120/852/1904 275/851/247 2118/1562/1902 3835/1561/3455
f 1718/3866/1545 3836/1557/3456 2356/1560/2120 374/3867/335
f 166/795/145 1576/1544/1422 3836/1557/3456 1718/3866/1545
f 1576/1544/1422 776/1543/704 2355/1558/2119 3836/1557/3456
f 1174/78/1059 3837/1553/3457 1168/1556/1055 64/79/57
f 374/3867/335 2356/1560/2120 3837/1553/3457 1174/78/1059
f 2356/1560/2120 878/1559/795 2354/1554/2118 3837/1553/3457
f 2351/1546/2115 3838/1549/3458 2353/1552/2117 877/1547/794
f 377/1807/338 1721/764/1548 3838/1549/3458 2351/1546/2115
f 1721/764/1548 169/763/148 2119/1550/1903 3838/1549/3458
f 1862/1718/1668 3839/1545/3459 2352/1548/2116 518/1719/462
f 67/83/58 1177/1808/1062 3839/1545/3459 1862/1718/1668
f 1177/1808/1062 377/1807/338 2351/1546/2115 3839/1545/3459
f 1318/794/1181 3840/1541/3460 1576/1544/1422 166/795/145
f 518/1719/462 2352/1548/2116 3840/1541/3460 1318/794/1181
f 2352/1548/2116 877/1547/794 2350/1542/2114 3840/1541/3460
f 2347/1534/2111 3841/1537/3461 2349/1540/2113 876/1535/793
f 521/3835/465 1865/88/1671 3841/1537/3461 2347/1534/2111
f 1865/88/1671 63/87/56 1815/1538/1632 3841/1537/3461
f 2119/1550/1903 3842/1533/3462 2348/1536/2112 775/1551/703
f 169/763/148 1321/3836/1184 3842/1533/3462 2119/1550/1903
f 1321/3836/1184 521/3835/465 2347/1534/2111 3842/1533/3462
f 1575/850/1421 3843/1529/3463 1577/1532/1423 275/851/247
f 775/1551/703 2348/1536/2112 3843/1529/3463 1575/850/1421
f 2348/1536/2112 876/1535/793 2346/1530/2110 3843/1529/3463
f 2343/1522/2107 3844/1525/3464 2345/1528/2109 875/1523/792
f 780/1507/708 2124/864/1908 3844/1525/3464 2343/1522/2107
f 2124/864/1908 276/863/248 2122/1526/1906 3844/1525/3464
f 1722/3830/1549 3845/1521/3465 2344/1524/2108 378/3831/339
f 170/759/149 1580/1508/1426 3845/1521/3465 1722/3830/1549
f 1580/1508/1426 780/1507/708 2343/1522/2107 3845/1521/3465
f 1178/90/1063 3846/1517/3466 1137/1520/1027 33/91/27
f 378/3831/339 2344/1524/2108 3846/1517/3466 1178/90/1063
f 2344/1524/2108 875/1523/792 2342/1518/2106 3846/1517/3466
f 2339/1510/2103 3847/1513/3467 2341/1516/2105 874/1511/791
f 381/1915/342 1725/728/1552 3847/1513/3467 2339/1510/2103
f 1725/728/1552 173/727/152 2123/1514/1907 3847/1513/3467
f 1866/1826/1672 3848/1509/3468 2340/1512/2104 522/1827/466
f 68/95/59 1181/1916/1066 3848/1509/3468 1866/1826/1672
f 1181/1916/1066 381/1915/342 2339/1510/2103 3848/1509/3468
f 1322/758/1185 3849/1505/3469 1580/1508/1426 170/759/149
f 522/1827/466 2340/1512/2104 3849/1505/3469 1322/758/1185
f 2340/1512/2104 874/1511/791 2338/1506/2102 3849/1505/3469
f 2335/1498/2099 3850/1501/3470 2337/1504/2101 873/1499/790
f 525/3799/469 1869/100/1675 3850/1501/3470 2335/1498/2099
f 1869/100/1675 62/99/55 1814/1502/1631 3850/1501/3470
f 2123/1514/1907 3851/1497/3471 2336/1500/2100 779/1515/707
f 173/727/152 1325/3800/1188 3851/1497/3471 2123/1514/1907
f 1325/3800/1188 525/3799/469 2335/1498/2099 3851/1497/3471
f 1579/862/1425 3852/1493/3472 1581/1496/1427 276/863/248
f 779/1515/707 2336/1500/2100 3852/1493/3472 1579/862/1425
f 2336/1500/2100 873/1499/790 2334/1494/2098 3852/1493/3472
f 2331/1486/2095 3853/1489/3473 2333/1492/2097 872/1487/789
f 784/1471/712 2128/876/1912 3853/1489/3473 2331/1486/2095
f 2128/876/1912 277/875/249 2126/1490/1910 3853/1489/3473
f 1726/3794/1553 3854/1485/3474 2332/1488/2096 382/3795/343
f 174/723/153 1584/1472/1430 3854/1485/3474 1726/3794/1553
f 1584/1472/1430 784/1471/712 2331/1486/2095 3854/1485/3474
f 1182/102/1067 3855/1481/3475 1165/1484/1052 61/103/54
f 382/3795/343 2332/1488/2096 3855/1481/3475 1182/102/1067
f 2332/1488/2096 872/1487/789 2330/1482/2094 3855/1481/3475
f 2327/1474/2091 3856/1477/3476 2329/1480/2093 871/1475/788
f 385/2023/346 1729/692/1556 3856/1477/3476 2327/1474/2091
f 1729/692/1556 177/691/156 2127/1478/1911 3856/1477/3476
f 1870/1934/1676 3857/1473/3477 2328/1476/2092 526/1935/470
f 69/107/60 1185/2024/1070 3857/1473/3477 1870/1934/1676
f 1185/2024/1070 385/2023/346 2327/1474/2091 3857/1473/3477
f 1326/722/1189 3858/1469/3478 1584/1472/1430 174/723/153
f 526/1935/470 2328/1476/2092 3858/1469/3478 1326/722/1189
f 2328/1476/2092 871/1475/788 2326/1470/2090 3858/1469/3478
f 2323/1462/2087 3859/1465/3479 2325/1468/2089 870/1463/787
f 529/3763/473 1873/112/1679 3859/1465/3479 2323/1462/2087
f 1873/112/1679 46/111/39 1798/1466/1615 3859/1465/3479
f 2127/1478/1911 3860/1461/3480 2324/1464/2088 783/1479/711
f 177/691/156 1329/3764/1192 3860/1461/3480 2127/1478/1911
f 1329/3764/1192 529/3763/473 2323/1462/2087 3860/1461/3480
f 1583/874/1429 3861/1457/3481 1585/1460/1431 277/875/249
f 783/1479/711 2324/1464/2088 3861/1457/3481 1583/874/1429
f 2324/1464/2088 870/1463/787 2322/1458/2086 3861/1457/3481
f 2319/1450/461 3862/1453/3482 2321/1456/2085 869/1451/786
f 788/1435/461 2132/888/1916 3862/1453/3482 2319/1450/461
f 2132/888/1916 278/887/250 2130/1454/1914 3862/1453/3482
f 1730/3758/786 3863/1449/107 2320/1452/1763 386/3759/347
f 178/687/2 1588/1436/107 3863/1449/107 1730/3758/786
f 1588/1436/107 788/1435/461 2319/1450/461 3863/1449/107
f 1186/114/1071 3864/1445/3483 1164/1448/1051 60/115/53
f 386/3759/347 2320/1452/1763 3864/1445/3483 1186/114/1071
f 2320/1452/1763 869/1451/786 2318/1446/2084 3864/1445/3483
f 2315/1438/254 3865/1441/3484 2317/1444/2083 868/1439/461
f 389/2131/348 1733/656/1557 3865/1441/3484 2315/1438/254
f 1733/656/1557 181/655/158 2131/1442/1915 3865/1441/3484
f 1874/2042/2 3866/1437/107 2316/1440/107 530/2043/2
f 70/119/2 1189/2132/107 3866/1437/107 1874/2042/2
f 1189/2132/107 389/2131/348 2315/1438/254 3866/1437/107
f 1330/686/2 3867/1433/107 1588/1436/107 178/687/2
f 530/2043/2 2316/1440/107 3867/1433/107 1330/686/2
f 2316/1440/107 868/1439/461 2314/1434/461 3867/1433/107
f 2311/1426/2080 3868/1429/3485 2313/1432/2082 867/1427/785
f 533/3727/475 1877/124/1681 3868/1429/3485 2311/1426/2080
f 1877/124/1681 59/123/52 1811/1430/1628 3868/1429/3485
f 2131/1442/1915 3869/1425/3486 2312/1428/2081 787/1443/715
f 181/655/158 1333/3728/1194 3869/1425/3486 2131/1442/1915
f 1333/3728/1194 533/3727/475 2311/1426/2080 3869/1425/3486
f 1587/886/1433 3870/1421/3487 1589/1424/1434 278/887/250
f 787/1443/715 2312/1428/2081 3870/1421/3487 1587/886/1433
f 2312/1428/2081 867/1427/785 2310/1422/2079 3870/1421/3487
f 2307/1414/2076 3871/1417/3488 2309/1420/2078 866/1415/784
f 792/1399/719 2136/900/1920 3871/1417/3488 2307/1414/2076
f 2136/900/1920 279/899/251 2134/1418/1918 3871/1417/3488
f 1734/3722/1558 3872/1413/3489 2308/1416/2077 390/3723/349
f 182/651/159 1592/1400/1437 3872/1413/3489 1734/3722/1558
f 1592/1400/1437 792/1399/719 2307/1414/2076 3872/1413/3489
f 1190/126/1072 3873/1409/3490 1133/1412/1024 29/127/24
f 390/3723/349 2308/1416/2077 3873/1409/3490 1190/126/1072
f 2308/1416/2077 866/1415/784 2306/1410/2075 3873/1409/3490
f 2303/1402/2072 3874/1405/3491 2305/1408/2074 865/1403/783
f 393/2239/352 1737/620/1561 3874/1405/3491 2303/1402/2072
f 1737/620/1561 185/619/162 2135/1406/1919 3874/1405/3491
f 1878/2150/1682 3875/1401/3492 2304/1404/2073 534/2151/476
f 71/131/61 1193/2240/1075 3875/1401/3492 1878/2150/1682
f 1193/2240/1075 393/2239/352 2303/1402/2072 3875/1401/3492
f 1334/650/1195 3876/1397/3493 1592/1400/1437 182/651/159
f 534/2151/476 2304/1404/2073 3876/1397/3493 1334/650/1195
f 2304/1404/2073 865/1403/783 2302/1398/2071 3876/1397/3493
f 2299/1390/2068 3877/1393/3494 2301/1396/2070 864/1391/782
f 537/3691/479 1881/136/1685 3877/1393/3494 2299/1390/2068
f 1881/136/1685 58/135/51 1810/1394/1627 3877/1393/3494
f 2135/1406/1919 3878/1389/3495 2300/1392/2069 791/1407/718
f 185/619/162 1337/3692/1198 3878/1389/3495 2135/1406/1919
f 1337/3692/1198 537/3691/479 2299/1390/2068 3878/1389/3495
f 1591/898/1436 3879/1385/3496 1593/1388/1438 279/899/251
f 791/1407/718 2300/1392/2069 3879/1385/3496 1591/898/1436
f 2300/1392/2069 864/1391/782 2298/1386/2067 3879/1385/3496
f 2295/1378/2064 3880/1381/3497 2297/1384/2066 863/1379/781
f 796/1363/723 2140/912/1924 3880/1381/3497 2295/1378/2064
f 2140/912/1924 280/911/252 2138/1382/1922 3880/1381/3497
f 1738/3686/1562 3881/1377/3498 2296/1380/2065 394/3687/353
f 186/615/163 1596/1364/1441 3881/1377/3498 1738/3686/1562
f 1596/1364/1441 796/1363/723 2295/1378/2064 3881/1377/3498
f 1194/138/1076 3882/1373/3499 1161/1376/1048 57/139/50
f 394/3687/353 2296/1380/2065 3882/1373/3499 1194/138/1076
f 2296/1380/2065 863/1379/781 2294/1374/2063 3882/1373/3499
f 2291/1366/2060 3883/1369/3500 2293/1372/2062 862/1367/780
f 397/2347/356 1741/584/1565 3883/1369/3500 2291/1366/2060
f 1741/584/1565 189/583/166 2139/1370/1923 3883/1369/3500
f 1882/2258/1686 3884/1365/3501 2292/1368/2061 538/2259/480
f 72/143/62 1197/2348/1079 3884/1365/3501 1882/2258/1686
f 1197/2348/1079 397/2347/356 2291/1366/2060 3884/1365/3501
f 1338/614/1199 3885/1361/3502 1596/1364/1441 186/615/163
f 538/2259/480 2292/1368/2061 3885/1361/3502 1338/614/1199
f 2292/1368/2061 862/1367/780 2290/1362/2059 3885/1361/3502
f 2287/1354/2056 3886/1357/3503 2289/1360/2058 861/1355/779
f 541/3655/483 1885/148/1689 3886/1357/3503 2287/1354/2056
f 1885/148/1689 47/147/40 1799/1358/1616 3886/1357/3503
f 2139/1370/1923 3887/1353/3504 2288/1356/2057 795/1371/722
f 189/583/166 1341/3656/1202 3887/1353/3504 2139/1370/1923
f 1341/3656/1202 541/3655/483 2287/1354/2056 3887/1353/3504
f 1595/910/1440 3888/1349/3505 1597/1352/1442 280/911/252
f 795/1371/722 2288/1356/2057 3888/1349/3505 1595/910/1440
f 2288/1356/2057 861/1355/779 2286/1350/2055 3888/1349/3505
f 2283/1342/2052 3889/1345/3506 2285/1348/2054 860/1343/778
f 800/1327/727 2144/924/1928 3889/1345/3506 2283/1342/2052
f 2144/924/1928 281/923/253 2142/1346/1926 3889/1345/3506
f 1742/3650/1566 3890/1341/3507 2284/1344/2053 398/3651/357
f 190/579/167 1600/1328/1445 3890/1341/3507 1742/3650/1566
f 1600/1328/1445 800/1327/727 2283/1342/2052 3890/1341/3507
f 1198/150/1080 3891/1337/3508 1160/1340/1047 56/151/49
f 398/3651/357 2284/1344/2053 3891/1337/3508 1198/150/1080
f 2284/1344/2053 860/1343/778 2282/1338/2051 3891/1337/3508
f 2279/1330/2048 3892/1333/3509 2281/1336/2050 859/1331/777
f 401/2455/360 1745/548/1569 3892/1333/3509 2279/1330/2048
f 1745/548/1569 193/547/170 2143/1334/1927 3892/1333/3509
f 1886/2366/1690 3893/1329/3510 2280/1332/2049 542/2367/484
f 73/155/63 1201/2456/1083 3893/1329/3510 1886/2366/1690
f 1201/2456/1083 401/2455/360 2279/1330/2048 3893/1329/3510
f 1342/578/1203 3894/1325/3511 1600/1328/1445 190/579/167
f 542/2367/484 2280/1332/2049 3894/1325/3511 1342/578/1203
f 2280/1332/2049 859/1331/777 2278/1326/2047 3894/1325/3511
f 2275/1318/2044 3895/1321/3512 2277/1324/2046 858/1319/776
f 545/3619/487 1889/160/1693 3895/1321/3512 2275/1318/2044
f 1889/160/1693 55/159/48 1807/1322/1624 3895/1321/3512
f 2143/1334/1927 3896/1317/3513 2276/1320/2045 799/1335/726
f 193/547/170 1345/3620/1206 3896/1317/3513 2143/1334/1927
f 1345/3620/1206 545/3619/487 2275/1318/2044 3896/1317/3513
f 1599/922/1444 3897/1313/3514 1601/1316/1446 281/923/253
f 799/1335/726 2276/1320/2045 3897/1313/3514 1599/922/1444
f 2276/1320/2045 858/1319/776 2274/1314/2043 3897/1313/3514
f 2271/1306/2040 3898/1309/3515 2273/1312/2042 857/1307/775
f 804/1291/730 2148/936/1931 3898/1309/3515 2271/1306/2040
f 2148/936/1931 282/935/254 2146/1310/1930 3898/1309/3515
f 1746/3614/1570 3899/1305/3516 2272/1308/2041 402/3615/361
f 194/543/171 1604/1292/1449 3899/1305/3516 1746/3614/1570
f 1604/1292/1449 804/1291/730 2271/1306/2040 3899/1305/3516
f 1202/162/1084 3900/1301/3517 1140/1304/1030 36/163/30
f 402/3615/361 2272/1308/2041 3900/1301/3517 1202/162/1084
f 2272/1308/2041 857/1307/775 2270/1302/2039 3900/1301/3517
f 2267/1294/2 3901/1297/2 2269/1300/700 856/1295/774
f 405/2563/2 1749/512/837 3901/1297/2 2267/1294/2
f 1749/512/837 197/511/172 2147/1298/107 3901/1297/2
f 1890/2474/1694 3902/1293/3518 2268/1296/2038 546/2475/488
f 74/167/64 1205/2564/2 3902/1293/3518 1890/2474/1694
f 1205/2564/2 405/2563/2 2267/1294/2 3902/1293/3518
f 1346/542/1207 3903/1289/3519 1604/1292/1449 194/543/171
f 546/2475/488 2268/1296/2038 3903/1289/3519 1346/542/1207
f 2268/1296/2038 856/1295/774 2266/1290/2037 3903/1289/3519
f 2263/1282/2034 3904/1285/3520 2265/1288/2036 855/1283/773
f 549/3583/491 1893/172/1697 3904/1285/3520 2263/1282/2034
f 1893/172/1697 54/171/47 1806/1286/1623 3904/1285/3520
f 2147/1298/107 3905/1281/3521 2264/1284/2035 803/1299/700
f 197/511/172 1349/3584/1210 3905/1281/3521 2147/1298/107
f 1349/3584/1210 549/3583/491 2263/1282/2034 3905/1281/3521
f 1603/934/1448 3906/1277/3522 1605/1280/1450 282/935/254
f 803/1299/700 2264/1284/2035 3906/1277/3522 1603/934/1448
f 2264/1284/2035 855/1283/773 2262/1278/2033 3906/1277/3522
f 2259/1270/2030 3907/1273/3523 2261/1276/2032 854/1271/772
f 808/1255/734 2152/948/1935 3907/1273/3523 2259/1270/2030
f 2152/948/1935 283/947/255 2150/1274/1933 3907/1273/3523
f 1750/3578/1572 3908/1269/3524 2260/1272/2031 406/3579/363
f 198/507/174 1608/1256/1453 3908/1269/3524 1750/3578/1572
f 1608/1256/1453 808/1255/734 2259/1270/2030 3908/1269/3524
f 1206/174/1086 3909/1265/3525 1157/1268/1044 53/175/46
f 406/3579/363 2260/1272/2031 3909/1265/3525 1206/174/1086
f 2260/1272/2031 854/1271/772 2258/1266/2029 3909/1265/3525
f 2255/1258/2026 3910/1261/3526 2257/1264/2028 853/1259/771
f 409/2671/366 1753/476/1575 3910/1261/3526 2255/1258/2026
f 1753/476/1575 201/475/177 2151/1262/1934 3910/1261/3526
f 1894/2582/1698 3911/1257/3527 2256/1260/2027 550/2583/492
f 75/179/65 1209/2672/1089 3911/1257/3527 1894/2582/1698
f 1209/2672/1089 409/2671/366 2255/1258/2026 3911/1257/3527
f 1350/506/1211 3912/1253/3528 1608/1256/1453 198/507/174
f 550/2583/492 2256/1260/2027 3912/1253/3528 1350/506/1211
f 2256/1260/2027 853/1259/771 2254/1254/2025 3912/1253/3528
f 2251/1246/2022 3913/1249/3529 2253/1252/2024 852/1247/770
f 553/3547/495 1897/184/1701 3913/1249/3529 2251/1246/2022
f 1897/184/1701 44/183/37 1796/1250/1613 3913/1249/3529
f 2151/1262/1934 3914/1245/3530 2252/1248/2023 807/1263/733
f 201/475/177 1353/3548/1214 3914/1245/3530 2151/1262/1934
f 1353/3548/1214 553/3547/495 2251/1246/2022 3914/1245/3530
f 1607/946/1452 3915/1241/3531 1609/1244/1454 283/947/255
f 807/1263/733 2252/1248/2023 3915/1241/3531 1607/946/1452
f 2252/1248/2023 852/1247/770 2250/1242/2021 3915/1241/3531
f 2247/1234/2018 3916/1237/3532 2249/1240/2020 851/1235/769
f 812/1219/738 2156/960/1939 3916/1237/3532 2247/1234/2018
f 2156/960/1939 284/959/256 2154/1238/1937 3916/1237/3532
f 1754/3542/1576 3917/1233/3533 2248/1236/2019 410/3543/367
f 202/471/178 1612/1220/1457 3917/1233/3533 1754/3542/1576
f 1612/1220/1457 812/1219/738 2247/1234/2018 3917/1233/3533
f 1210/186/1090 3918/1229/3534 1156/1232/1043 52/187/45
f 410/3543/367 2248/1236/2019 3918/1229/3534 1210/186/1090
f 2248/1236/2019 851/1235/769 2246/1230/2017 3918/1229/3534
f 2243/1222/2014 3919/1225/3535 2245/1228/2016 850/1223/768
f 413/2779/370 1757/440/1579 3919/1225/3535 2243/1222/2014
f 1757/440/1579 205/439/181 2155/1226/1938 3919/1225/3535
f 1898/2690/1702 3920/1221/3536 2244/1224/2015 554/2691/496
f 76/191/66 1213/2780/1093 3920/1221/3536 1898/2690/1702
f 1213/2780/1093 413/2779/370 2243/1222/2014 3920/1221/3536
f 1354/470/1215 3921/1217/3537 1612/1220/1457 202/471/178
f 554/2691/496 2244/1224/2015 3921/1217/3537 1354/470/1215
f 2244/1224/2015 850/1223/768 2242/1218/2013 3921/1217/3537
f 2239/1210/2010 3922/1213/3538 2241/1216/2012 849/1211/767
f 557/3511/499 1901/196/1705 3922/1213/3538 2239/1210/2010
f 1901/196/1705 51/195/44 1803/1214/1620 3922/1213/3538
f 2155/1226/1938 3923/1209/3539 2240/1212/2011 811/1227/737
f 205/439/181 1357/3512/1218 3923/1209/3539 2155/1226/1938
f 1357/3512/1218 557/3511/499 2239/1210/2010 3923/1209/3539
f 1611/958/1456 3924/1205/3540 1613/1208/1458 284/959/256
f 811/1227/737 2240/1212/2011 3924/1205/3540 1611/958/1456
f 2240/1212/2011 849/1211/767 2238/1206/2009 3924/1205/3540
f 2235/1198/2006 3925/1201/3541 2237/1204/2008 848/1199/766
f 816/1183/742 2160/972/1943 3925/1201/3541 2235/1198/2006
f 2160/972/1943 285/971/257 2158/1202/1941 3925/1201/3541
f 1758/3506/1580 3926/1197/3542 2236/1200/2007 414/3507/371
f 206/435/182 1616/1184/1461 3926/1197/3542 1758/3506/1580
f 1616/1184/1461 816/1183/742 2235/1198/2006 3926/1197/3542
f 1214/198/1094 3927/1193/3543 1141/1196/1031 37/199/31
f 414/3507/371 2236/1200/2007 3927/1193/3543 1214/198/1094
f 2236/1200/2007 848/1199/766 2234/1194/2005 3927/1193/3543
f 2231/1186/2002 3928/1189/3544 2233/1192/2004 847/1187/765
f 417/2887/374 1761/404/1583 3928/1189/3544 2231/1186/2002
f 1761/404/1583 209/403/185 2159/1190/1942 3928/1189/3544
f 1902/2798/1706 3929/1185/3545 2232/1188/2003 558/2799/500
f 77/203/67 1217/2888/1097 3929/1185/3545 1902/2798/1706
f 1217/2888/1097 417/2887/374 2231/1186/2002 3929/1185/3545
f 1358/434/1219 3930/1181/3546 1616/1184/1461 206/435/182
f 558/2799/500 2232/1188/2003 3930/1181/3546 1358/434/1219
f 2232/1188/2003 847/1187/765 2230/1182/2001 3930/1181/3546
f 2227/1174/1998 3931/1177/3547 2229/1180/2000 846/1175/764
f 561/3475/503 1905/208/1709 3931/1177/3547 2227/1174/1998
f 1905/208/1709 50/207/43 1802/1178/1619 3931/1177/3547
f 2159/1190/1942 3932/1173/3548 2228/1176/1999 815/1191/741
f 209/403/185 1361/3476/1222 3932/1173/3548 2159/1190/1942
f 1361/3476/1222 561/3475/503 2227/1174/1998 3932/1173/3548
f 1615/970/1460 3933/1169/3549 1617/1172/1462 285/971/257
f 815/1191/741 2228/1176/1999 3933/1169/3549 1615/970/1460
f 2228/1176/1999 846/1175/764 2226/1170/1997 3933/1169/3549
f 2223/1162/2 3934/1165/2 2225/1168/2 845/1163/2
f 820/1147/2 2164/984/2 3934/1165/2 2223/1162/2
f 2164/984/2 286/983/2 2162/1166/2 3934/1165/2
f 1762/3470/2 3935/1161/2 2224/1164/2 418/3471/2
f 210/399/2 1620/1148/2 3935/1161/2 1762/3470/2
f 1620/1148/2 820/1147/2 2223/1162/2 3935/1161/2
f 1218/210/348 3936/1157/2 1153/1160/2 49/211/42
f 418/3471/2 2224/1164/2 3936/1157/2 1218/210/348
f 2224/1164/2 845/1163/2 2222/1158/2 3936/1157/2
f 2219/1150/2 3937/1153/3550 2221/1156/1996 844/1151/2
f 421/2995/348 1765/368/1585 3937/1153/3550 2219/1150/2
f 1765/368/1585 213/367/188 2163/1154/1945 3937/1153/3550
f 1906/2906/2 3938/1149/2 2220/1152/2 562/2907/2
f 78/215/2 1221/2996/2 3938/1149/2 1906/2906/2
f 1221/2996/2 421/2995/348 2219/1150/2 3938/1149/2
f 1362/398/2 3939/1145/2 1620/1148/2 210/399/2
f 562/2907/2 2220/1152/2 3939/1145/2 1362/398/2
f 2220/1152/2 844/1151/2 2218/1146/2 3939/1145/2
f 2215/1138/1993 3940/1141/3551 2217/1144/1995 843/1139/763
f 565/3439/505 1909/220/1711 3940/1141/3551 2215/1138/1993
f 1909/220/1711 32/219/26 1784/1142/1601 3940/1141/3551
f 2163/1154/1945 3941/1137/3552 2216/1140/1994 819/1155/744
f 213/367/188 1365/3440/1224 3941/1137/3552 2163/1154/1945
f 1365/3440/1224 565/3439/505 2215/1138/1993 3941/1137/3552
f 1619/982/1463 3942/1133/3553 1621/1136/2 286/983/2
f 819/1155/744 2216/1140/1994 3942/1133/3553 1619/982/1463
f 2216/1140/1994 843/1139/763 2214/1134/1992 3942/1133/3553
f 2211/1126/1989 3943/1129/3554 2213/1132/1991 842/1127/762
f 824/1111/747 2168/996/1949 3943/1129/3554 2211/1126/1989
f 2168/996/1949 287/995/258 2166/1130/1947 3943/1129/3554
f 1766/3434/1586 3944/1125/3555 2212/1128/1990 422/3435/376
f 214/363/189 1624/1112/1466 3944/1125/3555 1766/3434/1586
f 1624/1112/1466 824/1111/747 2211/1126/1989 3944/1125/3555
f 1222/222/1099 3945/1121/3556 1152/1124/1040 48/223/41
f 422/3435/376 2212/1128/1990 3945/1121/3556 1222/222/1099
f 2212/1128/1990 842/1127/762 2210/1122/1988 3945/1121/3556
f 2207/1114/1985 3946/1117/3557 2209/1120/1987 841/1115/761
f 425/3103/379 1769/332/1589 3946/1117/3557 2207/1114/1985
f 1769/332/1589 217/331/192 2167/1118/1948 3946/1117/3557
f 1910/3014/1712 3947/1113/3558 2208/1116/1986 566/3015/506
f 79/227/68 1225/3104/1102 3947/1113/3558 1910/3014/1712
f 1225/3104/1102 425/3103/379 2207/1114/1985 3947/1113/3558
f 1366/362/1225 3948/1109/3559 1624/1112/1466 214/363/189
f 566/3015/506 2208/1116/1986 3948/1109/3559 1366/362/1225
f 2208/1116/1986 841/1115/761 2206/1110/1984 3948/1109/3559
f 2203/1102/1981 3949/1105/3560 2205/1108/1983 840/1103/760
f 569/3403/509 1913/232/1715 3949/1105/3560 2203/1102/1981
f 1913/232/1715 35/231/29 1787/1106/1604 3949/1105/3560
f 2167/1118/1948 3950/1101/3561 2204/1104/1982 823/1119/746
f 217/331/192 1369/3404/1228 3950/1101/3561 2167/1118/1948
f 1369/3404/1228 569/3403/509 2203/1102/1981 3950/1101/3561
f 1623/994/1465 3951/1097/3562 1625/1100/1467 287/995/258
f 823/1119/746 2204/1104/1982 3951/1097/3562 1623/994/1465
f 2204/1104/1982 840/1103/760 2202/1098/1980 3951/1097/3562
f 2199/1090/1977 3952/1093/3563 2201/1096/1979 839/1091/759
f 828/1075/751 2172/1008/1953 3952/1093/3563 2199/1090/1977
f 2172/1008/1953 288/1007/259 2170/1094/1951 3952/1093/3563
f 1770/3398/1590 3953/1089/3564 2200/1092/1978 426/3399/380
f 218/327/193 1628/1076/1470 3953/1089/3564 1770/3398/1590
f 1628/1076/1470 828/1075/751 2199/1090/1977 3953/1089/3564
f 1226/234/1103 3954/1085/3565 1145/1088/1034 41/235/34
f 426/3399/380 2200/1092/1978 3954/1085/3565 1226/234/1103
f 2200/1092/1978 839/1091/759 2198/1086/1976 3954/1085/3565
f 2195/1078/1973 3955/1081/3566 2197/1084/1975 838/1079/758
f 429/3211/383 1773/296/1593 3955/1081/3566 2195/1078/1973
f 1773/296/1593 221/295/196 2171/1082/1952 3955/1081/3566
f 1914/3122/1716 3956/1077/3567 2196/1080/1974 570/3123/510
f 80/239/69 1229/3212/1106 3956/1077/3567 1914/3122/1716
f 1229/3212/1106 429/3211/383 2195/1078/1973 3956/1077/3567
f 1370/326/1229 3957/1073/3568 1628/1076/1470 218/327/193
f 570/3123/510 2196/1080/1974 3957/1073/3568 1370/326/1229
f 2196/1080/1974 838/1079/758 2194/1074/1972 3957/1073/3568
f 2191/1066/1969 3958/1069/3569 2193/1072/1971 837/1067/757
f 573/3367/513 1917/244/1719 3958/1069/3569 2191/1066/1969
f 1917/244/1719 34/243/28 1786/1070/1603 3958/1069/3569
f 2171/1082/1952 3959/1065/3570 2192/1068/1970 827/1083/750
f 221/295/196 1373/3368/1232 3959/1065/3570 2171/1082/1952
f 1373/3368/1232 573/3367/513 2191/1066/1969 3959/1065/3570
f 1627/1006/1469 3960/1061/3571 1629/1064/1471 288/1007/259
f 827/1083/750 2192/1068/1970 3960/1061/3571 1627/1006/1469
f 2192/1068/1970 837/1067/757 2190/1062/1968 3960/1061/3571
f 2187/1054/1965 3961/1057/3572 2189/1060/1967 836/1055/756
f 832/1039/754 2176/1020/1957 3961/1057/3572 2187/1054/1965
f 2176/1020/1957 289/1019/260 2174/1058/1955 3961/1057/3572
f 1774/3362/1594 3962/1053/3573 2188/1056/1966 430/3363/384
f 222/291/197 1632/1040/1473 3962/1053/3573 1774/3362/1594
f 1632/1040/1473 832/1039/754 2187/1054/1965 3962/1053/3573
f 1230/246/1107 3963/1049/3574 1149/1052/1037 45/247/38
f 430/3363/384 2188/1056/1966 3963/1049/3574 1230/246/1107
f 2188/1056/1966 836/1055/756 2186/1050/1964 3963/1049/3574
f 2183/1042/1961 3964/1045/3575 2185/1048/1963 835/1043/755
f 433/3319/387 1777/260/1596 3964/1045/3575 2183/1042/1961
f 1777/260/1596 225/259/200 2175/1046/1956 3964/1045/3575
f 1918/3230/1720 3965/1041/3576 2184/1044/1962 574/3231/514
f 81/251/70 1233/3320/1110 3965/1041/3576 1918/3230/1720
f 1233/3320/1110 433/3319/387 2183/1042/1961 3965/1041/3576
f 1374/290/1233 3966/1037/3577 1632/1040/1473 222/291/197
f 574/3231/514 2184/1044/1962 3966/1037/3577 1374/290/1233
f 2184/1044/1962 835/1043/755 2182/1038/1960 3966/1037/3577
f 2179/1030/1958 3967/1033/2 2181/1036/2 834/1031/2
f 577/3331/517 1921/256/254 3967/1033/2 2179/1030/1958
f 1921/256/254 28/255/2 1780/1034/2 3967/1033/2
f 2175/1046/1956 3968/1029/3578 2180/1032/1959 831/1047/753
f 225/259/200 1377/3332/1236 3968/1029/3578 2175/1046/1956
f 1377/3332/1236 577/3331/517 2179/1030/1958 3968/1029/3578
f 1631/1018/1472 3969/1025/3579 1633/1028/2 289/1019/260
f 831/1047/753 2180/1032/1959 3969/1025/3579 1631/1018/1472
f 2180/1032/1959 834/1031/2 2178/1026/2 3969/1025/3579
f 2178/1026/2 3970/1021/2 2177/1024/2 833/1027/2
f 834/1031/2 2181/1036/2 3970/1021/2 2178/1026/2
f 2181/1036/2 436/1035/2 1236/1022/2 3970/1021/2
f 2182/1038/1960 3971/1017/3580 2176/1020/1957 832/1039/754
f 835/1043/755 2185/1048/1963 3971/1017/3580 2182/1038/1960
f 2185/1048/1963 831/1047/753 1631/1018/1472 3971/1017/3580
f 2186/1050/1964 3972/1013/3338 1693/1016/2 349/1051/312
f 836/1055/756 2189/1060/1967 3972/1013/3338 2186/1050/1964
f 2189/1060/1967 830/1059/2 1630/1014/2 3972/1013/3338
f 2190/1062/1968 3973/1009/3581 2173/1012/1954 829/1063/752
f 837/1067/757 2193/1072/1971 3973/1009/3581 2190/1062/1968
f 2193/1072/1971 442/1071/394 1242/1010/1117 3973/1009/3581
f 2194/1074/1972 3974/1005/3582 2172/1008/1953 828/1075/751
f 838/1079/758 2197/1084/1975 3974/1005/3582 2194/1074/1972
f 2197/1084/1975 827/1083/750 1627/1006/1469 3974/1005/3582
f 2198/1086/1976 3975/1001/3583 1689/1004/1522 345/1087/309
f 839/1091/759 2201/1096/1979 3975/1001/3583 2198/1086/1976
f 2201/1096/1979 826/1095/749 1626/1002/1468 3975/1001/3583
f 2202/1098/1980 3976/997/3584 2169/1000/1950 825/1099/748
f 840/1103/760 2205/1108/1983 3976/997/3584 2202/1098/1980
f 2205/1108/1983 443/1107/395 1243/998/1118 3976/997/3584
f 2206/1110/1984 3977/993/3585 2168/996/1949 824/1111/747
f 841/1115/761 2209/1120/1987 3977/993/3585 2206/1110/1984
f 2209/1120/1987 823/1119/746 1623/994/1465 3977/993/3585
f 2210/1122/1988 3978/989/3586 1696/992/1527 352/1123/315
f 842/1127/762 2213/1132/1991 3978/989/3586 2210/1122/1988
f 2213/1132/1991 822/1131/745 1622/990/1464 3978/989/3586
f 2214/1134/1992 3979/985/3587 2165/988/1946 821/1135/333
f 843/1139/763 2217/1144/1995 3979/985/3587 2214/1134/1992
f 2217/1144/1995 440/1143/392 1240/986/1115 3979/985/3587
f 2218/1146/2 3980/981/2 2164/984/2 820/1147/2
f 844/1151/2 2221/1156/1996 3980/981/2 2218/1146/2
f 2221/1156/1996 819/1155/744 1619/982/1463 3980/981/2
f 2222/1158/2 3981/977/2 1697/980/2 353/1159/2
f 845/1163/2 2225/1168/2 3981/977/2 2222/1158/2
f 2225/1168/2 818/1167/2 1618/978/2 3981/977/2
f 2226/1170/1997 3982/973/3588 2161/976/1944 817/1171/743
f 846/1175/764 2229/1180/2000 3982/973/3588 2226/1170/1997
f 2229/1180/2000 458/1179/410 1258/974/1132 3982/973/3588
f 2230/1182/2001 3983/969/3589 2160/972/1943 816/1183/742
f 847/1187/765 2233/1192/2004 3983/969/3589 2230/1182/2001
f 2233/1192/2004 815/1191/741 1615/970/1460 3983/969/3589
f 2234/1194/2005 3984/965/3590 1685/968/1519 341/1195/306
f 848/1199/766 2237/1204/2008 3984/965/3590 2234/1194/2005
f 2237/1204/2008 814/1203/740 1614/966/1459 3984/965/3590
f 2238/1206/2009 3985/961/3591 2157/964/1940 813/1207/739
f 849/1211/767 2241/1216/2012 3985/961/3591 2238/1206/2009
f 2241/1216/2012 459/1215/411 1259/962/1133 3985/961/3591
f 2242/1218/2013 3986/957/3592 2156/960/1939 812/1219/738
f 850/1223/768 2245/1228/2016 3986/957/3592 2242/1218/2013
f 2245/1228/2016 811/1227/737 1611/958/1456 3986/957/3592
f 2246/1230/2017 3987/953/3593 1700/956/1530 356/1231/318
f 851/1235/769 2249/1240/2020 3987/953/3593 2246/1230/2017
f 2249/1240/2020 810/1239/736 1610/954/1455 3987/953/3593
f 2250/1242/2021 3988/949/3594 2153/952/1936 809/1243/735
f 852/1247/770 2253/1252/2024 3988/949/3594 2250/1242/2021
f 2253/1252/2024 452/1251/404 1252/950/1126 3988/949/3594
f 2254/1254/2025 3989/945/3595 2152/948/1935 808/1255/734
f 853/1259/771 2257/1264/2028 3989/945/3595 2254/1254/2025
f 2257/1264/2028 807/1263/733 1607/946/1452 3989/945/3595
f 2258/1266/2029 3990/941/3596 1701/944/1531 357/1267/319
f 854/1271/772 2261/1276/2032 3990/941/3596 2258/1266/2029
f 2261/1276/2032 806/1275/732 1606/942/1451 3990/941/3596
f 2262/1278/2033 3991/937/3597 2149/940/1932 805/1279/731
f 855/1283/773 2265/1288/2036 3991/937/3597 2262/1278/2033
f 2265/1288/2036 462/1287/414 1262/938/1136 3991/937/3597
f 2266/1290/2037 3992/933/3598 2148/936/1931 804/1291/730
f 856/1295/774 2269/1300/700 3992/933/3598 2266/1290/2037
f 2269/1300/700 803/1299/700 1603/934/1448 3992/933/3598
f 2270/1302/2039 3993/929/3599 1684/932/1518 340/1303/305
f 857/1307/775 2273/1312/2042 3993/929/3599 2270/1302/2039
f 2273/1312/2042 802/1311/729 1602/930/1447 3993/929/3599
f 2274/1314/2043 3994/925/3600 2145/928/1929 801/1315/728
f 858/1319/776 2277/1324/2046 3994/925/3600 2274/1314/2043
f 2277/1324/2046 463/1323/415 1263/926/1137 3994/925/3600
f 2278/1326/2047 3995/921/3601 2144/924/1928 800/1327/727
f 859/1331/777 2281/1336/2050 3995/921/3601 2278/1326/2047
f 2281/1336/2050 799/1335/726 1599/922/1444 3995/921/3601
f 2282/1338/2051 3996/917/3602 1704/920/1534 360/1339/322
f 860/1343/778 2285/1348/2054 3996/917/3602 2282/1338/2051
f 2285/1348/2054 798/1347/725 1598/918/1443 3996/917/3602
f 2286/1350/2055 3997/913/3603 2141/916/1925 797/1351/724
f 861/1355/779 2289/1360/2058 3997/913/3603 2286/1350/2055
f 2289/1360/2058 455/1359/407 1255/914/1129 3997/913/3603
f 2290/1362/2059 3998/909/3604 2140/912/1924 796/1363/723
f 862/1367/780 2293/1372/2062 3998/909/3604 2290/1362/2059
f 2293/1372/2062 795/1371/722 1595/910/1440 3998/909/3604
f 2294/1374/2063 3999/905/3605 1705/908/1535 361/1375/323
f 863/1379/781 2297/1384/2066 3999/905/3605 2294/1374/2063
f 2297/1384/2066 794/1383/721 1594/906/1439 3999/905/3605
f 2298/1386/2067 4000/901/3606 2137/904/1921 793/1387/720
f 864/1391/782 2301/1396/2070 4000/901/3606 2298/1386/2067
f 2301/1396/2070 466/1395/418 1266/902/1140 4000/901/3606
f 2302/1398/2071 4001/897/3607 2136/900/1920 792/1399/719
f 865/1403/783 2305/1408/2074 4001/897/3607 2302/1398/2071
f 2305/1408/2074 791/1407/718 1591/898/1436 4001/897/3607
f 2306/1410/2075 4002/893/3608 1677/896/1511 333/1411/298
f 866/1415/784 2309/1420/2078 4002/893/3608 2306/1410/2075
f 2309/1420/2078 790/1419/717 1590/894/1435 4002/893/3608
f 2310/1422/2079 4003/889/3609 2133/892/1917 789/1423/716
f 867/1427/785 2313/1432/2082 4003/889/3609 2310/1422/2079
f 2313/1432/2082 467/1431/419 1267/890/1141 4003/889/3609
f 2314/1434/461 4004/885/3610 2132/888/1916 788/1435/461
f 868/1439/461 2317/1444/2083 4004/885/3610 2314/1434/461
f 2317/1444/2083 787/1443/715 1587/886/1433 4004/885/3610
f 2318/1446/2084 4005/881/3611 1708/884/42 364/1447/326
f 869/1451/786 2321/1456/2085 4005/881/3611 2318/1446/2084
f 2321/1456/2085 786/1455/714 1586/882/1432 4005/881/3611
f 2322/1458/2086 4006/877/3612 2129/880/1913 785/1459/713
f 870/1463/787 2325/1468/2089 4006/877/3612 2322/1458/2086
f 2325/1468/2089 454/1467/406 1254/878/1128 4006/877/3612
f 2326/1470/2090 4007/873/3613 2128/876/1912 784/1471/712
f 871/1475/788 2329/1480/2093 4007/873/3613 2326/1470/2090
f 2329/1480/2093 783/1479/711 1583/874/1429 4007/873/3613
f 2330/1482/2094 4008/869/3614 1709/872/1538 365/1483/327
f 872/1487/789 2333/1492/2097 4008/869/3614 2330/1482/2094
f 2333/1492/2097 782/1491/710 1582/870/1428 4008/869/3614
f 2334/1494/2098 4009/865/3615 2125/868/1909 781/1495/709
f 873/1499/790 2337/1504/2101 4009/865/3615 2334/1494/2098
f 2337/1504/2101 470/1503/422 1270/866/1144 4009/865/3615
f 2338/1506/2102 4010/861/3616 2124/864/1908 780/1507/708
f 874/1511/791 2341/1516/2105 4010/861/3616 2338/1506/2102
f 2341/1516/2105 779/1515/707 1579/862/1425 4010/861/3616
f 2342/1518/2106 4011/857/3617 1681/860/1515 337/1519/302
f 875/1523/792 2345/1528/2109 4011/857/3617 2342/1518/2106
f 2345/1528/2109 778/1527/706 1578/858/1424 4011/857/3617
f 2346/1530/2110 4012/853/3618 2121/856/1905 777/1531/705
f 876/1535/793 2349/1540/2113 4012/853/3618 2346/1530/2110
f 2349/1540/2113 471/1539/423 1271/854/1145 4012/853/3618
f 2350/1542/2114 4013/849/3619 2120/852/1904 776/1543/704
f 877/1547/794 2353/1552/2117 4013/849/3619 2350/1542/2114
f 2353/1552/2117 775/1551/703 1575/850/1421 4013/849/3619
f 2354/1554/2118 4014/845/3620 1712/848/1541 368/1555/330
f 878/1559/795 2357/1564/2121 4014/845/3620 2354/1554/2118
f 2357/1564/2121 774/1563/702 1574/846/1420 4014/845/3620
f 2358/1566/2122 4015/841/3621 2117/844/1901 773/1567/701
f 879/1571/796 2361/1576/2125 4015/841/3621 2358/1566/2122
f 2361/1576/2125 448/1575/400 1248/842/1123 4015/841/3621
f 2362/1578/2 4016/837/3622 2116/840/1900 772/1579/700
f 880/1583/2 2365/1588/2 4016/837/3622 2362/1578/2
f 2365/1588/2 771/1587/699 1571/838/1417 4016/837/3622
f 2366/1590/2126 4017/833/3623 1713/836/1542 369/1591/331
f 881/1595/797 2369/1600/2129 4017/833/3623 2366/1590/2126
f 2369/1600/2129 770/1599/698 1570/834/1416 4017/833/3623
f 2370/1602/1299 4018/829/2978 2113/832/1898 769/1603/697
f 882/1607/401 2373/1612/459 4018/829/2978 2370/1602/1299
f 2373/1612/459 514/1611/459 1314/830/580 4018/829/2978
f 2374/1614/2131 4019/825/3624 2112/828/1897 768/1615/696
f 883/1619/798 2377/1624/2134 4019/825/3624 2374/1614/2131
f 2377/1624/2134 767/1623/695 1567/826/1413 4019/825/3624
f 2378/1626/2135 4020/821/3625 1673/824/1507 329/1627/294
f 884/1631/799 2381/1636/2138 4020/821/3625 2378/1626/2135
f 2381/1636/2138 766/1635/694 1566/822/1412 4020/821/3625
f 2382/1638/2139 4021/817/3626 2109/820/1894 765/1639/693
f 885/1643/800 2385/1648/1210 4021/817/3626 2382/1638/2139
f 2385/1648/1210 515/1647/460 1315/818/773 4021/817/3626
f 2386/1650/2142 4022/813/3627 2108/816/1893 764/1651/692
f 886/1655/801 2389/1660/2145 4022/813/3627 2386/1650/2142
f 2389/1660/2145 763/1659/691 1563/814/1409 4022/813/3627
f 2390/1662/2146 4023/809/3628 1716/812/1544 372/1663/334
f 887/1667/802 2393/1672/2149 4023/809/3628 2390/1662/2146
f 2393/1672/2149 762/1671/690 1562/810/1408 4023/809/3628
f 2394/1674/2 4024/805/2 2105/808/2 761/1675/2
f 888/1679/2 2397/1684/2 4024/805/2 2394/1674/2
f 2397/1684/2 488/1683/2 1288/806/2 4024/805/2
f 2398/1686/2 4025/801/2 2104/804/2 760/1687/2
f 889/1691/2 2401/1696/2 4025/801/2 2398/1686/2
f 2401/1696/2 759/1695/2 1559/802/2 4025/801/2
f 2402/1698/2 4026/797/2 1717/800/2 373/1699/2
f 890/1703/2 2405/1708/2 4026/797/2 2402/1698/2
f 2405/1708/2 758/1707/2 1558/798/2 4026/797/2
f 2406/1710/2150 4027/793/3629 2101/796/1890 757/1711/689
f 891/1715/803 2409/1720/2153 4027/793/3629 2406/1710/2150
f 2409/1720/2153 518/1719/462 1318/794/1181 4027/793/3629
f 2410/1722/2154 4028/789/3630 2100/792/1889 756/1723/688
f 892/1727/804 2413/1732/2157 4028/789/3630 2410/1722/2154
f 2413/1732/2157 755/1731/687 1555/790/1405 4028/789/3630
f 2414/1734/2158 4029/785/3631 1672/788/1506 328/1735/293
f 893/1739/805 2417/1744/2161 4029/785/3631 2414/1734/2158
f 2417/1744/2161 754/1743/686 1554/786/1404 4029/785/3631
f 2418/1746/2162 4030/781/3632 2097/784/1886 753/1747/685
f 894/1751/806 2421/1756/2165 4030/781/3632 2418/1746/2162
f 2421/1756/2165 519/1755/463 1319/782/1182 4030/781/3632
f 2422/1758/2166 4031/777/3633 2096/780/1885 752/1759/684
f 895/1763/807 2425/1768/2169 4031/777/3633 2422/1758/2166
f 2425/1768/2169 751/1767/683 1551/778/1401 4031/777/3633
f 2426/1770/2170 4032/773/3634 1720/776/1547 376/1771/337
f 896/1775/808 2429/1780/2173 4032/773/3634 2426/1770/2170
f 2429/1780/2173 750/1779/682 1550/774/1400 4032/773/3634
f 2430/1782/2174 4033/769/3635 2093/772/1882 749/1783/681
f 897/1787/809 2433/1792/2177 4033/769/3635 2430/1782/2174
f 2433/1792/2177 511/1791/456 1311/770/1177 4033/769/3635
f 2434/1794/2178 4034/765/3636 2092/768/1881 748/1795/680
f 898/1799/810 2437/1804/2181 4034/765/3636 2434/1794/2178
f 2437/1804/2181 747/1803/679 1547/766/1397 4034/765/3636
f 2438/1806/2182 4035/761/3637 1721/764/1548 377/1807/338
f 899/1811/811 2441/1816/2185 4035/761/3637 2438/1806/2182
f 2441/1816/2185 746/1815/678 1546/762/1396 4035/761/3637
f 2442/1818/2186 4036/757/3638 2089/760/1878 745/1819/677
f 900/1823/812 2445/1828/2189 4036/757/3638 2442/1818/2186
f 2445/1828/2189 522/1827/466 1322/758/1185 4036/757/3638
f 2446/1830/2190 4037/753/3639 2088/756/1877 744/1831/676
f 901/1835/813 2449/1840/2193 4037/753/3639 2446/1830/2190
f 2449/1840/2193 743/1839/675 1543/754/1393 4037/753/3639
f 2450/1842/2194 4038/749/3640 1641/752/1476 297/1843/263
f 902/1847/814 2453/1852/2197 4038/749/3640 2450/1842/2194
f 2453/1852/2197 742/1851/674 1542/750/1392 4038/749/3640
f 2454/1854/2198 4039/745/3641 2085/748/1874 741/1855/673
f 903/1859/815 2457/1864/2201 4039/745/3641 2454/1854/2198
f 2457/1864/2201 523/1863/467 1323/746/1186 4039/745/3641
f 2458/1866/2202 4040/741/3642 2084/744/1873 740/1867/672
f 904/1871/816 2461/1876/2205 4040/741/3642 2458/1866/2202
f 2461/1876/2205 739/1875/671 1539/742/1389 4040/741/3642
f 2462/1878/2206 4041/737/3643 1724/740/1551 380/1879/341
f 905/1883/817 2465/1888/2209 4041/737/3643 2462/1878/2206
f 2465/1888/2209 738/1887/670 1538/738/1388 4041/737/3643
f 2466/1890/2210 4042/733/3644 2081/736/1870 737/1891/669
f 906/1895/818 2469/1900/2213 4042/733/3644 2466/1890/2210
f 2469/1900/2213 510/1899/455 1310/734/1176 4042/733/3644
f 2470/1902/2214 4043/729/3645 2080/732/1869 736/1903/668
f 907/1907/819 2473/1912/2217 4043/729/3645 2470/1902/2214
f 2473/1912/2217 735/1911/667 1535/730/1385 4043/729/3645
f 2474/1914/2218 4044/725/3646 1725/728/1552 381/1915/342
f 908/1919/820 2477/1924/2221 4044/725/3646 2474/1914/2218
f 2477/1924/2221 734/1923/666 1534/726/1384 4044/725/3646
f 2478/1926/2222 4045/721/3647 2077/724/1866 733/1927/665
f 909/1931/821 2481/1936/2225 4045/721/3647 2478/1926/2222
f 2481/1936/2225 526/1935/470 1326/722/1189 4045/721/3647
f 2482/1938/2226 4046/717/3648 2076/720/1865 732/1939/664
f 910/1943/822 2485/1948/2229 4046/717/3648 2482/1938/2226
f 2485/1948/2229 731/1947/663 1531/718/1381 4046/717/3648
f 2486/1950/2230 4047/713/3649 1669/716/1503 325/1951/290
f 911/1955/823 2489/1960/2233 4047/713/3649 2486/1950/2230
f 2489/1960/2233 730/1959/662 1530/714/1380 4047/713/3649
f 2490/1962/2234 4048/709/3650 2073/712/1862 729/1963/661
f 912/1967/824 2493/1972/2237 4048/709/3650 2490/1962/2234
f 2493/1972/2237 527/1971/471 1327/710/1190 4048/709/3650
f 2494/1974/2238 4049/705/3651 2072/708/1861 728/1975/660
f 913/1979/825 2497/1984/2241 4049/705/3651 2494/1974/2238
f 2497/1984/2241 727/1983/659 1527/706/1377 4049/705/3651
f 2498/1986/2242 4050/701/3652 1728/704/1555 384/1987/345
f 914/1991/826 2501/1996/2245 4050/701/3652 2498/1986/2242
f 2501/1996/2245 726/1995/658 1526/702/1376 4050/701/3652
f 2502/1998/2246 4051/697/3653 2069/700/1858 725/1999/657
f 915/2003/827 2505/2008/2249 4051/697/3653 2502/1998/2246
f 2505/2008/2249 494/2007/441 1294/698/1162 4051/697/3653
f 2506/2010/2250 4052/693/3654 2068/696/1857 724/2011/656
f 916/2015/828 2509/2020/2253 4052/693/3654 2506/2010/2250
f 2509/2020/2253 723/2019/655 1523/694/1373 4052/693/3654
f 2510/2022/2254 4053/689/3655 1729/692/1556 385/2023/346
f 917/2027/829 2513/2032/2257 4053/689/3655 2510/2022/2254
f 2513/2032/2257 722/2031/654 1522/690/1372 4053/689/3655
f 2514/2034/2 4054/685/2 2065/688/2 721/2035/653
f 918/2039/2 2517/2044/2 4054/685/2 2514/2034/2
f 2517/2044/2 530/2043/2 1330/686/2 4054/685/2
f 2518/2046/2258 4055/681/3656 2064/684/1854 720/2047/652
f 919/2051/830 2521/2056/2260 4055/681/3656 2518/2046/2258
f 2521/2056/2260 719/2055/651 1519/682/1369 4055/681/3656
f 2522/2058/2261 4056/677/3657 1668/680/1502 324/2059/289
f 920/2063/831 2525/2068/2264 4056/677/3657 2522/2058/2261
f 2525/2068/2264 718/2067/650 1518/678/1368 4056/677/3657
f 2526/2070/2 4057/673/2 2061/676/2 717/2071/2
f 921/2075/254 2529/2080/700 4057/673/2 2526/2070/2
f 2529/2080/700 531/2079/474 1331/674/1193 4057/673/2
f 2530/2082/2 4058/669/2 2060/672/2 716/2083/2
f 922/2087/2 2533/2092/2 4058/669/2 2530/2082/2
f 2533/2092/2 715/2091/333 1515/670/2 4058/669/2
f 2534/2094/2 4059/665/2 1732/668/2 388/2095/2
f 923/2099/2 2537/2104/2 4059/665/2 2534/2094/2
f 2537/2104/2 714/2103/2 1514/666/2 4059/665/2
f 2538/2106/2267 4060/661/3658 2057/664/1851 713/2107/649
f 924/2111/832 2541/2116/2270 4060/661/3658 2538/2106/2267
f 2541/2116/2270 507/2115/452 1307/662/1173 4060/661/3658
f 2542/2118/2271 4061/657/3659 2056/660/1850 712/2119/648
f 925/2123/833 2545/2128/2273 4061/657/3659 2542/2118/2271
f 2545/2128/2273 711/2127/647 1511/658/1365 4061/657/3659
f 2546/2130/2274 4062/653/3660 1733/656/1557 389/2131/348
f 926/2135/834 2549/2140/2277 4062/653/3660 2546/2130/2274
f 2549/2140/2277 710/2139/646 1510/654/1364 4062/653/3660
f 2550/2142/2278 4063/649/3661 2053/652/1847 709/2143/645
f 927/2147/835 2553/2152/2281 4063/649/3661 2550/2142/2278
f 2553/2152/2281 534/2151/476 1334/650/1195 4063/649/3661
f 2554/2154/2282 4064/645/3662 2052/648/1846 708/2155/644
f 928/2159/836 2557/2164/2285 4064/645/3662 2554/2154/2282
f 2557/2164/2285 707/2163/643 1507/646/1361 4064/645/3662
f 2558/2166/2286 4065/641/107 1637/644/107 293/2167/262
f 929/2171/837 2561/2176/2289 4065/641/107 2558/2166/2286
f 2561/2176/2289 706/2175/642 1506/642/1360 4065/641/107
f 2562/2178/2290 4066/637/3663 2049/640/1843 705/2179/641
f 930/2183/838 2565/2188/2293 4066/637/3663 2562/2178/2290
f 2565/2188/2293 535/2187/477 1335/638/1196 4066/637/3663
f 2566/2190/2294 4067/633/3664 2048/636/1842 704/2191/172
f 931/2195/839 2569/2200/2297 4067/633/3664 2566/2190/2294
f 2569/2200/2297 703/2199/640 1503/634/1357 4067/633/3664
f 2570/2202/2298 4068/629/3665 1736/632/1560 392/2203/351
f 932/2207/840 2573/2212/2301 4068/629/3665 2570/2202/2298
f 2573/2212/2301 702/2211/639 1502/630/1356 4068/629/3665
f 2574/2214/2302 4069/625/3666 2045/628/1839 701/2215/638
f 933/2219/841 2577/2224/2305 4069/625/3666 2574/2214/2302
f 2577/2224/2305 506/2223/451 1306/626/1172 4069/625/3666
f 2578/2226/2306 4070/621/3667 2044/624/1838 700/2227/637
f 934/2231/842 2581/2236/2309 4070/621/3667 2578/2226/2306
f 2581/2236/2309 699/2235/636 1499/622/1353 4070/621/3667
f 2582/2238/2310 4071/617/3668 1737/620/1561 393/2239/352
f 935/2243/843 2585/2248/2313 4071/617/3668 2582/2238/2310
f 2585/2248/2313 698/2247/635 1498/618/1352 4071/617/3668
f 2586/2250/2314 4072/613/3669 2041/616/1835 697/2251/634
f 936/2255/844 2589/2260/2317 4072/613/3669 2586/2250/2314
f 2589/2260/2317 538/2259/480 1338/614/1199 4072/613/3669
f 2590/2262/2318 4073/609/3670 2040/612/1834 696/2263/633
f 937/2267/845 2593/2272/2321 4073/609/3670 2590/2262/2318
f 2593/2272/2321 695/2271/632 1495/610/1349 4073/609/3670
f 2594/2274/2322 4074/605/3671 1665/608/1499 321/2275/286
f 938/2279/846 2597/2284/2325 4074/605/3671 2594/2274/2322
f 2597/2284/2325 694/2283/631 1494/606/1348 4074/605/3671
f 2598/2286/2326 4075/601/3672 2037/604/1831 693/2287/630
f 939/2291/847 2601/2296/2329 4075/601/3672 2598/2286/2326
f 2601/2296/2329 539/2295/481 1339/602/1200 4075/601/3672
f 2602/2298/2330 4076/597/3673 2036/600/1830 692/2299/629
f 940/2303/848 2605/2308/2333 4076/597/3673 2602/2298/2330
f 2605/2308/2333 691/2307/628 1491/598/1345 4076/597/3673
f 2606/2310/2334 4077/593/3674 1740/596/1564 396/2311/355
f 941/2315/849 2609/2320/2337 4077/593/3674 2606/2310/2334
f 2609/2320/2337 690/2319/627 1490/594/1344 4077/593/3674
f 2610/2322/254 4078/589/2 2033/592/2 689/2323/626
f 942/2327/107 2613/2332/2 4078/589/2 2610/2322/254
f 2613/2332/2 495/2331/2 1295/590/2 4078/589/2
f 2614/2334/2339 4079/585/3675 2032/588/1827 688/2335/625
f 943/2339/850 2617/2344/2342 4079/585/3675 2614/2334/2339
f 2617/2344/2342 687/2343/624 1487/586/1341 4079/585/3675
f 2618/2346/2343 4080/581/3676 1741/584/1565 397/2347/356
f 944/2351/851 2621/2356/2346 4080/581/3676 2618/2346/2343
f 2621/2356/2346 686/2355/623 1486/582/1340 4080/581/3676
f 2622/2358/2347 4081/577/3677 2029/580/1824 685/2359/622
f 945/2363/852 2625/2368/2350 4081/577/3677 2622/2358/2347
f 2625/2368/2350 542/2367/484 1342/578/1203 4081/577/3677
f 2626/2370/2351 4082/573/3678 2028/576/1823 684/2371/621
f 946/2375/853 2629/2380/2354 4082/573/3678 2626/2370/2351
f 2629/2380/2354 683/2379/620 1483/574/1337 4082/573/3678
f 2630/2382/2355 4083/569/3679 1664/572/1498 320/2383/285
f 947/2387/854 2633/2392/2358 4083/569/3679 2630/2382/2355
f 2633/2392/2358 682/2391/619 1482/570/1336 4083/569/3679
f 2634/2394/2359 4084/565/3680 2025/568/1820 681/2395/618
f 948/2399/855 2637/2404/2362 4084/565/3680 2634/2394/2359
f 2637/2404/2362 543/2403/485 1343/566/1204 4084/565/3680
f 2638/2406/2363 4085/561/3681 2024/564/1819 680/2407/617
f 949/2411/856 2641/2416/2366 4085/561/3681 2638/2406/2363
f 2641/2416/2366 679/2415/616 1479/562/1333 4085/561/3681
f 2642/2418/2367 4086/557/3682 1744/560/1568 400/2419/359
f 950/2423/857 2645/2428/2370 4086/557/3682 2642/2418/2367
f 2645/2428/2370 678/2427/615 1478/558/1332 4086/557/3682
f 2646/2430/2371 4087/553/3683 2021/556/1816 677/2431/614
f 951/2435/858 2649/2440/2374 4087/553/3683 2646/2430/2371
f 2649/2440/2374 503/2439/448 1303/554/1169 4087/553/3683
f 2650/2442/2375 4088/549/3684 2020/552/1815 676/2443/613
f 952/2447/859 2653/2452/2378 4088/549/3684 2650/2442/2375
f 2653/2452/2378 675/2451/612 1475/550/1329 4088/549/3684
f 2654/2454/2379 4089/545/3685 1745/548/1569 401/2455/360
f 953/2459/860 2657/2464/2382 4089/545/3685 2654/2454/2379
f 2657/2464/2382 674/2463/611 1474/546/1328 4089/545/3685
f 2658/2466/2383 4090/541/3686 2017/544/1812 673/2467/610
f 954/2471/861 2661/2476/2386 4090/541/3686 2658/2466/2383
f 2661/2476/2386 546/2475/488 1346/542/1207 4090/541/3686
f 2662/2478/2387 4091/537/3687 2016/540/1811 672/2479/609
f 955/2483/862 2665/2488/2390 4091/537/3687 2662/2478/2387
f 2665/2488/2390 671/2487/608 1471/538/1325 4091/537/3687
f 2666/2490/2391 4092/533/3688 1644/536/1479 300/2491/266
f 956/2495/863 2669/2500/2394 4092/533/3688 2666/2490/2391
f 2669/2500/2394 670/2499/607 1470/534/1324 4092/533/3688
f 2670/2502/2395 4093/529/3689 2013/532/1808 669/2503/606
f 957/2507/864 2673/2512/2398 4093/529/3689 2670/2502/2395
f 2673/2512/2398 547/2511/489 1347/530/1208 4093/529/3689
f 2674/2514/2399 4094/525/3690 2012/528/1807 668/2515/605
f 958/2519/865 2677/2524/2402 4094/525/3690 2674/2514/2399
f 2677/2524/2402 667/2523/604 1467/526/1321 4094/525/3690
f 2678/2526/2403 4095/521/3691 1748/524/1571 404/2527/362
f 959/2531/866 2681/2536/2406 4095/521/3691 2678/2526/2403
f 2681/2536/2406 666/2535/603 1466/522/1320 4095/521/3691
f 2682/2538/2407 4096/517/3692 2009/520/1804 665/2539/602
f 960/2543/867 2685/2548/2410 4096/517/3692 2682/2538/2407
f 2685/2548/2410 502/2547/447 1302/518/1168 4096/517/3692
f 2686/2550/2411 4097/513/3693 2008/516/1803 664/2551/601
f 961/2555/868 2689/2560/2414 4097/513/3693 2686/2550/2411
f 2689/2560/2414 663/2559/600 1463/514/1317 4097/513/3693
f 2690/2562/837 4098/509/172 1749/512/837 405/2563/2
f 962/2567/157 2693/2572/157 4098/509/172 2690/2562/837
f 2693/2572/157 662/2571/599 1462/510/837 4098/509/172
f 2694/2574/2415 4099/505/3694 2005/508/1800 661/2575/598
f 963/2579/869 2697/2584/2418 4099/505/3694 2694/2574/2415
f 2697/2584/2418 550/2583/492 1350/506/1211 4099/505/3694
f 2698/2586/2419 4100/501/3695 2004/504/1799 660/2587/597
f 964/2591/870 2701/2596/2422 4100/501/3695 2698/2586/2419
f 2701/2596/2422 659/2595/596 1459/502/1314 4100/501/3695
f 2702/2598/2423 4101/497/3696 1661/500/1495 317/2599/282
f 965/2603/871 2705/2608/2426 4101/497/3696 2702/2598/2423
f 2705/2608/2426 658/2607/595 1458/498/1313 4101/497/3696
f 2706/2610/2427 4102/493/3697 2001/496/1796 657/2611/594
f 966/2615/872 2709/2620/2430 4102/493/3697 2706/2610/2427
f 2709/2620/2430 551/2619/493 1351/494/1212 4102/493/3697
f 2710/2622/2431 4103/489/3698 2000/492/1795 656/2623/593
f 967/2627/873 2713/2632/2434 4103/489/3698 2710/2622/2431
f 2713/2632/2434 655/2631/592 1455/490/1310 4103/489/3698
f 2714/2634/2435 4104/485/3699 1752/488/1574 408/2635/365
f 968/2639/874 2717/2644/2438 4104/485/3699 2714/2634/2435
f 2717/2644/2438 654/2643/591 1454/486/1309 4104/485/3699
f 2718/2646/2439 4105/481/2 1997/484/2 653/2647/590
f 969/2651/2 2721/2656/2 4105/481/2 2718/2646/2439
f 2721/2656/2 492/2655/2 1292/482/2 4105/481/2
f 2722/2658/2441 4106/477/3700 1996/480/1792 652/2659/589
f 970/2663/875 2725/2668/2444 4106/477/3700 2722/2658/2441
f 2725/2668/2444 651/2667/588 1451/478/1306 4106/477/3700
f 2726/2670/2445 4107/473/3701 1753/476/1575 409/2671/366
f 971/2675/876 2729/2680/2448 4107/473/3701 2726/2670/2445
f 2729/2680/2448 650/2679/587 1450/474/1305 4107/473/3701
f 2730/2682/2449 4108/469/3702 1993/472/1789 649/2683/586
f 972/2687/877 2733/2692/2452 4108/469/3702 2730/2682/2449
f 2733/2692/2452 554/2691/496 1354/470/1215 4108/469/3702
f 2734/2694/2453 4109/465/3703 1992/468/1788 648/2695/585
f 973/2699/878 2737/2704/2456 4109/465/3703 2734/2694/2453
f 2737/2704/2456 647/2703/584 1447/466/1302 4109/465/3703
f 2738/2706/2457 4110/461/3704 1660/464/1494 316/2707/281
f 974/2711/879 2741/2716/2460 4110/461/3704 2738/2706/2457
f 2741/2716/2460 646/2715/583 1446/462/1301 4110/461/3704
f 2742/2718/2461 4111/457/3705 1989/460/1785 645/2719/582
f 975/2723/880 2745/2728/2464 4111/457/3705 2742/2718/2461
f 2745/2728/2464 555/2727/497 1355/458/1216 4111/457/3705
f 2746/2730/700 4112/453/1299 1988/456/1784 644/2731/581
f 976/2735/2 2749/2740/2 4112/453/1299 2746/2730/700
f 2749/2740/2 643/2739/580 1443/454/1298 4112/453/1299
f 2750/2742/2465 4113/449/3706 1756/452/1578 412/2743/369
f 977/2747/881 2753/2752/2466 4113/449/3706 2750/2742/2465
f 2753/2752/2466 642/2751/579 1442/450/1297 4113/449/3706
f 2754/2754/2467 4114/445/3707 1985/448/1782 641/2755/578
f 978/2759/882 2757/2764/2470 4114/445/3707 2754/2754/2467
f 2757/2764/2470 499/2763/444 1299/446/1165 4114/445/3707
f 2758/2766/2471 4115/441/3708 1984/444/1781 640/2767/577
f 979/2771/883 2761/2776/2474 4115/441/3708 2758/2766/2471
f 2761/2776/2474 639/2775/576 1439/442/1294 4115/441/3708
f 2762/2778/2475 4116/437/3709 1757/440/1579 413/2779/370
f 980/2783/884 2765/2788/2478 4116/437/3709 2762/2778/2475
f 2765/2788/2478 638/2787/575 1438/438/1293 4116/437/3709
f 2766/2790/2479 4117/433/3710 1981/436/1778 637/2791/574
f 981/2795/885 2769/2800/2482 4117/433/3710 2766/2790/2479
f 2769/2800/2482 558/2799/500 1358/434/1219 4117/433/3710
f 2770/2802/2483 4118/429/3711 1980/432/1777 636/2803/573
f 982/2807/886 2773/2812/2486 4118/429/3711 2770/2802/2483
f 2773/2812/2486 635/2811/572 1435/430/1290 4118/429/3711
f 2774/2814/2487 4119/425/3712 1645/428/1480 301/2815/267
f 983/2819/887 2777/2824/2490 4119/425/3712 2774/2814/2487
f 2777/2824/2490 634/2823/571 1434/426/1289 4119/425/3712
f 2778/2826/2491 4120/421/3713 1977/424/1774 633/2827/570
f 984/2831/888 2781/2836/2494 4120/421/3713 2778/2826/2491
f 2781/2836/2494 559/2835/501 1359/422/1220 4120/421/3713
f 2782/2838/2495 4121/417/3714 1976/420/1773 632/2839/569
f 985/2843/889 2785/2848/2498 4121/417/3714 2782/2838/2495
f 2785/2848/2498 631/2847/568 1431/418/1286 4121/417/3714
f 2786/2850/2499 4122/413/3715 1760/416/1582 416/2851/373
f 986/2855/890 2789/2860/2502 4122/413/3715 2786/2850/2499
f 2789/2860/2502 630/2859/567 1430/414/1285 4122/413/3715
f 2790/2862/2503 4123/409/3716 1973/412/1770 629/2863/566
f 987/2867/891 2793/2872/2506 4123/409/3716 2790/2862/2503
f 2793/2872/2506 498/2871/443 1298/410/1164 4123/409/3716
f 2794/2874/2507 4124/405/3717 1972/408/1769 628/2875/565
f 988/2879/892 2797/2884/2510 4124/405/3717 2794/2874/2507
f 2797/2884/2510 627/2883/564 1427/406/1282 4124/405/3717
f 2798/2886/2511 4125/401/3718 1761/404/1583 417/2887/374
f 989/2891/893 2801/2896/2514 4125/401/3718 2798/2886/2511
f 2801/2896/2514 626/2895/563 1426/402/1281 4125/401/3718
f 2802/2898/333 4126/397/2 1969/400/2 625/2899/348
f 990/2903/2 2805/2908/2 4126/397/2 2802/2898/333
f 2805/2908/2 562/2907/2 1362/398/2 4126/397/2
f 2806/2910/2515 4127/393/3719 1968/396/1766 624/2911/562
f 991/2915/894 2809/2920/386 4127/393/3719 2806/2910/2515
f 2809/2920/386 623/2919/561 1423/394/1279 4127/393/3719
f 2810/2922/2518 4128/389/3720 1657/392/1491 313/2923/278
f 992/2927/895 2813/2932/2521 4128/389/3720 2810/2922/2518
f 2813/2932/2521 622/2931/560 1422/390/1278 4128/389/3720
f 2814/2934/2522 4129/385/1274 1965/388/1763 621/2935/559
f 993/2939/896 2817/2944/2525 4129/385/1274 2814/2934/2522
f 2817/2944/2525 563/2943/504 1363/386/561 4129/385/1274
f 2818/2946/2526 4130/381/3721 1964/384/1762 620/2947/558
f 994/2951/897 2821/2956/2529 4130/381/3721 2818/2946/2526
f 2821/2956/2529 619/2955/557 1419/382/1275 4130/381/3721
f 2822/2958/2530 4131/377/3722 1764/380/1584 420/2959/375
f 995/2963/898 2825/2968/2533 4131/377/3722 2822/2958/2530
f 2825/2968/2533 618/2967/556 1418/378/1274 4131/377/3722
f 2826/2970/2534 4132/373/3723 1961/376/1759 617/2971/555
f 996/2975/899 2829/2980/2537 4132/373/3723 2826/2970/2534
f 2829/2980/2537 480/2979/431 1280/374/1153 4132/373/3723
f 2830/2982/2538 4133/369/3724 1960/372/1758 616/2983/554
f 997/2987/900 2833/2992/2541 4133/369/3724 2830/2982/2538
f 2833/2992/2541 615/2991/553 1415/370/1271 4133/369/3724
f 2834/2994/2542 4134/365/3725 1765/368/1585 421/2995/348
f 998/2999/901 2837/3004/2544 4134/365/3725 2834/2994/2542
f 2837/3004/2544 614/3003/552 1414/366/1270 4134/365/3725
f 2838/3006/2545 4135/361/3726 1957/364/1755 613/3007/551
f 999/3011/902 2841/3016/2548 4135/361/3726 2838/3006/2545
f 2841/3016/2548 566/3015/506 1366/362/1225 4135/361/3726
f 2842/3018/2549 4136/357/3727 1956/360/1754 612/3019/550
f 1000/3023/903 2845/3028/2552 4136/357/3727 2842/3018/2549
f 2845/3028/2552 611/3027/549 1411/358/1267 4136/357/3727
f 2846/3030/2553 4137/353/3728 1656/356/1490 312/3031/277
f 1001/3035/904 2849/3040/2556 4137/353/3728 2846/3030/2553
f 2849/3040/2556 610/3039/548 1410/354/1266 4137/353/3728
f 2850/3042/2557 4138/349/3729 1953/352/1751 609/3043/547
f 1002/3047/905 2853/3052/2560 4138/349/3729 2850/3042/2557
f 2853/3052/2560 567/3051/507 1367/350/1226 4138/349/3729
f 2854/3054/2561 4139/345/3730 1952/348/1750 608/3055/546
f 1003/3059/906 2857/3064/2564 4139/345/3730 2854/3054/2561
f 2857/3064/2564 607/3063/545 1407/346/1263 4139/345/3730
f 2858/3066/2565 4140/341/3731 1768/344/1588 424/3067/378
f 1004/3071/907 2861/3076/2568 4140/341/3731 2858/3066/2565
f 2861/3076/2568 606/3075/544 1406/342/1262 4140/341/3731
f 2862/3078/2569 4141/337/3732 1949/340/1747 605/3079/543
f 1005/3083/908 2865/3088/2572 4141/337/3732 2862/3078/2569
f 2865/3088/2572 483/3087/434 1283/338/1156 4141/337/3732
f 2866/3090/2573 4142/333/3733 1948/336/1746 604/3091/542
f 1006/3095/909 2869/3100/2576 4142/333/3733 2866/3090/2573
f 2869/3100/2576 603/3099/541 1403/334/1259 4142/333/3733
f 2870/3102/2577 4143/329/3734 1769/332/1589 425/3103/379
f 1007/3107/910 2873/3112/2580 4143/329/3734 2870/3102/2577
f 2873/3112/2580 602/3111/540 1402/330/1258 4143/329/3734
f 2874/3114/2581 4144/325/3735 1945/328/1743 601/3115/539
f 1008/3119/911 2877/3124/2584 4144/325/3735 2874/3114/2581
f 2877/3124/2584 570/3123/510 1370/326/1229 4144/325/3735
f 2878/3126/2585 4145/321/3736 1944/324/1742 600/3127/538
f 1009/3131/912 2881/3136/2588 4145/321/3736 2878/3126/2585
f 2881/3136/2588 599/3135/537 1399/322/1255 4145/321/3736
f 2882/3138/2589 4146/317/3737 1649/320/1484 305/3139/271
f 1010/3143/913 2885/3148/2592 4146/317/3737 2882/3138/2589
f 2885/3148/2592 598/3147/536 1398/318/1254 4146/317/3737
f 2886/3150/2593 4147/313/3738 1941/316/1739 597/3151/535
f 1011/3155/914 2889/3160/2596 4147/313/3738 2886/3150/2593
f 2889/3160/2596 571/3159/511 1371/314/1230 4147/313/3738
f 2890/3162/2597 4148/309/3739 1940/312/1738 596/3163/534
f 1012/3167/915 2893/3172/2600 4148/309/3739 2890/3162/2597
f 2893/3172/2600 595/3171/533 1395/310/1251 4148/309/3739
f 2894/3174/2601 4149/305/3740 1772/308/1592 428/3175/382
f 1013/3179/916 2897/3184/2604 4149/305/3740 2894/3174/2601
f 2897/3184/2604 594/3183/532 1394/306/1250 4149/305/3740
f 2898/3186/2605 4150/301/3741 1937/304/1735 593/3187/531
f 1014/3191/917 2901/3196/2608 4150/301/3741 2898/3186/2605
f 2901/3196/2608 482/3195/433 1282/302/1155 4150/301/3741
f 2902/3198/2609 4151/297/3742 1936/300/1734 592/3199/530
f 1015/3203/918 2905/3208/2612 4151/297/3742 2902/3198/2609
f 2905/3208/2612 591/3207/529 1391/298/1247 4151/297/3742
f 2906/3210/2613 4152/293/3743 1773/296/1593 429/3211/383
f 1016/3215/919 2909/3220/2616 4152/293/3743 2906/3210/2613
f 2909/3220/2616 590/3219/528 1390/294/1246 4152/293/3743
f 2910/3222/2617 4153/289/3744 1933/292/1731 589/3223/527
f 1017/3227/920 2913/3232/2620 4153/289/3744 2910/3222/2617
f 2913/3232/2620 574/3231/514 1374/290/1233 4153/289/3744
f 2914/3234/2621 4154/285/3745 1932/288/1730 588/3235/526
f 1018/3239/921 2917/3244/2624 4154/285/3745 2914/3234/2621
f 2917/3244/2624 587/3243/525 1387/286/1243 4154/285/3745
f 2918/3246/2625 4155/281/3746 1653/284/1487 309/3247/274
f 1019/3251/922 2921/3256/2628 4155/281/3746 2918/3246/2625
f 2921/3256/2628 586/3255/524 1386/282/1242 4155/281/3746
f 2922/3258/2 4156/277/3747 1929/280/1727 585/3259/523
f 1020/3263/2 2925/3268/401 4156/277/3747 2922/3258/2
f 2925/3268/401 575/3267/515 1375/278/1234 4156/277/3747
f 2926/3270/2629 4157/273/3748 1928/276/1413 584/3271/522
f 1021/3275/923 2929/3280/2632 4157/273/3748 2926/3270/2629
f 2929/3280/2632 583/3279/2 1383/274/2 4157/273/3748
f 2930/3282/2633 4158/269/1412 1776/272/107 432/3283/386
f 1022/3287/924 2933/3292/2636 4158/269/1412 2930/3282/2633
f 2933/3292/2636 582/3291/2 1382/270/2 4158/269/1412
f 2934/3294/2637 4159/265/3749 1925/268/1726 581/3295/521
f 1023/3299/925 2937/3304/2640 4159/265/3749 2934/3294/2637
f 2937/3304/2640 476/3303/427 1276/266/1149 4159/265/3749
f 2938/3306/2641 4160/261/3750 1924/264/1725 580/3307/520
f 1024/3311/926 2941/3316/2644 4160/261/3750 2938/3306/2641
f 2941/3316/2644 579/3315/519 1379/262/1238 4160/261/3750
f 2942/3318/2645 4161/257/3751 1777/260/1596 433/3319/387
f 1025/3323/927 2945/3328/2648 4161/257/3751 2942/3318/2645
f 2945/3328/2648 578/3327/518 1378/258/1237 4161/257/3751
f 2946/3330/2649 4162/253/3752 1921/256/254 577/3331/517
f 1026/3335/928 2949/3340/2652 4162/253/3752 2946/3330/2649
f 2949/3340/2652 332/3339/297 1132/254/2 4162/253/3752
f 2950/3342/2653 4163/249/3753 1920/252/1722 576/3343/516
f 1027/3347/929 2953/3352/2656 4163/249/3753 2950/3342/2653
f 2953/3352/2656 431/3351/385 1231/250/1108 4163/249/3753
f 2954/3354/2657 4164/245/3754 1797/248/1614 453/3355/405
f 1028/3359/930 2957/3364/2660 4164/245/3754 2954/3354/2657
f 2957/3364/2660 430/3363/384 1230/246/1107 4164/245/3754
f 2958/3366/2661 4165/241/3755 1917/244/1719 573/3367/513
f 1029/3371/931 2961/3376/2664 4165/241/3755 2958/3366/2661
f 2961/3376/2664 338/3375/303 1138/242/1028 4165/241/3755
f 2962/3378/2665 4166/237/3756 1916/240/1718 572/3379/512
f 1030/3383/932 2965/3388/2668 4166/237/3756 2962/3378/2665
f 2965/3388/2668 427/3387/381 1227/238/1104 4166/237/3756
f 2966/3390/187 4167/233/3450 1793/236/1610 449/3391/401
f 1031/3395/933 2969/3400/2671 4167/233/3450 2966/3390/187
f 2969/3400/2671 426/3399/380 1226/234/1103 4167/233/3450
f 2970/3402/2672 4168/229/3757 1913/232/1715 569/3403/509
f 1032/3407/934 2973/3412/2675 4168/229/3757 2970/3402/2672
f 2973/3412/2675 339/3411/304 1139/230/1029 4168/229/3757
f 2974/3414/2676 4169/225/3758 1912/228/1714 568/3415/508
f 1033/3419/935 2977/3424/2679 4169/225/3758 2974/3414/2676
f 2977/3424/2679 423/3423/377 1223/226/1100 4169/225/3758
f 2978/3426/2680 4170/221/3759 1800/224/1617 456/3427/408
f 1034/3431/936 2981/3436/2683 4170/221/3759 2978/3426/2680
f 2981/3436/2683 422/3435/376 1222/222/1099 4170/221/3759
f 2982/3438/2684 4171/217/3760 1909/220/1711 565/3439/505
f 1035/3443/937 2985/3448/2687 4171/217/3760 2982/3438/2684
f 2985/3448/2687 336/3447/301 1136/218/1026 4171/217/3760
f 2986/3450/2688 4172/213/401 1908/216/2 564/3451/143
f 1036/3455/938 2989/3460/2691 4172/213/401 2986/3450/2688
f 2989/3460/2691 419/3459/333 1219/214/2 4172/213/401
f 2990/3462/2692 4173/209/601 1801/212/1618 457/3463/409
f 1037/3467/939 2993/3472/1610 4173/209/601 2990/3462/2692
f 2993/3472/1610 418/3471/2 1218/210/348 4173/209/601
f 2994/3474/2694 4174/205/3761 1905/208/1709 561/3475/503
f 1038/3479/940 2997/3484/2697 4174/205/3761 2994/3474/2694
f 2997/3484/2697 354/3483/316 1154/206/1041 4174/205/3761
f 2998/3486/2698 4175/201/3762 1904/204/1708 560/3487/502
f 1039/3491/941 3001/3496/2701 4175/201/3762 2998/3486/2698
f 3001/3496/2701 415/3495/372 1215/202/1095 4175/201/3762
f 3002/3498/2702 4176/197/3763 1789/200/1606 445/3499/397
f 1040/3503/942 3005/3508/2705 4176/197/3763 3002/3498/2702
f 3005/3508/2705 414/3507/371 1214/198/1094 4176/197/3763
f 3006/3510/2706 4177/193/3764 1901/196/1705 557/3511/499
f 1041/3515/943 3009/3520/2709 4177/193/3764 3006/3510/2706
f 3009/3520/2709 355/3519/317 1155/194/1042 4177/193/3764
f 3010/3522/2710 4178/189/3765 1900/192/1704 556/3523/498
f 1042/3527/944 3013/3532/2713 4178/189/3765 3010/3522/2710
f 3013/3532/2713 411/3531/368 1211/190/1091 4178/189/3765
f 3014/3534/2714 4179/185/3766 1804/188/1621 460/3535/412
f 1043/3539/945 3017/3544/2717 4179/185/3766 3014/3534/2714
f 3017/3544/2717 410/3543/367 1210/186/1090 4179/185/3766
f 3018/3546/2718 4180/181/3767 1897/184/1701 553/3547/495
f 1044/3551/946 3021/3556/2721 4180/181/3767 3018/3546/2718
f 3021/3556/2721 348/3555/2 1148/182/700 4180/181/3767
f 3022/3558/2722 4181/177/3768 1896/180/1700 552/3559/494
f 1045/3563/947 3025/3568/2725 4181/177/3768 3022/3558/2722
f 3025/3568/2725 407/3567/364 1207/178/1087 4181/177/3768
f 3026/3570/2726 4182/173/3769 1805/176/1622 461/3571/413
f 1046/3575/948 3029/3580/2729 4182/173/3769 3026/3570/2726
f 3029/3580/2729 406/3579/363 1206/174/1086 4182/173/3769
f 3030/3582/2730 4183/169/3770 1893/172/1697 549/3583/491
f 1047/3587/949 3033/3592/2733 4183/169/3770 3030/3582/2730
f 3033/3592/2733 358/3591/320 1158/170/1045 4183/169/3770
f 3034/3594/2734 4184/165/3213 1892/168/1696 548/3595/490
f 1048/3599/950 3037/3604/2 4184/165/3213 3034/3594/2734
f 3037/3604/2 403/3603/2 1203/166/2 4184/165/3213
f 3038/3606/2737 4185/161/3771 1788/164/1605 444/3607/396
f 1049/3611/951 3041/3616/2740 4185/161/3771 3038/3606/2737
f 3041/3616/2740 402/3615/361 1202/162/1084 4185/161/3771
f 3042/3618/2741 4186/157/3772 1889/160/1693 545/3619/487
f 1050/3623/952 3045/3628/2744 4186/157/3772 3042/3618/2741
f 3045/3628/2744 359/3627/321 1159/158/1046 4186/157/3772
f 3046/3630/2745 4187/153/3773 1888/156/1692 544/3631/486
f 1051/3635/953 3049/3640/2748 4187/153/3773 3046/3630/2745
f 3049/3640/2748 399/3639/358 1199/154/1081 4187/153/3773
f 3050/3642/2749 4188/149/3774 1808/152/1625 464/3643/416
f 1052/3647/954 3053/3652/2752 4188/149/3774 3050/3642/2749
f 3053/3652/2752 398/3651/357 1198/150/1080 4188/149/3774
f 3054/3654/2753 4189/145/3775 1885/148/1689 541/3655/483
f 1053/3659/2 3057/3664/2755 4189/145/3775 3054/3654/2753
f 3057/3664/2755 351/3663/314 1151/146/1039 4189/145/3775
f 3058/3666/2756 4190/141/3776 1884/144/1688 540/3667/482
f 1054/3671/955 3061/3676/2759 4190/141/3776 3058/3666/2756
f 3061/3676/2759 395/3675/354 1195/142/1077 4190/141/3776
f 3062/3678/2760 4191/137/3777 1809/140/1626 465/3679/417
f 1055/3683/956 3065/3688/2763 4191/137/3777 3062/3678/2760
f 3065/3688/2763 394/3687/353 1194/138/1076 4191/137/3777
f 3066/3690/2764 4192/133/3778 1881/136/1685 537/3691/479
f 1056/3695/957 3069/3700/2767 4192/133/3778 3066/3690/2764
f 3069/3700/2767 362/3699/324 1162/134/1049 4192/133/3778
f 3070/3702/2768 4193/129/3779 1880/132/1684 536/3703/478
f 1057/3707/958 3073/3712/2771 4193/129/3779 3070/3702/2768
f 3073/3712/2771 391/3711/350 1191/130/1073 4193/129/3779
f 3074/3714/2772 4194/125/3780 1781/128/1599 437/3715/390
f 1058/3719/959 3077/3724/2775 4194/125/3780 3074/3714/2772
f 3077/3724/2775 390/3723/349 1190/126/1072 4194/125/3780
f 3078/3726/2776 4195/121/3781 1877/124/1681 533/3727/475
f 1059/3731/960 3081/3736/2779 4195/121/3781 3078/3726/2776
f 3081/3736/2779 363/3735/325 1163/122/1050 4195/121/3781
f 3082/3738/2 4196/117/2 1876/120/2 532/3739/2
f 1060/3743/2 3085/3748/2 4196/117/2 3082/3738/2
f 3085/3748/2 387/3747/2 1187/118/2 4196/117/2
f 3086/3750/2780 4197/113/3782 1812/116/1629 468/3751/420
f 1061/3755/961 3089/3760/2783 4197/113/3782 3086/3750/2780
f 3089/3760/2783 386/3759/347 1186/114/1071 4197/113/3782
f 3090/3762/2784 4198/109/3783 1873/112/1679 529/3763/473
f 1062/3767/962 3093/3772/2787 4198/109/3783 3090/3762/2784
f 3093/3772/2787 350/3771/313 1150/110/1038 4198/109/3783
f 3094/3774/2788 4199/105/3784 1872/108/1678 528/3775/472
f 1063/3779/963 3097/3784/2791 4199/105/3784 3094/3774/2788
f 3097/3784/2791 383/3783/344 1183/106/1068 4199/105/3784
f 3098/3786/2792 4200/101/3785 1813/104/1630 469/3787/421
f 1064/3791/964 3101/3796/2795 4200/101/3785 3098/3786/2792
f 3101/3796/2795 382/3795/343 1182/102/1067 4200/101/3785
f 3102/3798/2796 4201/97/3786 1869/100/1675 525/3799/469
f 1065/3803/965 3105/3808/2799 4201/97/3786 3102/3798/2796
f 3105/3808/2799 366/3807/328 1166/98/1053 4201/97/3786
f 3106/3810/2800 4202/93/3787 1868/96/1674 524/3811/468
f 1066/3815/966 3109/3820/2803 4202/93/3787 3106/3810/2800
f 3109/3820/2803 379/3819/340 1179/94/1064 4202/93/3787
f 3110/3822/2804 4203/89/3788 1785/92/1602 441/3823/393
f 1067/3827/967 3113/3832/2807 4203/89/3788 3110/3822/2804
f 3113/3832/2807 378/3831/339 1178/90/1063 4203/89/3788
f 3114/3834/2808 4204/85/3789 1865/88/1671 521/3835/465
f 1068/3839/968 3117/3844/2811 4204/85/3789 3114/3834/2808
f 3117/3844/2811 367/3843/329 1167/86/1054 4204/85/3789
f 3118/3846/2812 4205/81/3790 1864/84/1670 520/3847/464
f 1069/3851/969 3121/3856/2815 4205/81/3790 3118/3846/2812
f 3121/3856/2815 375/3855/336 1175/82/1060 4205/81/3790
f 3122/3858/2816 4206/77/3791 1816/80/1633 472/3859/424
f 1070/3863/970 3125/3868/2819 4206/77/3791 3122/3858/2816
f 3125/3868/2819 374/3867/335 1174/78/1059 4206/77/3791
f 3126/3870/2 4207/73/2 1861/76/2 517/3871/2
f 1071/3875/2 3129/3880/2 4207/73/2 3126/3870/2
f 3129/3880/2 344/3879/2 1144/74/2 4207/73/2
f 3130/3882/2820 4208/69/2823 1860/72/333 516/3883/461
f 1072/3887/971 3133/3892/2823 4208/69/2823 3130/3882/2820
f 3133/3892/2823 371/3891/333 1171/70/2 4208/69/2823
f 3134/3894/2824 4209/65/3792 1817/68/580 473/3895/333
f 1073/3899/972 3137/3904/2827 4209/65/3792 3134/3894/2824
f 3137/3904/2827 370/3903/332 1170/66/1057 4209/65/3792
f 3138/3906/2828 4210/61/3793 1857/64/1667 513/3907/458
f 1074/3911/973 3141/3916/2831 4210/61/3793 3138/3906/2828
f 3141/3916/2831 304/3915/270 1104/62/996 4210/61/3793
f 3142/3918/2832 4211/57/3794 1856/60/1666 512/3919/457
f 1075/3923/974 3145/3928/2835 4211/57/3794 3142/3918/2832
f 3145/3928/2835 327/3927/292 1127/58/1019 4211/57/3794
f 3146/3930/2836 4212/53/3795 1825/56/1641 481/3931/432
f 1076/3935/975 3149/3940/2839 4212/53/3795 3146/3930/2836
f 3149/3940/2839 326/3939/291 1126/54/1018 4212/53/3795
f 3150/3942/2840 4213/49/3796 1853/52/1663 509/3943/454
f 1077/3947/976 3153/3952/2843 4213/49/3796 3150/3942/2840
f 3153/3952/2843 310/3951/275 1110/50/1002 4213/49/3796
f 3154/3954/2844 4214/45/3797 1852/48/1662 508/3955/453
f 1078/3959/977 3157/3964/2847 4214/45/3797 3154/3954/2844
f 3157/3964/2847 323/3963/288 1123/46/1015 4214/45/3797
f 3158/3966/2848 4215/41/3798 1821/44/1637 477/3967/428
f 1079/3971/978 3161/3976/2851 4215/41/3798 3158/3966/2848
f 3161/3976/2851 322/3975/287 1122/42/1014 4215/41/3798
f 3162/3978/2852 4216/37/3799 1849/40/1659 505/3979/450
f 1080/3983/979 3165/3988/2855 4216/37/3799 3162/3978/2852
f 3165/3988/2855 311/3987/276 1111/38/1003 4216/37/3799
f 3166/3990/2856 4217/33/3800 1848/36/1658 504/3991/449
f 1081/3995/980 3169/4000/2859 4217/33/3800 3166/3990/2856
f 3169/4000/2859 319/3999/284 1119/34/1011 4217/33/3800
f 3170/4002/2860 4218/29/3801 1828/32/1644 484/4003/435
f 1082/4007/981 3173/4012/2863 4218/29/3801 3170/4002/2860
f 3173/4012/2863 318/4011/283 1118/30/1010 4218/29/3801
f 3174/4014/2864 4219/25/3802 1845/28/1655 501/4015/446
f 1083/4019/982 3177/4024/2867 4219/25/3802 3174/4014/2864
f 3177/4024/2867 308/4023/273 1108/26/1000 4219/25/3802
f 3178/4026/2868 4220/21/3803 1844/24/1654 500/4027/445
f 1084/4031/983 3181/4036/2871 4220/21/3803 3178/4026/2868
f 3181/4036/2871 315/4035/280 1115/22/1007 4220/21/3803
f 3182/4038/2872 4221/17/3804 1829/20/1645 485/4039/436
f 1085/4043/984 3185/4048/2875 4221/17/3804 3182/4038/2872
f 3185/4048/2875 314/4047/279 1114/18/1006 4221/17/3804
f 3186/4050/2 4222/13/2 1841/16/2 497/4051/2
f 1086/4055/2 3189/4060/2 4222/13/2 3186/4050/2
f 3189/4060/2 296/4059/2 1096/14/2 4222/13/2
f 3190/4062/2876 4223/9/3805 1840/12/1651 496/4063/442
f 1087/4067/985 3193/4072/2879 4223/9/3805 3190/4062/2876
f 3193/4072/2879 299/4071/265 1099/10/991 4223/9/3805
f 3194/4074/2880 4224/5/3806 1833/8/1647 489/4075/438
f 1088/4079/986 3197/4084/2883 4224/5/3806 3194/4074/2880
f 3197/4084/2883 298/4083/264 1098/6/990 4224/5/3806
f 3198/4086/2 4225/1/2 1837/4/2 493/4087/2
f 1089/4091/2 3201/4096/2 4225/1/2 3198/4086/2
f 3201/4096/2 292/4095/2 1092/2/2 4225/1/2
